"Trends","Search volume","Started","Ended","Trend breakdown","Explore link"
"world space week 2026","500K+","October 6, 2026 at 1:00:00 PM UTC",,"world space week 2026,world space week 2026 theme,world space week","https://trends.google.com/trends/explore?q=world%20space%20week%202026&geo=US&hl=en-US"
"hurricane isaias","1M+","October 6, 2026 at 8:40:00 PM UTC",,"hurricane isaias,hurricane tracker,hurricane,hurricane in the gulf,national hurricane center,isaias hurricane,tropical storm isaias,isaias,hurricane florida,hurricane watch,tropical storm,nhc,hurricane isaias 2026,florida hurricane,noaa hurricane center,tropical storm florida,tropical storm hurricane isaias,hurricane isaias 2026 path,hurricane warning,tropical storm watch,tropical storm in gulf,hurricane center,storm surge warning,hurricane isaias path,okaloosa county,storm in the gulf,louisiana,isaias hurricane path,hurricane isaias track,tropical storm isaias 2026,is there a hurricane coming to florida,hurricane path,hurricane update,storm tracker,tropical storm isaias forecast,tropical storm isaias hurricane tracker,storm surge watch,new orleans weather,spaghetti models,noaa hurricane tracker,tampa weather,landfall,pensacola,isaias spaghetti models,state of emergency,isaias path,hurricane isais,tampa,where is hurricane isaias going to hit,tropical update,hurricane track,bay news 9,tropical storm warning,nashville weather,hurricane season,latest hurricane update,atlanta weather,gulf hurricane,pensacola hurricane,how to pronounce isaias,hurricane isaias tropical storm,weather tampa,what category is hurricane isaias,nhc hurricane,braces,pensacola weather,tropical depression 9,hurricane isaias spaghetti models,hurricane in gulf,hurricane isaiah,hurricane isias,gulf coast tropical storm forecast,florida weather,florida state of emergency,miami weather,isaias storm,when is hurricane season,state of emergency florida,gulf coast hurricane,weather atlanta,tropical depression,tropical cyclone,okaloosa county evacuation zones,tropical depression nine,escambia county,storm surge,new orleans,gulf storm,atlantic hurricane,tallahassee weather","https://trends.google.com/trends/explore?q=hurricane%20isaias&geo=US&hl=en-US"
"braves vs dodgers","1M+","October 3, 2026 at 5:00:00 PM UTC",,"braves vs dodgers,dodgers vs braves,nlcs,nlcs schedule,mlb brackets,world series,mlb playoff bracket,dodgers,mlb playoffs bracket,dodgers - braves,dodgers braves,andy pages,dodgers game today,la dodgers,mlb bracket,dodgers score,dodger game today,dodgers next game,los angeles dodgers,dodgers vs atlanta braves match player stats,braves,dodger,dodgers vs atlanta braves,mlb postseason bracket,braves dodgers,atlanta braves vs dodgers,braves score,dodgers tickets,mauricio dubon,dodgers games,next dodger game,atlanta braves score,dodgers win,when is the world series,did the dodgers win today,dodgers nlcs,pages dodgers,braves baseball","https://trends.google.com/trends/explore?q=braves%20vs%20dodgers&geo=US&hl=en-US"
"yankees vs rays","1M+","October 3, 2026 at 9:30:00 PM UTC",,"yankees vs rays,rays vs yankees,tampa bay rays,rays - yankees,rays,yankees fan interference,yankees game,yankees,anthony volpe,alcs,jeffrey maier,victor mesa jr.,victor mesa jr,did the yankees win last night,junior caminero,yankees rays,yankee fan interference,fan interference yankees,alds,yankees game yesterday,ny yankees,new york yankees,did the yankees win,yankee score,yankees game today,nyy,ny yankees score,rays game,did yankees win last night,yankee game today,yankees score,yankee,klystron 9,yankee game,rays score,rays yankees,yankees news,fan interference,volpe fan interference,max fried,tb rays,tampa bay rays vs new york yankees match player stats,yankees game last night,fan interference baseball,did yankees win,david ortiz,tampa bay,victor mesa,mlb.,yankees vs,volpe yankees,yankees score today,tampa bay rays vs new york yankees,tampa rays,paul blackburn,where to watch tampa bay rays vs new york yankees,new york yankees vs tampa bay rays timeline,new york yankees vs tampa bay rays,yankees vs rays game 3,mesa jr,did the yankees win today,mesa jr rays,rays baseball,spectator interference baseball,tampa bay rays yankees game,jeffrey maier yankees,mlb score","https://trends.google.com/trends/explore?q=yankees%20vs%20rays&geo=US&hl=en-US"
"susan dell","100K+","October 7, 2026 at 5:10:00 PM UTC",,"susan dell,michael dell wife,dell wife,who is susan dell","https://trends.google.com/trends/explore?q=susan%20dell&geo=US&hl=en-US"
"russian plague","1M+","October 4, 2026 at 9:20:00 PM UTC",,"russian plague,russia plague,pneumonic plague,plague,russian plague outbreak bubonic plague,plague outbreak russia,russian plague outbreak,pneumonic plague russia,russia pneumonic plague,bubonic plague,plague in russia 2026,plague in russia,russia plague outbreak,plague russia,irkutsk plague,russia,death,russian plague death,yersinia pestis,united states,pneumonic plague symptoms","https://trends.google.com/trends/explore?q=russian%20plague&geo=US&hl=en-US"
"why did i get $90 from social security","500K+","October 6, 2026 at 9:10:00 AM UTC",,"why did i get $90 from social security,why did i receive $90 from social security,social security 90 dollar payment,medicare,$90 medicare payment,donald trump medicare payment,trump administration senior medicare help,why am i getting $90 from social security,trump medicare rebate for seniors,midterm elections","https://trends.google.com/trends/explore?q=why%20did%20i%20get%20%2490%20from%20social%20security&geo=US&hl=en-US"
"freddie jackson","500K+","October 6, 2026 at 3:30:00 PM UTC",,"freddie jackson,freddy jackson,did freddie jackson pass away?,freddie jackson songs,is freddie jackson still alive?,you are my lady,freddie jackson passing age 70,freddie jackson dead,who sang you are my lady,did freddie jackson die,you are my lady freddie jackson,freddie jackson passed away,freddie jackson died,freddie jackson soul music legacy,who sings you are my lady,freddie jackson death","https://trends.google.com/trends/explore?q=freddie%20jackson&geo=US&hl=en-US"
"brewers vs padres","500K+","October 7, 2026 at 12:40:00 AM UTC",,"brewers vs padres,brewers,brewers score,brewers game,milwaukee brewers,did the brewers win last night,milwaukee brewers vs padres,padres,brewers padres,brewer game,garrett mitchell,brewers vs dodgers,padres game,padres game today,did the brewers win,san diego padres,brewers score yesterday,mlb postseason,brewers dodgers,brewer score,did brewers win last night,brewers score last night,sd padres,manny machado,aaron ashby,dodgers game,padres brewers,brewers score today,padres vs,padre game,nlds,are the padres out of the playoffs,padres vs milwaukee brewers,milwaukee,megill brewers,padres.,dodgers brewers,padre,pat murphy brewers,abner uribe,sd padres score today,brewer game today,ashby brewers,padre game today,tatis,milwaukee brewers score,uribe brewers,san diego vs milwaukee,fernando tatis,contreras brewers,did padres win today,milwaukee brewers score today,padres game tonight","https://trends.google.com/trends/explore?q=brewers%20vs%20padres&geo=US&hl=en-US"
"nana patekar","100K+","October 8, 2026 at 2:00:00 AM UTC",,"nana patekar,nana patekar news,nana patekar wife,nana patekar death reason,nanapatekar,nana patekar death,nana patekar movies,nana patekar age","https://trends.google.com/trends/explore?q=nana%20patekar&geo=US&hl=en-US"
"amazon prime days","1M+","October 4, 2026 at 12:50:00 PM UTC",,"amazon prime days,prime day,prime day 2026,amazon prime,is prime day over,when is prime day,prime day october 2026,amazon,best prime day deals,amazon prime day 2026,owala,amazon prime deals prime day,when does prime day start,what time does prime day start,prime days,prime big deal days 2026,asics,prime,best,what time does amazon prime day start,kitchen,amazon video,amazon.com,amazon prime day","https://trends.google.com/trends/explore?q=amazon%20prime%20days&geo=US&hl=en-US"
"nba","500K+","October 3, 2026 at 3:50:00 PM UTC",,"nba,timberwolves,pacers,tyrese haliburton,timberwolves vs pacers,pacers vs timberwolves,minnesota timberwolves,indiana pacers,pacers game,wolves vs pacers,mn timberwolves,timberwolves vs pacers where to watch,pacers schedule","https://trends.google.com/trends/explore?q=nba&geo=US&hl=en-US"
"argentina vs benin","1M+","October 5, 2026 at 7:20:00 PM UTC",,"argentina vs benin,messi,argentina,argentina - benín,argentina vs,messi last game,argentina fc,argentina national football team,lionel messi,benin,did messi retire,argentina game,argentina soccer,argentina vs benin where to watch,argentina game today,where to watch argentina vs benin,is messi retiring,messi last game for argentina,argentina benin,argentina vs. benín,argentina national football team vs benin national football team lineups,benin vs argentina,leo messi,argentina match,benin national football team,argentina national football team vs benin national football team,messi game,argentina vs benin how to watch,argentina football,argentina fc matches,argentina score,arg vs benin,international friendlies,nicolás otamendi,when is messi's last game,argentina world cup,argentina vs benin live,argentina national football team vs benin national football team stats,messi retiring,argentina fc vs benin,where to watch argentina game,otamendi,argentina soccer game,argentina vs benin streaming,argentina vs benin time,where to watch argentina game today,messi game today,where can i watch messi farewell match,argentina national team,where can i watch the argentina game today,argentina vs benin score,argentina national football team vs benin national football team timeline,argentina v benin,how to watch messi's last game,messis last game,where can i watch argentina game today,watch argentina vs benin,where to watch argentina national football team vs benin national football team,where to watch messi last match,what time does argentina play today,argentina game where to watch,what time is argentina playing today","https://trends.google.com/trends/explore?q=argentina%20vs%20benin&geo=US&hl=en-US"
"trump accounts","100K+","October 7, 2026 at 5:00:00 PM UTC",,"trump accounts,trump account for kids,michael dell,trump accounts for kids,dell ceo wife,trump account,what is a trump account,trump account eligibility,michael dells wife,brad gerstner,michael and susan dell,department of treasury","https://trends.google.com/trends/explore?q=trump%20accounts&geo=US&hl=en-US"
"mia goth","50K+","October 7, 2026 at 4:50:00 PM UTC",,"mia goth,shia labeouf,shia labeouf mia goth split","https://trends.google.com/trends/explore?q=mia%20goth&geo=US&hl=en-US"
"eva marie saint","100K+","October 6, 2026 at 9:10:00 PM UTC",,"eva marie saint,eva marie saint passing,north by northwest,on the waterfront,eva saint marie","https://trends.google.com/trends/explore?q=eva%20marie%20saint&geo=US&hl=en-US"
"guardians vs white sox","1M+","October 7, 2026 at 7:10:00 PM UTC",,"guardians vs white sox,white sox,white sox game,chicago white sox,sox game,white sox game today,sox,white sox vs guardians,guardians - white sox,whitesox,munetaka murakami,guardians,cleveland guardians,white sox schedule,cleveland guardians vs white sox match player stats,guardians game,guardians game today,white sox score,guardians score,white sox - guardians,davis martin,sean burke,cleveland guardians vs white sox,hunter gaddis,david sandlin,guardians schedule,anthony kay,sox vs guardians,sox game today,white sox game tomorrow,white sox vs guardians prediction,parker messick,randal grichuk,did the white sox win today,white sox manager,sox score,white sox vs cleveland guardians match player stats,murakami,murakami baseball","https://trends.google.com/trends/explore?q=guardians%20vs%20white%20sox&geo=US&hl=en-US"
"flood watch","100K+","October 8, 2026 at 1:10:00 AM UTC",,"flood watch,weather orlando,orlando weather,nws,weather jacksonville fl,jacksonville weather","https://trends.google.com/trends/explore?q=flood%20watch&geo=US&hl=en-US"
"travis kelce birthday chiefs win","50K+","October 7, 2026 at 6:00:00 PM UTC",,"travis kelce birthday chiefs win,travis kelce,taylor swift travis kelce nyc dinner","https://trends.google.com/trends/explore?q=travis%20kelce%20birthday%20chiefs%20win&geo=US&hl=en-US"
"airport","50K+","October 7, 2026 at 11:20:00 PM UTC",,"airport","https://trends.google.com/trends/explore?q=airport&geo=US&hl=en-US"
"lane johnson","200K+","October 6, 2026 at 7:50:00 PM UTC",,"lane johnson,stephen a smith,stephen a smith lane johnson,willie lampkin,retirement,lane johnson news,why did lane johnson retire,lane johnson injury,lane johnson personal matter,did lane johnson retire,lane johnson retirement,lane johnson parents,lane johnson retire,eagles news,lane johnson wife,did lane johnson retire today,markel bell,lane.johnson,eagles standings,lane johnson kids,lane johnson mental health","https://trends.google.com/trends/explore?q=lane%20johnson&geo=US&hl=en-US"
"carrie tv show","100K+","October 7, 2026 at 6:50:00 AM UTC",,"carrie tv show,carrie 2026,mike flanagan,carrie cast 2026,carrie tv show cast,carrie 2026 cast","https://trends.google.com/trends/explore?q=carrie%20tv%20show&geo=US&hl=en-US"
"cam jurgens","100K+","October 7, 2026 at 4:50:00 PM UTC",,"cam jurgens,cam jurgens trade,eagles trade,cam jurgens contract,eagles news,cam.jurgens,drew kendall,jurgens,eagles center,cam jurgens traded,jurgens eagles,ravens trade,eagles offensive line,ravens center,cam jurgens injury,eagles trades,howie roseman,is cam jurgens good","https://trends.google.com/trends/explore?q=cam%20jurgens&geo=US&hl=en-US"
"heather thompson day","20K+","October 7, 2026 at 4:30:00 PM UTC",,"heather thompson day","https://trends.google.com/trends/explore?q=heather%20thompson%20day&geo=US&hl=en-US"
"olive garden closing","200K+","October 6, 2026 at 11:10:00 PM UTC",,"olive garden closing,olive garden closure","https://trends.google.com/trends/explore?q=olive%20garden%20closing&geo=US&hl=en-US"
"aces vs valkyries","200K+","October 8, 2026 at 12:50:00 AM UTC",,"aces vs valkyries,valkyries vs aces,tiffany hayes,valkyries,valkyries game,las vegas aces,aces vs valkyries where to watch,golden state valkyries,aces,kiah stokes,gabby williams,las vegas aces vs golden state valkyries match player stats,aces wnba,veronica burton,kayla thornton,lva vs gsv,las vegas aces vs golden state valkyries timeline,lv aces,kaitlyn chen,golden state valkyries vs las vegas aces timeline,aces game,stephanie talbot,chelsea gray,becky hammon,wnba games today,golden state valkyries vs las vegas aces match player stats,where to watch las vegas aces vs golden state valkyries,where to watch golden state valkyries vs las vegas aces,dana evans,las vegas aces vs golden state valkyries,aminata gueye,golden state valkyries vs las vegas aces,vegas aces","https://trends.google.com/trends/explore?q=aces%20vs%20valkyries&geo=US&hl=en-US"
"chet hanks","50K+","October 6, 2026 at 8:20:00 PM UTC",,"chet hanks,chet hanks eric andre,eric andre,chet hanks eric andre beef,tom hanks,eric andre chet hanks,who is chet hanks","https://trends.google.com/trends/explore?q=chet%20hanks&geo=US&hl=en-US"
"nidal hasan","100K+","October 6, 2026 at 12:20:00 AM UTC",,"nidal hasan,fort hood shooting,shooting,nidal malik hasan,fort hood,firing squad execution,hasan nidal,firing squad,fort hood shooter","https://trends.google.com/trends/explore?q=nidal%20hasan&geo=US&hl=en-US"
"mark mortimer","50K+","October 5, 2026 at 8:40:00 PM UTC",,"mark mortimer","https://trends.google.com/trends/explore?q=mark%20mortimer&geo=US&hl=en-US"
"jennifer coffindaffer","50K+","October 7, 2026 at 5:50:00 PM UTC",,"jennifer coffindaffer","https://trends.google.com/trends/explore?q=jennifer%20coffindaffer&geo=US&hl=en-US"
"ted lasso season 5","100K+","October 7, 2026 at 1:50:00 AM UTC",,"ted lasso season 5,ted lasso season finale season 4,will there be a season 5 of ted lasso,how did ted lasso dad die,ted lasso season 4 finale recap,will there be another season of ted lasso,is ted lasso renewed for season 5,how many episodes in ted lasso season 4,season 5 ted lasso,jason sudeikis,ted lasso season 4 finale,how many episodes of ted lasso season 4,is there going to be a season 5 of ted lasso,is ted lasso over","https://trends.google.com/trends/explore?q=ted%20lasso%20season%205&geo=US&hl=en-US"
"noaa hurricane","50K+","October 6, 2026 at 10:10:00 AM UTC",,"noaa hurricane","https://trends.google.com/trends/explore?q=noaa%20hurricane&geo=US&hl=en-US"
"kimberly guilfoyle","20K+","October 7, 2026 at 9:20:00 PM UTC",,"kimberly guilfoyle,guilfoyle,eric deters","https://trends.google.com/trends/explore?q=kimberly%20guilfoyle&geo=US&hl=en-US"
"abby zwerner","20K+","October 7, 2026 at 2:50:00 PM UTC",,"abby zwerner,6 year old shoots teacher,6 year old shot teacher,richneck elementary school shooting,richneck elementary,richneck elementary school,6 year old shoots teacher richneck elementary,6 year old shoots school teacher","https://trends.google.com/trends/explore?q=abby%20zwerner&geo=US&hl=en-US"
"publix sales slump store closures","50K+","October 7, 2026 at 10:20:00 PM UTC",,"publix sales slump store closures,publix store closures,publix store closures 2026,publix","https://trends.google.com/trends/explore?q=publix%20sales%20slump%20store%20closures&geo=US&hl=en-US"
"republican party","20K+","October 7, 2026 at 5:10:00 PM UTC",,"republican party","https://trends.google.com/trends/explore?q=republican%20party&geo=US&hl=en-US"
"mall of america","20K+","October 7, 2026 at 5:20:00 PM UTC",,"mall of america,sheikhdoon abdullahi mohamud","https://trends.google.com/trends/explore?q=mall%20of%20america&geo=US&hl=en-US"
"megan fox","50K+","October 7, 2026 at 2:50:00 AM UTC",,"megan fox,megan fox 2026","https://trends.google.com/trends/explore?q=megan%20fox&geo=US&hl=en-US"
"margaret hamilton","10K+","October 7, 2026 at 11:20:00 PM UTC",,"margaret hamilton,margaret hamilton nasa","https://trends.google.com/trends/explore?q=margaret%20hamilton&geo=US&hl=en-US"
"bernadette greene-placentia","10K+","October 7, 2026 at 7:20:00 PM UTC",,"bernadette greene-placentia,bernadette greene placentia","https://trends.google.com/trends/explore?q=bernadette%20greene-placentia&geo=US&hl=en-US"
"megyn kelly","10K+","October 7, 2026 at 2:20:00 AM UTC",,"megyn kelly","https://trends.google.com/trends/explore?q=megyn%20kelly&geo=US&hl=en-US"
"mlb playoffs","100K+","October 8, 2026 at 1:10:00 AM UTC",,"mlb playoffs,baseball playoff bracket,sports scores today,padres game,guardians score,dodger score,nyy score,playoffs mlb,world series schedule,brewer score,baseball bracket,brewers score yesterday,brewer game today,brewers score last night","https://trends.google.com/trends/explore?q=mlb%20playoffs&geo=US&hl=en-US"
"penguins vs capitals","50K+","October 7, 2026 at 10:40:00 PM UTC",,"penguins vs capitals,nhl standings,capitals,washington capitals,alex ovechkin,sidney crosby,ovechkin,alexander ovechkin,tom wilson","https://trends.google.com/trends/explore?q=penguins%20vs%20capitals&geo=US&hl=en-US"
"ps5 pro","50K+","October 6, 2026 at 3:50:00 AM UTC",,"ps5 pro","https://trends.google.com/trends/explore?q=ps5%20pro&geo=US&hl=en-US"
"megan fox now","20K+","October 7, 2026 at 2:50:00 AM UTC",,"megan fox now","https://trends.google.com/trends/explore?q=megan%20fox%20now&geo=US&hl=en-US"
"andrew tate","20K+","October 6, 2026 at 6:30:00 PM UTC",,"andrew tate,who is andrew tate","https://trends.google.com/trends/explore?q=andrew%20tate&geo=US&hl=en-US"
"aurora borealis","20K+","October 7, 2026 at 8:20:00 AM UTC",,"aurora borealis,solar flare","https://trends.google.com/trends/explore?q=aurora%20borealis&geo=US&hl=en-US"
"jamaal howard","10K+","October 7, 2026 at 10:20:00 PM UTC",,"jamaal howard,vickie swartout,jamaal howard execution","https://trends.google.com/trends/explore?q=jamaal%20howard&geo=US&hl=en-US"
"jeanne tripplehorn","100K+","October 6, 2026 at 11:50:00 AM UTC",,"jeanne tripplehorn,kathleen turner,kathleen turner and michael douglas,michael douglas,kathleen turner response michael douglas,michael douglas kathleen turner romance,basic instinct","https://trends.google.com/trends/explore?q=jeanne%20tripplehorn&geo=US&hl=en-US"
"tormenta","50K+","October 7, 2026 at 1:30:00 PM UTC",,"tormenta,estado de emergencia,tormenta tropical,cibercuba","https://trends.google.com/trends/explore?q=tormenta&geo=US&hl=en-US"
"nlcs schedule 2026","20K+","October 8, 2026 at 12:50:00 AM UTC",,"nlcs schedule 2026,world series 2026,brewers schedule,dodgers vs brewers,world series bracket,when do the brewers play next,alcs schedule,brewers game yesterday,alcs schedule 2026,mlb bracket 2026,brewers next game,dodgers schedule,who do the brewers play next,brewers highlights,who do the dodgers play next,nlcs game 1,dodgers vs brewers 2026,brewers vs dodgers 2026,dodgers vs,dodgers score today,who will the dodgers play next,have the brewers won a world series,what is nlcs in baseball,mlb playoff bracket 2026","https://trends.google.com/trends/explore?q=nlcs%20schedule%202026&geo=US&hl=en-US"
"costco lemon cream caramelized croissant","20K+","October 7, 2026 at 10:00:00 PM UTC",,"costco lemon cream caramelized croissant","https://trends.google.com/trends/explore?q=costco%20lemon%20cream%20caramelized%20croissant&geo=US&hl=en-US"
"dana altman","10K+","October 7, 2026 at 4:50:00 PM UTC",,"dana altman,tony stubblefield,oregon basketball","https://trends.google.com/trends/explore?q=dana%20altman&geo=US&hl=en-US"
"hurricane rachel","20K+","October 7, 2026 at 7:00:00 PM UTC",,"hurricane rachel,hurricane rachel path,southern california,weather san diego,las vegas weather","https://trends.google.com/trends/explore?q=hurricane%20rachel&geo=US&hl=en-US"
"anne carson","2K+","October 8, 2026 at 11:00:00 AM UTC",,"anne carson,nobel prize literature,new","https://trends.google.com/trends/explore?q=anne%20carson&geo=US&hl=en-US"
"nba scores","100K+","October 5, 2026 at 11:30:00 PM UTC",,"nba scores,nba preseason,lakers vs warriors,warriors,golden state warriors,warriors vs lakers,warriors game,nba preseason games,lakers game","https://trends.google.com/trends/explore?q=nba%20scores&geo=US&hl=en-US"
"october 7","20K+","October 7, 2026 at 3:20:00 AM UTC",,"october 7,what happened on october 7th","https://trends.google.com/trends/explore?q=october%207&geo=US&hl=en-US"
"tom delonge","20K+","October 7, 2026 at 3:10:00 AM UTC",,"tom delonge,padre","https://trends.google.com/trends/explore?q=tom%20delonge&geo=US&hl=en-US"
"mamdani","10K+","October 7, 2026 at 4:00:00 PM UTC",,"mamdani,october 7th,october 7th attack","https://trends.google.com/trends/explore?q=mamdani&geo=US&hl=en-US"
"joe manganiello","10K+","October 7, 2026 at 4:40:00 PM UTC",,"joe manganiello,sofia vergara","https://trends.google.com/trends/explore?q=joe%20manganiello&geo=US&hl=en-US"
"aaron boone","5K+","October 8, 2026 at 1:50:00 AM UTC",,"aaron boone,brian cashman","https://trends.google.com/trends/explore?q=aaron%20boone&geo=US&hl=en-US"
"piero","10K+","October 7, 2026 at 8:10:00 PM UTC",,"piero","https://trends.google.com/trends/explore?q=piero&geo=US&hl=en-US"
"sam beal","10K+","October 7, 2026 at 2:00:00 AM UTC",,"sam beal","https://trends.google.com/trends/explore?q=sam%20beal&geo=US&hl=en-US"
"rodney hinton jr","10K+","October 6, 2026 at 10:50:00 PM UTC",,"rodney hinton jr,rodney hinton","https://trends.google.com/trends/explore?q=rodney%20hinton%20jr&geo=US&hl=en-US"
"michael douglas catherine zeta-jones relationship","50K+","October 7, 2026 at 6:10:00 PM UTC",,"michael douglas catherine zeta-jones relationship,michael douglas,catherine zeta jones,how old is michael douglas,catherine zeta jones michael douglas meeting,michael douglas catherine zeta jones relationship,michael douglas age,michael douglas and catherine zeta-jones,aol login","https://trends.google.com/trends/explore?q=michael%20douglas%20catherine%20zeta-jones%20relationship&geo=US&hl=en-US"
"paquita la del barrio","5K+","October 7, 2026 at 9:50:00 PM UTC",,"paquita la del barrio,martha elena martínez viveros","https://trends.google.com/trends/explore?q=paquita%20la%20del%20barrio&geo=US&hl=en-US"
"noaa","20K+","October 7, 2026 at 10:00:00 AM UTC",,"noaa","https://trends.google.com/trends/explore?q=noaa&geo=US&hl=en-US"
"red dye diesel","20K+","October 6, 2026 at 1:50:00 AM UTC",,"red dye diesel,fuel industry warning red dye diesel,what is red dye diesel,tax,red dyed diesel,off road diesel,red diesel","https://trends.google.com/trends/explore?q=red%20dye%20diesel&geo=US&hl=en-US"
"kennesaw state football","20K+","October 7, 2026 at 10:40:00 PM UTC",,"kennesaw state football,jax state vs kennesaw st,jacksonville state football,jacksonville state vs kennesaw state","https://trends.google.com/trends/explore?q=kennesaw%20state%20football&geo=US&hl=en-US"
"the orange plague","10K+","October 7, 2026 at 11:00:00 AM UTC",,"the orange plague,orange plague statue,trump statue european parliament,orange plague","https://trends.google.com/trends/explore?q=the%20orange%20plague&geo=US&hl=en-US"
"marcello hernandez","50K+","October 6, 2026 at 10:50:00 AM UTC",,"marcello hernandez,sebastian maniscalco,sebastian maniscalco siriusxm,sirius xm comedy sebastian maniscalco","https://trends.google.com/trends/explore?q=marcello%20hernandez&geo=US&hl=en-US"
"fiu football","20K+","October 7, 2026 at 8:10:00 PM UTC",,"fiu football,nm state vs fiu,new mexico state football,florida international football,new mexico state vs fiu prediction","https://trends.google.com/trends/explore?q=fiu%20football&geo=US&hl=en-US"
"karl bushby","10K+","October 7, 2026 at 1:20:00 AM UTC",,"karl bushby","https://trends.google.com/trends/explore?q=karl%20bushby&geo=US&hl=en-US"
"minka kelly","5K+","October 7, 2026 at 9:20:00 PM UTC",,"minka kelly","https://trends.google.com/trends/explore?q=minka%20kelly&geo=US&hl=en-US"
"aday mara","10K+","October 8, 2026 at 1:10:00 AM UTC",,"aday mara","https://trends.google.com/trends/explore?q=aday%20mara&geo=US&hl=en-US"
"bullock farms","5K+","October 7, 2026 at 10:40:00 PM UTC",,"bullock farms","https://trends.google.com/trends/explore?q=bullock%20farms&geo=US&hl=en-US"
"shakia vanderbilt","5K+","October 8, 2026 at 12:50:00 AM UTC",,"shakia vanderbilt","https://trends.google.com/trends/explore?q=shakia%20vanderbilt&geo=US&hl=en-US"
"alabama vs georgia","50K+","October 6, 2026 at 5:10:00 PM UTC",,"alabama vs georgia,alabama georgia game,georgia alabama game,georgia vs alabama,tuscaloosa weather,alabama georgia football weather updates,georgia football,pick 3","https://trends.google.com/trends/explore?q=alabama%20vs%20georgia&geo=US&hl=en-US"
"shanghai open","5K+","October 7, 2026 at 8:00:00 AM UTC",,"shanghai open,shanghai masters","https://trends.google.com/trends/explore?q=shanghai%20open&geo=US&hl=en-US"
"bulls","20K+","October 7, 2026 at 11:20:00 PM UTC",,"bulls,chicago bulls,tobe awaka,suns,bulls game,phoenix suns,devin booker","https://trends.google.com/trends/explore?q=bulls&geo=US&hl=en-US"
"anyps5","5K+","October 7, 2026 at 8:00:00 PM UTC",,"anyps5","https://trends.google.com/trends/explore?q=anyps5&geo=US&hl=en-US"
"congressional report us aircraft damage","5K+","October 8, 2026 at 10:00:00 AM UTC",,"congressional report us aircraft damage,aircraft","https://trends.google.com/trends/explore?q=congressional%20report%20us%20aircraft%20damage&geo=US&hl=en-US"
"dalen terry","5K+","October 8, 2026 at 2:40:00 AM UTC",,"dalen terry","https://trends.google.com/trends/explore?q=dalen%20terry&geo=US&hl=en-US"
"mexico vs chile","500K+","October 5, 2026 at 10:10:00 PM UTC","October 8, 2026 at 3:50:00 AM UTC","mexico vs chile,méxico - chile,chile vs mexico,mexico chile,selección de fútbol de méxico,méxico vs. chile,méxico vs chile,dagoberto espinoza,cuando juega mexico,méxico vs","https://trends.google.com/trends/explore?q=mexico%20vs%20chile&geo=US&hl=en-US"
"military strike","20K+","October 8, 2026 at 12:20:00 AM UTC",,"military strike,strikes,aircraft carrier,uss theodore roosevelt deployment,third aircraft carrier,carrier strike group","https://trends.google.com/trends/explore?q=military%20strike&geo=US&hl=en-US"
"tony dungy nbc exit interview","10K+","October 7, 2026 at 5:30:00 PM UTC",,"tony dungy nbc exit interview","https://trends.google.com/trends/explore?q=tony%20dungy%20nbc%20exit%20interview&geo=US&hl=en-US"
"kourtney kardashian","10K+","October 7, 2026 at 2:00:00 PM UTC",,"kourtney kardashian","https://trends.google.com/trends/explore?q=kourtney%20kardashian&geo=US&hl=en-US"
"arc raiders update","10K+","October 7, 2026 at 7:20:00 PM UTC",,"arc raiders update,arc raiders,arc raiders update time","https://trends.google.com/trends/explore?q=arc%20raiders%20update&geo=US&hl=en-US"
"og anunoby","10K+","October 7, 2026 at 12:20:00 AM UTC",,"og anunoby","https://trends.google.com/trends/explore?q=og%20anunoby&geo=US&hl=en-US"
"chris gallant","5K+","October 7, 2026 at 10:50:00 AM UTC",,"chris gallant,chris gallant photos","https://trends.google.com/trends/explore?q=chris%20gallant&geo=US&hl=en-US"
"talarico","5K+","October 7, 2026 at 8:50:00 PM UTC",,"talarico,james talarico","https://trends.google.com/trends/explore?q=talarico&geo=US&hl=en-US"
"detención","1K+","October 8, 2026 at 9:50:00 AM UTC",,"detención","https://trends.google.com/trends/explore?q=detenci%C3%B3n&geo=US&hl=en-US"
"marvin harrison jr","5K+","October 8, 2026 at 12:40:00 AM UTC",,"marvin harrison jr,bleacher report,marvin harrison jr.","https://trends.google.com/trends/explore?q=marvin%20harrison%20jr&geo=US&hl=en-US"
"gypsy rose","2M+","October 2, 2026 at 1:30:00 AM UTC","October 8, 2026 at 5:30:00 AM UTC","gypsy rose,ken urker,gypsy rose blanchard,gypsy rose husband,gypsy rose fiance,gypsy-rose blanchard,ken urker dead,ken urker cause of death,did ken urker pass away,gypsy rose ken urker,is ken urker dead,did ken urker die,how did ken urker pass away,ken urker death,how did ken urker die,ken urker age,ken urker gypsy rose,is ken urker alive,who is gypsy rose,who is gypsy rose blanchard,gypsy rose baby daddy,gypsy rose ken,ken gypsy rose,tmz,ken urker died,gypsy rose fiance dead,gypsy rose blanchard husband,gypsy rose fiance ken,gypsy rose boyfriend ken,gypsy rose husband ken,is gypsy rose still with ken,tmz ken urker,gypsy rose blanchard fiance,is gypsys husband dead,how did gypsys husband die,gypsy,did ken urker really die","https://trends.google.com/trends/explore?q=gypsy%20rose&geo=US&hl=en-US"
"baseball playoffs","10K+","October 8, 2026 at 1:10:00 AM UTC",,"baseball playoffs,mlb lockout","https://trends.google.com/trends/explore?q=baseball%20playoffs&geo=US&hl=en-US"
"callum turner","10K+","October 8, 2026 at 12:50:00 AM UTC",,"callum turner,dua lipa,marlins man","https://trends.google.com/trends/explore?q=callum%20turner&geo=US&hl=en-US"
"needoh","20K+","October 7, 2026 at 10:50:00 AM UTC",,"needoh,aldi needoh,aldi halloween needoh","https://trends.google.com/trends/explore?q=needoh&geo=US&hl=en-US"
"falcons vs saints","2M+","October 5, 2026 at 4:00:00 AM UTC","October 7, 2026 at 12:10:00 PM UTC","falcons vs saints,saints vs falcons,saints,new orleans saints,atlanta falcons,saints game,monday night football tonight,falcons,brian robinson jr.,bijan robinson,tyler shough,falcons saints,atlanta falcons vs new orleans saints match player stats,saints falcons,monday night football,saints score,falcons game,what channel is monday night football on,mnf tonight,kellen moore,saints game today,brian robinson jr,kool aid mckinstry,falcons score,new orleans saints vs atlanta falcons match player stats,new orleans saints vs atlanta falcons,mnf,where to watch monday night football,saints qb,atlanta falcons vs new orleans saints,who plays monday night football,shough,new orleans,what channel is monday night football on tonight,where can i watch monday night football,kevin stefanski,how to watch monday night football,saints head coach,brian robinson,saints vs falcons score,drake london,falcons vs saints prediction,where to watch atlanta falcons vs new orleans saints,kool-aid mckinstry,koolaid mckinstry,where to watch new orleans saints vs atlanta falcons,monday night football streaming,how to watch monday night football tonight,cameron jordan,michael penix jr.,atlanta vs saints,nfl monday night football,monday night football where to watch,who's playing monday night football,what channel is the saints game on today,falcons - saints,barion brown,atl vs no,saints vs falcons predictions,where to watch saints vs falcons,mnf schedule 2026,watch monday night football,where to watch mnf,where to watch monday night football tonight,what channel is monday night football,saints quarterback,monday,saints depth chart,sling,who is playing monday night football,superdome,falcons vs saints 2026,where is monday night football,bijan,where to watch falcons game,is monday night football on abc","https://trends.google.com/trends/explore?q=falcons%20vs%20saints&geo=US&hl=en-US"
"saban documentary","10K+","October 6, 2026 at 11:50:00 PM UTC",,"saban documentary,nick saban documentary","https://trends.google.com/trends/explore?q=saban%20documentary&geo=US&hl=en-US"
"ja morant","5K+","October 8, 2026 at 2:10:00 AM UTC",,"ja morant","https://trends.google.com/trends/explore?q=ja%20morant&geo=US&hl=en-US"
"miles kelly","2K+","October 8, 2026 at 3:00:00 AM UTC",,"miles kelly","https://trends.google.com/trends/explore?q=miles%20kelly&geo=US&hl=en-US"
"roger clemens","2K+","October 8, 2026 at 12:40:00 AM UTC",,"roger clemens","https://trends.google.com/trends/explore?q=roger%20clemens&geo=US&hl=en-US"
"top us convenience store chains","2K+","October 8, 2026 at 9:30:00 AM UTC",,"top us convenience store chains,american customer satisfaction index convenience stores","https://trends.google.com/trends/explore?q=top%20us%20convenience%20store%20chains&geo=US&hl=en-US"
"cbs tracker season 4 cast changes","20K+","October 7, 2026 at 12:20:00 AM UTC",,"cbs tracker season 4 cast changes,tracker,tracker season 4","https://trends.google.com/trends/explore?q=cbs%20tracker%20season%204%20cast%20changes&geo=US&hl=en-US"
"tiger woods","1K+","October 8, 2026 at 9:40:00 AM UTC",,"tiger woods","https://trends.google.com/trends/explore?q=tiger%20woods&geo=US&hl=en-US"
"secret ford mustang pickup truck","2K+","October 7, 2026 at 4:00:00 PM UTC",,"secret ford mustang pickup truck","https://trends.google.com/trends/explore?q=secret%20ford%20mustang%20pickup%20truck&geo=US&hl=en-US"
"steve gleason","500K+","October 5, 2026 at 2:00:00 AM UTC","October 8, 2026 at 7:20:00 AM UTC","steve gleason,what happened to steve gleason,steve gleason als,hurricane katrina,drew brees,gleason saints,who is steve gleason,steve gleason blocked punt,chase young,kirk franklin,steve gleason what happened,trombone shorty,katrina hurricane,steve gleason saints,gleason,mike tirico,saints halftime show,saints player with als,saints halftime show today,gleason saints player,monday night football halftime show,domecoming,saints gleason,what happened to steve gleason of the new orleans saints,what happen to steve gleason,what happened to gleason from the saints,gleason new orleans saints,team gleason","https://trends.google.com/trends/explore?q=steve%20gleason&geo=US&hl=en-US"
"diddy","10K+","October 8, 2026 at 8:50:00 AM UTC",,"diddy","https://trends.google.com/trends/explore?q=diddy&geo=US&hl=en-US"
"oilers vs ducks","10K+","October 8, 2026 at 1:10:00 AM UTC",,"oilers vs ducks,anaheim ducks,ducks,ducks hockey,evan bouchard","https://trends.google.com/trends/explore?q=oilers%20vs%20ducks&geo=US&hl=en-US"
"jessica chastain","20K+","October 8, 2026 at 12:20:00 AM UTC",,"jessica chastain,other mommy","https://trends.google.com/trends/explore?q=jessica%20chastain&geo=US&hl=en-US"
"bankruptcy","5K+","October 8, 2026 at 9:20:00 AM UTC",,"bankruptcy,jon rahm,pga tour,liv golf,jon rahm liv golf departure","https://trends.google.com/trends/explore?q=bankruptcy&geo=US&hl=en-US"
"drew campbell big brother strategy","2K+","October 7, 2026 at 8:30:00 PM UTC",,"drew campbell big brother strategy","https://trends.google.com/trends/explore?q=drew%20campbell%20big%20brother%20strategy&geo=US&hl=en-US"
"caleb wilson","5K+","October 8, 2026 at 12:30:00 AM UTC",,"caleb wilson,suns vs bulls,bulls vs suns","https://trends.google.com/trends/explore?q=caleb%20wilson&geo=US&hl=en-US"
"dylan harper","2K+","October 8, 2026 at 12:30:00 AM UTC",,"dylan harper","https://trends.google.com/trends/explore?q=dylan%20harper&geo=US&hl=en-US"
"travis barker","20K+","October 7, 2026 at 5:00:00 AM UTC",,"travis barker,blink 182,travis barker hospital,hospital","https://trends.google.com/trends/explore?q=travis%20barker&geo=US&hl=en-US"
"damian lillard","20K+","October 8, 2026 at 2:20:00 AM UTC",,"damian lillard,blazers,warriors vs trail blazers,portland trail blazers,deni avdija,golden state warriors,trail blazers,warriors,warriors game,trailblazers,blazers game","https://trends.google.com/trends/explore?q=damian%20lillard&geo=US&hl=en-US"
"usa vs mexico","1M+","October 3, 2026 at 1:40:00 AM UTC","October 5, 2026 at 5:40:00 AM UTC","usa vs mexico,mexico vs usa,cavan sullivan,julian hall,usmnt,diego kochen,mexico vs,where to watch united states men's national soccer team vs mexico national football team,mexico vs usa soccer,usa vs mexico soccer,mexico soccer,usa mexico,mexico national football team,united states men's national soccer team vs mexico national football team lineups,usmnt vs mexico,usa soccer,mexico vs usa where to watch,mexico usa,mexico fc,usa vs,mexico va usa,mexico vs us,usa vs mexico today,where to watch mexico vs usa,united states men's national soccer team vs mexico national football team,usa mexico soccer,mexico game today,state farm stadium,united states men's national soccer team,us vs mexico,united states men's national soccer team vs mexico national football team stats,usa v mexico,julian hall usmnt,tala rangel,mex vs usa,cavan sullivan age,auston trusty,united states men's national soccer team vs mexico national football team timeline,where to watch usa vs mexico,sullivan usa soccer,chris richards,usmnt soccer,how old is cavan sullivan,where can i watch mexico vs usa,usa vs mexico where to watch,antonee robinson","https://trends.google.com/trends/explore?q=usa%20vs%20mexico&geo=US&hl=en-US"
"jim bakker","200K+","October 6, 2026 at 1:40:00 AM UTC","October 8, 2026 at 11:10:00 AM UTC","jim bakker,tammy faye bakker,jim baker,jessica hahn,jim bakker death,jim baker death","https://trends.google.com/trends/explore?q=jim%20bakker&geo=US&hl=en-US"
"kj biermann","5K+","October 7, 2026 at 10:20:00 AM UTC",,"kj biermann","https://trends.google.com/trends/explore?q=kj%20biermann&geo=US&hl=en-US"
"trent grisham","5K+","October 8, 2026 at 12:50:00 AM UTC",,"trent grisham","https://trends.google.com/trends/explore?q=trent%20grisham&geo=US&hl=en-US"
"chiefs vs raiders","1M+","October 4, 2026 at 1:20:00 PM UTC","October 5, 2026 at 7:10:00 PM UTC","chiefs vs raiders,tyquan thornton,raiders vs chiefs,tyquan thornton injury,thornton injury,rashee rice,chiefs game,chiefs,chiefs injury,kansas city chiefs,rashee rice injury,chiefs score,thornton chiefs,thorton injury,chiefs injury report,kc chiefs game,thornton,chiefs thornton injury,chiefs injuries,thornton injury update,chiefs #2,chiefs thornton,thornton chiefs injury,kansas city chiefs vs las vegas raiders,thorton chiefs,kansas city chiefs injury,tyquan thornton ankle,chiefs ankle injury,kansas city,thornton kc chiefs,thornton ankle injury,cheifs injury,las vegas raiders vs kansas city chiefs,thornton ankle,kansas city injury,#2 chiefs,kansas city chiefs game,kc injury,chiefs injury today,kc chiefs injury,tyquan thorton injury,chiefs player injury","https://trends.google.com/trends/explore?q=chiefs%20vs%20raiders&geo=US&hl=en-US"
"liberty vs dream","200K+","October 7, 2026 at 10:40:00 PM UTC","October 8, 2026 at 3:30:00 AM UTC","liberty vs dream,dream vs liberty,atlanta dream,angel reese,ny liberty,new york liberty,valkyries game today,jordin canada,sabrina ionescu,liberty vs dream where to watch,liberty,new york liberty vs atlanta dream match player stats,dewanna bonner,atl dream,liberty wnba,new york liberty vs atlanta dream timeline,atlanta dream vs new york liberty match player stats,naz hillmon,atlanta dream vs new york liberty timeline,atlanta dream vs new york liberty,liberty game,valkyries score,liberty score,new york liberty vs atlanta dream,wnba finals,liberty dream","https://trends.google.com/trends/explore?q=liberty%20vs%20dream&geo=US&hl=en-US"
"princess lilibet american accent clip","20K+","October 6, 2026 at 10:20:00 PM UTC",,"princess lilibet american accent clip,meghan markle,princess,meghan, duchess of sussex,what is the new meghan markle video featuring princess lilibet about","https://trends.google.com/trends/explore?q=princess%20lilibet%20american%20accent%20clip&geo=US&hl=en-US"
"sam elliott","500+","October 8, 2026 at 10:10:00 AM UTC",,"sam elliott","https://trends.google.com/trends/explore?q=sam%20elliott&geo=US&hl=en-US"
"sass jordan passing age 63","200K+","October 4, 2026 at 6:50:00 PM UTC","October 6, 2026 at 3:10:00 PM UTC","sass jordan passing age 63,sass jordan","https://trends.google.com/trends/explore?q=sass%20jordan%20passing%20age%2063&geo=US&hl=en-US"
"lions vs panthers","1M+","October 4, 2026 at 8:20:00 PM UTC","October 6, 2026 at 2:20:00 AM UTC","lions vs panthers,lions,panthers,bryce young,detroit lions,lions game,carolina panthers,tetairoa mcmillan,panthers vs lions,panthers game,jared goff,lions score,lions panthers,detroit lions vs carolina panthers,lions game today,bryce young stats,detroit lions vs carolina panthers match player stats,jahmyr gibbs,jameson williams,panthers lions,panthers score,lions football,dave canales,dan campbell,mcmillan panthers,lions schedule,tet mcmillan,devin lloyd,carolina panthers vs detroit lions match player stats,aj dillon,carolina panthers vs detroit lions,panthers coach,detroit lions score,carolina panthers coach,tetairoa mcmillan stats,sunday football,panthers qb,detroit lions schedule,jake bates,kelvin sheppard,cris collinsworth,did the lions win,who won the lions game,goff,carolina panthers head coach,panthers quarterback,snf,jack campbell,panthers game today,who won the lions game last night,lions - panthers,lions defensive coordinator,lions score last night","https://trends.google.com/trends/explore?q=lions%20vs%20panthers&geo=US&hl=en-US"
"are the yankees still in the playoffs","200K+","October 8, 2026 at 3:20:00 AM UTC",,"are the yankees still in the playoffs,mlb playoffs 2026,yankees,tampa bay rays,rays,yankees game today,yankees - rays,yankees game,rays game,nyy,yankee score,yankee game today,yankee game,rays game today,new york yankees,yankees score,yankees rays,ny yankees,new york yankees vs tampa bay rays match player stats,yankee game tonight,yankees game tonight,yankee,did the yankees win last night,jazz chisholm jr,spencer jones,tropicana field,rays yankees,jazz chisholm,ny yankees score,aaron boone,yankees game yesterday","https://trends.google.com/trends/explore?q=are%20the%20yankees%20still%20in%20the%20playoffs&geo=US&hl=en-US"
"injection","50K+","October 8, 2026 at 4:50:00 AM UTC",,"injection,christa pike arm,execution failed,death,pike,is christa pike awake,christa pike condition,frank strada,botched tennessee execution,christa,chief,will christa pike be executed again","https://trends.google.com/trends/explore?q=injection&geo=US&hl=en-US"
"robert kelker kelly","200K+","October 5, 2026 at 5:50:00 PM UTC","October 7, 2026 at 3:20:00 PM UTC","robert kelker kelly,bo brady days of our lives,days of our lives,robert kelker-kelly,bo brady,robert kelker kelly cause of death,robert kelker-kelly today,robert kelker","https://trends.google.com/trends/explore?q=robert%20kelker%20kelly&geo=US&hl=en-US"
"joe mixon","200K+","October 3, 2026 at 8:50:00 PM UTC","October 8, 2026 at 12:20:00 AM UTC","joe mixon,joe mixon news","https://trends.google.com/trends/explore?q=joe%20mixon&geo=US&hl=en-US"
"gatorade recall","200K+","October 5, 2026 at 10:00:00 AM UTC","October 8, 2026 at 1:40:00 AM UTC","gatorade recall,product recall,gatorade recall 2026,gatorade,pepsico gatorade recall undeclared dyes,local news","https://trends.google.com/trends/explore?q=gatorade%20recall&geo=US&hl=en-US"
"pokemon ruby sapphire switch","500+","October 8, 2026 at 10:20:00 AM UTC",,"pokemon ruby sapphire switch","https://trends.google.com/trends/explore?q=pokemon%20ruby%20sapphire%20switch&geo=US&hl=en-US"
"guardians game today","50K+","October 7, 2026 at 8:50:00 PM UTC",,"guardians game today,guardians,sox game today,cleveland guardians,guardians game,jo adell,jose ramirez,cleveland guardians vs white sox timeline,josé ramírez,tim herrin,sox game tomorrow,mlb standings 2026,cleveland guardians schedule,whote sox,mlb scores yesterday,chicago white sox game","https://trends.google.com/trends/explore?q=guardians%20game%20today&geo=US&hl=en-US"
"celtics","5K+","October 6, 2026 at 1:00:00 AM UTC",,"celtics,boston celtics","https://trends.google.com/trends/explore?q=celtics&geo=US&hl=en-US"
"mirra andreeva","2K+","October 8, 2026 at 11:10:00 AM UTC",,"mirra andreeva,ekaterina alexandrova,linda noskova,linda nosková","https://trends.google.com/trends/explore?q=mirra%20andreeva&geo=US&hl=en-US"
"josh jacobs green bay packers status","5K+","October 7, 2026 at 3:30:00 PM UTC",,"josh jacobs green bay packers status,josh jacobs green bay packers","https://trends.google.com/trends/explore?q=josh%20jacobs%20green%20bay%20packers%20status&geo=US&hl=en-US"
"sophie cunningham","10K+","October 8, 2026 at 10:10:00 AM UTC",,"sophie cunningham,amber cox sophie cunningham free agency,candace buckner,cunningham wnba,sophie cunningham unrestricted free agent,sophie cunningham indiana fever free agency,indiana fever 2027 roster","https://trends.google.com/trends/explore?q=sophie%20cunningham&geo=US&hl=en-US"
"nahla aubry","10K+","October 8, 2026 at 3:20:00 AM UTC",,"nahla aubry,daughter,nahla ariela aubry,olivier martinez,halle berry son,halle berry,child","https://trends.google.com/trends/explore?q=nahla%20aubry&geo=US&hl=en-US"
"jeremy allen white","2K+","October 7, 2026 at 12:30:00 PM UTC",,"jeremy allen white","https://trends.google.com/trends/explore?q=jeremy%20allen%20white&geo=US&hl=en-US"
"cowboys vs texans","1M+","October 4, 2026 at 12:20:00 PM UTC","October 5, 2026 at 3:50:00 PM UTC","cowboys vs texans,dallas cowboys,ceedee lamb,cowboys,cowboys score,cowboys - texans,cowboys texans,dallas cowboys vs texans match player stats,george pickens,texans,ceedee lamb stats,dallas cowboys score,dallas,houston texans,texans vs dallas cowboys match player stats,did the cowboys win today,cd lamb,dallas score,dallas game,cowboys record,did the cowboys win","https://trends.google.com/trends/explore?q=cowboys%20vs%20texans&geo=US&hl=en-US"
"usa vs canada","200K+","October 6, 2026 at 8:50:00 PM UTC","October 7, 2026 at 5:50:00 PM UTC","usa vs canada,usa vs canada soccer,usmnt,justin ellis,usa soccer,usmnt vs canada,usa canada,usa vs canada today match,cole campbell,us vs canada,canada vs usa,brian schwake,usmnt schedule,allianz field,usa vs canada score,usa canada soccer,justin ellis soccer,alex freeman,united states men's national soccer team vs canada men's national soccer team lineups","https://trends.google.com/trends/explore?q=usa%20vs%20canada&geo=US&hl=en-US"
"social reckoning","10K+","October 7, 2026 at 1:20:00 PM UTC",,"social reckoning,aaron sorkin,the social network,mikey madison,the social reckoning,what is the social reckoning about","https://trends.google.com/trends/explore?q=social%20reckoning&geo=US&hl=en-US"
"winter 2026 2027 us snow forecast","20K+","October 7, 2026 at 11:20:00 AM UTC","October 8, 2026 at 11:20:00 AM UTC","winter 2026 2027 us snow forecast","https://trends.google.com/trends/explore?q=winter%202026%202027%20us%20snow%20forecast&geo=US&hl=en-US"
"kike hernandez","200K+","October 6, 2026 at 10:30:00 PM UTC","October 8, 2026 at 11:20:00 AM UTC","kike hernandez,dodgers,enrique hernandez,yoshinobu yamamoto,dodgers - braves,dodgers game,yamamoto,la dodgers,dodgers score,dodger game,braves score,braves game,dodger game today,dodger score,dodger,los angeles dodgers,dodgers vs,dodgers vs atlanta braves,reggie jackson,freddy freeman,atlanta braves vs dodgers,mlb tonight,chris sale vs dodgers","https://trends.google.com/trends/explore?q=kike%20hernandez&geo=US&hl=en-US"
"cnbc","5K+","October 8, 2026 at 10:50:00 AM UTC",,"cnbc,cnbc news,s&p 500 futures,stock market today,why is the stock market down today,why is the market down today,nasdaq futures,djia futures,dow today","https://trends.google.com/trends/explore?q=cnbc&geo=US&hl=en-US"
"meghan markle","500+","October 8, 2026 at 10:10:00 AM UTC",,"meghan markle","https://trends.google.com/trends/explore?q=meghan%20markle&geo=US&hl=en-US"
"merrill","200K+","October 6, 2026 at 4:20:00 AM UTC","October 7, 2026 at 7:50:00 AM UTC","merrill,padres score,padres,padres game today,san diego padres,milwaukee brewers vs padres match player stats,padres score today,xander bogaerts,jake cronenworth,did the padres win today,sd padres,padre score,padres games,padres vs,michael king,padres game tomorrow,padres game score,padres vs milwaukee brewers,padre game,where to watch padres vs milwaukee brewers,san diego padres game today,padres.,san diego vs milwaukee","https://trends.google.com/trends/explore?q=merrill&geo=US&hl=en-US"
"wrestling","50K+","October 6, 2026 at 4:40:00 PM UTC","October 8, 2026 at 2:20:00 AM UTC","wrestling","https://trends.google.com/trends/explore?q=wrestling&geo=US&hl=en-US"
"fka twigs","2K+","October 7, 2026 at 10:00:00 AM UTC",,"fka twigs","https://trends.google.com/trends/explore?q=fka%20twigs&geo=US&hl=en-US"
"broncos vs 49ers","1M+","October 4, 2026 at 3:50:00 PM UTC","October 5, 2026 at 5:20:00 PM UTC","broncos vs 49ers,49ers,49ers game,broncos game,san francisco 49ers,49ers vs broncos,niners game,brock purdy,broncos,broncos game today,broncos - 49ers,niners,denver broncos vs 49ers match player stats,broncos score,george kittle,49er game today,denver broncos,sf 49ers,niners vs broncos,niners game today,where to watch broncos game,niners score,mccaffrey,niners schedule,49ers broncos,kittle,denver broncos vs 49ers,niner game,49,49ers vs denver broncos match player stats,where to watch 49ers vs denver broncos,what channel is the 49ers game on today,broncos vs 49ers prediction","https://trends.google.com/trends/explore?q=broncos%20vs%2049ers&geo=US&hl=en-US"
"aeropuerto internacional de miami","2K+","October 7, 2026 at 12:00:00 PM UTC",,"aeropuerto internacional de miami","https://trends.google.com/trends/explore?q=aeropuerto%20internacional%20de%20miami&geo=US&hl=en-US"
"strands hint today","500+","October 8, 2026 at 10:00:00 AM UTC",,"strands hint today,a star is born strands","https://trends.google.com/trends/explore?q=strands%20hint%20today&geo=US&hl=en-US"
"nikola bartunkova","1K+","October 8, 2026 at 7:40:00 AM UTC",,"nikola bartunkova,karolina muchova","https://trends.google.com/trends/explore?q=nikola%20bartunkova&geo=US&hl=en-US"
"25th amendment","100K+","October 6, 2026 at 6:40:00 PM UTC","October 8, 2026 at 6:00:00 AM UTC","25th amendment,latest news,trump iran san diego,trump san diego,what did trump say about san diego,trump los angeles,trump california,trump los angeles san diego,trump san diego los angeles,donald trump news,what did trump say about los angeles,did trump say take out la,daily beast,los angeles","https://trends.google.com/trends/explore?q=25th%20amendment&geo=US&hl=en-US"
"lucki","200K+","October 4, 2026 at 12:40:00 AM UTC","October 6, 2026 at 11:20:00 AM UTC","lucki,lucki stabbed,complexcon,playboi carti,what happened to lucki,did lucki get stabbed,lucki rapper,lucki stabbing","https://trends.google.com/trends/explore?q=lucki&geo=US&hl=en-US"
"semana mundial del espacio 2026","100K+","October 6, 2026 at 1:10:00 PM UTC","October 7, 2026 at 11:10:00 AM UTC","semana mundial del espacio 2026","https://trends.google.com/trends/explore?q=semana%20mundial%20del%20espacio%202026&geo=US&hl=en-US"
"bryan kohberger","500+","October 8, 2026 at 5:40:00 AM UTC",,"bryan kohberger","https://trends.google.com/trends/explore?q=bryan%20kohberger&geo=US&hl=en-US"
"rams vs eagles","500K+","October 4, 2026 at 1:20:00 PM UTC","October 5, 2026 at 3:50:00 PM UTC","rams vs eagles,eagles game,eagles vs rams,eagles,eagles rams,eagles game today,eagles score,rams eagles,los angeles rams vs philadelphia eagles match player stats,eagles game sunday,eagles score today,rams schedule,kyren williams,rams - eagles,nick sirianni,rams game today,did the eagles win today,philadelphia eagles vs los angeles rams match player stats","https://trends.google.com/trends/explore?q=rams%20vs%20eagles&geo=US&hl=en-US"
"jaguar type 01","5K+","October 7, 2026 at 5:40:00 AM UTC",,"jaguar type 01,jaguar,car","https://trends.google.com/trends/explore?q=jaguar%20type%2001&geo=US&hl=en-US"
"patriots vs bills","1M+","October 4, 2026 at 3:00:00 PM UTC","October 5, 2026 at 3:20:00 PM UTC","patriots vs bills,bills vs patriots,patriots,bills,buffalo bills,bills game,patriots game,new england patriots,bills score,josh allen,bills game today,bills patriots,new england patriots vs buffalo bills match player stats,buffalo bills game,pats game,patriots bills,drake maye,romeo doubs,pats,buffalo bills score,pats vs bills,ne patriots,patriots schedule,buffalo,efton chism iii,patriots - bills,josh allen stats,drake maye stats,new england patriots vs buffalo bills,chism patriots,pats bills,buffalo bills vs new england patriots match player stats,chism","https://trends.google.com/trends/explore?q=patriots%20vs%20bills&geo=US&hl=en-US"
"angel carrasco","10K+","October 8, 2026 at 9:00:00 AM UTC",,"angel carrasco,nathaly ramirez,infant,olinville avenue,the bronx","https://trends.google.com/trends/explore?q=angel%20carrasco&geo=US&hl=en-US"
"below netflix","10K+","October 8, 2026 at 8:40:00 AM UTC",,"below netflix,netflix","https://trends.google.com/trends/explore?q=below%20netflix&geo=US&hl=en-US"
"cyberleek","200+","October 8, 2026 at 11:20:00 AM UTC",,"cyberleek","https://trends.google.com/trends/explore?q=cyberleek&geo=US&hl=en-US"
"who got eliminated on dancing with the stars","200K+","October 7, 2026 at 1:30:00 AM UTC","October 7, 2026 at 8:30:00 PM UTC","who got eliminated on dancing with the stars,who was eliminated on dancing with the stars,who went home on dancing with the stars tonight,dwts elimination tonight,dancing with the stars elimination,mariah carey,who went home on dancing with the stars,dancing with the stars mariah carey night,dancing with the stars voting,who got voted off dancing with the stars,dwts eliminations,who was voted off dancing with the stars,who was eliminated on dancing with the stars tonight,dwts vote,julianne hough,who left dancing with the stars tonight,who got eliminated on dancing with the stars tonight,dwts who went home,who got eliminated on dwts tonight,brandon armstrong,dwts live,vote dwts,dwts,ciara dwts,who went home dwts,dwts scores tonight,how to watch dancing with the stars live,dwts results,dwts tonight,who went home on dwts tonight,ciara dancing with the stars,dancing with the stars who went home,who got kicked off dancing with the stars,dwts season 35,dwts scores,jenna dewan dancing with the stars,who was eliminated on dwts today,is guillermo still on dancing with the stars,dwts week 4 elimination,how to vote for dancing with the stars,who got sent home on dancing with the stars,ciara miller dwts,who left dwts tonight,who goes home on dancing with the stars tonight,dwts week 4","https://trends.google.com/trends/explore?q=who%20got%20eliminated%20on%20dancing%20with%20the%20stars&geo=US&hl=en-US"
"zizou bergs","500+","October 8, 2026 at 9:20:00 AM UTC",,"zizou bergs","https://trends.google.com/trends/explore?q=zizou%20bergs&geo=US&hl=en-US"
"dylan harper girlfriend","1K+","October 8, 2026 at 2:30:00 AM UTC",,"dylan harper girlfriend","https://trends.google.com/trends/explore?q=dylan%20harper%20girlfriend&geo=US&hl=en-US"
"croatia vs spain","200K+","October 6, 2026 at 5:50:00 PM UTC","October 7, 2026 at 7:20:00 AM UTC","croatia vs spain,croatia national football team vs spain national football team standings,spain soccer,spain croatia,croatia national football team vs spain national football team lineups,españa vs,where to watch croatia national football team vs spain national football team,croatia national football team vs spain national football team stats","https://trends.google.com/trends/explore?q=croatia%20vs%20spain&geo=US&hl=en-US"
"tom holland","500+","October 8, 2026 at 10:00:00 AM UTC",,"tom holland","https://trends.google.com/trends/explore?q=tom%20holland&geo=US&hl=en-US"
"padres vs brewers","200K+","October 3, 2026 at 10:50:00 PM UTC","October 6, 2026 at 4:40:00 AM UTC","padres vs brewers,milwaukee brewers,milwaukee brewers vs padres timeline,padres games,brewer game,padres vs milwaukee brewers timeline,brewers schedule,samad taylor,padres game today live,jojo romero,robbie ray,where to watch milwaukee brewers vs padres,brewers vs padres prediction,where to watch padres vs milwaukee brewers,michael king,padres vs brewers prediction,where to watch brewers game today,garrett mitchell,mil vs sd,padres manager","https://trends.google.com/trends/explore?q=padres%20vs%20brewers&geo=US&hl=en-US"
"dilan ashar","2K+","October 7, 2026 at 3:20:00 AM UTC",,"dilan ashar,umd missing student","https://trends.google.com/trends/explore?q=dilan%20ashar&geo=US&hl=en-US"
"titus welliver","2K+","October 7, 2026 at 2:10:00 PM UTC",,"titus welliver","https://trends.google.com/trends/explore?q=titus%20welliver&geo=US&hl=en-US"
"colts vs commanders","500K+","October 4, 2026 at 3:10:00 AM UTC","October 5, 2026 at 1:30:00 PM UTC","colts vs commanders,colts,commanders,colts game,commanders vs colts,colts vs commanders where to watch,colts commanders,jonathan taylor,where to watch colts vs washington commanders,indianapolis colts,daniel jones,colts vs washington commanders match player stats,commanders depth chart,colts schedule,commanders schedule,colts score,commanders colts,sam hartman,where to watch washington commanders vs colts,colts game today,washington commanders vs colts match player stats,where are the colts and commanders playing,colts vs commanders prediction,colts vs washington commanders,colts - washington,tottenham hotspur stadium,what channel is the colts game on,dyami brown,daniel jones stats,where is the colts commanders game,how to watch colts game,antonio williams,amik robertson,colts football,colts vs commanders channel,how to watch colts game today,where to watch colts game,johnathan taylor,polymarket,what channel is the colts game on today,washington commanders depth chart,jonathon taylor,odafe oweh,washington vs colts,nfl london,london game,london game nfl,where to watch commanders game sunday,where can i watch the colts game today,where to watch commanders game,nfl london games 2026,what channel is the commanders game on,how to watch commanders game,how to watch nfl network,how to watch the colts game today","https://trends.google.com/trends/explore?q=colts%20vs%20commanders&geo=US&hl=en-US"
"escambia county school district","1K+","October 7, 2026 at 8:50:00 PM UTC",,"escambia county school district","https://trends.google.com/trends/explore?q=escambia%20county%20school%20district&geo=US&hl=en-US"
"technology news","50K+","October 7, 2026 at 4:40:00 AM UTC","October 8, 2026 at 11:40:00 AM UTC","technology news,samsung stock,smartphone","https://trends.google.com/trends/explore?q=technology%20news&geo=US&hl=en-US"
"windsor","100K+","October 6, 2026 at 4:10:00 AM UTC","October 7, 2026 at 7:50:00 AM UTC","windsor","https://trends.google.com/trends/explore?q=windsor&geo=US&hl=en-US"
"reggie mcfadden","100K+","October 5, 2026 at 3:00:00 AM UTC","October 7, 2026 at 11:40:00 AM UTC","reggie mcfadden","https://trends.google.com/trends/explore?q=reggie%20mcfadden&geo=US&hl=en-US"
"brad keselowski","2K+","October 7, 2026 at 10:00:00 PM UTC",,"brad keselowski","https://trends.google.com/trends/explore?q=brad%20keselowski&geo=US&hl=en-US"
"doj denaturalization","100K+","October 6, 2026 at 12:40:00 AM UTC","October 7, 2026 at 12:50:00 PM UTC","doj denaturalization,citizenship,us citizenship,naturalization,revoke us citizenship,citizenship revoked,denaturalization,denaturalization doj,united states department of justice","https://trends.google.com/trends/explore?q=doj%20denaturalization&geo=US&hl=en-US"
"citi","50K+","October 6, 2026 at 4:10:00 AM UTC","October 7, 2026 at 4:20:00 PM UTC","citi","https://trends.google.com/trends/explore?q=citi&geo=US&hl=en-US"
"doing life","100K+","October 2, 2026 at 9:20:00 PM UTC","October 8, 2026 at 9:20:00 AM UTC","doing life,doing life tyler perry cast","https://trends.google.com/trends/explore?q=doing%20life&geo=US&hl=en-US"
"jets vs bears","200K+","October 4, 2026 at 3:50:00 PM UTC","October 5, 2026 at 1:30:00 PM UTC","jets vs bears,nfl standings 2026","https://trends.google.com/trends/explore?q=jets%20vs%20bears&geo=US&hl=en-US"
"patricia krenwinkel","1K+","October 8, 2026 at 12:50:00 AM UTC",,"patricia krenwinkel","https://trends.google.com/trends/explore?q=patricia%20krenwinkel&geo=US&hl=en-US"
"packers vs buccaneers","500K+","October 4, 2026 at 3:40:00 PM UTC","October 5, 2026 at 2:00:00 PM UTC","packers vs buccaneers,packers game,packers vs buccaneers where to watch,packer game today,packers game today,packer game,packers score,green bay packers vs tampa bay buccaneers match player stats,green bay packers,where to watch green bay packers vs tampa bay buccaneers,packer score,green bay packers games,bucs vs packers,packers score today,packers - buccaneers,bucs game today","https://trends.google.com/trends/explore?q=packers%20vs%20buccaneers&geo=US&hl=en-US"
"avalanche vs jets","10K+","October 7, 2026 at 10:40:00 PM UTC","October 8, 2026 at 11:40:00 AM UTC","avalanche vs jets,winnipeg jets","https://trends.google.com/trends/explore?q=avalanche%20vs%20jets&geo=US&hl=en-US"
"political endorsement","200+","October 8, 2026 at 10:40:00 AM UTC",,"political endorsement","https://trends.google.com/trends/explore?q=political%20endorsement&geo=US&hl=en-US"
"marshals yellowstone spin off season two","50K+","October 6, 2026 at 5:00:00 PM UTC","October 7, 2026 at 1:10:00 PM UTC","marshals yellowstone spin off season two","https://trends.google.com/trends/explore?q=marshals%20yellowstone%20spin%20off%20season%20two&geo=US&hl=en-US"
"chargers vs seahawks","500K+","October 4, 2026 at 7:30:00 PM UTC","October 5, 2026 at 1:40:00 PM UTC","chargers vs seahawks,seahawks,seattle seahawks,emanuel wilson,seahawks vs chargers,seahawks game today,seahawks score,seahawks game,chargers vs seahawks stats,chargers - seahawks,seahawks chargers,emmanuel wilson,chargers seahawks","https://trends.google.com/trends/explore?q=chargers%20vs%20seahawks&geo=US&hl=en-US"
"ohio state vs iowa","500K+","October 3, 2026 at 1:10:00 PM UTC","October 4, 2026 at 4:10:00 PM UTC","ohio state vs iowa,iowa vs ohio state,iowa football,jeremiah smith,jeremiah smith stats,iowa ohio state,osu vs iowa,caitlin clark,iowa game,ohio state buckeyes football,ohio state iowa,iowa,iowa score,ohio state score,ohio state buckeyes football vs iowa hawkeyes football match player stats,bo jackson ohio state,buckeyes football,ohio state buckeyes,hawkeye football,ohio state football schedule,iowa hawkeyes,ja'kobi jackson,what channel is the ohio state game on,where to watch ohio state buckeyes football vs iowa hawkeyes football,what channel is the ohio state game on today","https://trends.google.com/trends/explore?q=ohio%20state%20vs%20iowa&geo=US&hl=en-US"
"dolphins vs vikings","500K+","October 4, 2026 at 7:10:00 PM UTC","October 5, 2026 at 2:10:00 PM UTC","dolphins vs vikings,vikings game,vikings,minnesota vikings,vikings vs dolphins,kyler murray,miami dolphins vs minnesota vikings match player stats,vikings dolphins,vikings football,vikings schedule,dolphins game,tj hockenson,deejay dallas,dolphins - vikings,where to watch vikings game,what channel is the vikings game on today,viking,where to watch miami dolphins vs minnesota vikings","https://trends.google.com/trends/explore?q=dolphins%20vs%20vikings&geo=US&hl=en-US"
"walker buehler","10K+","October 8, 2026 at 1:40:00 AM UTC","October 8, 2026 at 7:40:00 AM UTC","walker buehler,robert gasser,gasser brewers","https://trends.google.com/trends/explore?q=walker%20buehler&geo=US&hl=en-US"
"lakers","50K+","October 5, 2026 at 11:30:00 PM UTC","October 7, 2026 at 1:50:00 PM UTC","lakers","https://trends.google.com/trends/explore?q=lakers&geo=US&hl=en-US"
"tyler glasnow","200K+","October 7, 2026 at 9:50:00 PM UTC","October 8, 2026 at 10:10:00 AM UTC","tyler glasnow,dodger game,dodgers vs atlanta braves timeline,dodgers,dodgers game today,dodgers game,glasnow,where to watch dodgers vs atlanta braves,tanner scott,braves - dodgers,la dodgers,tarik skubal,alex vesia,dodgers schedule,dodgers score,dodger game today,atlanta braves vs dodgers timeline,los angeles dodgers,dodgers games,dodgers vs braves prediction,skubal,dodger,atlanta braves game,dodger score,max muncy,where to watch atlanta braves vs dodgers,dodgers braves,fs1,kris bubic,mike yastrzemski,dylan dodd,nlds schedule 2026,brock stewart,what channel is the dodger game on,nlds,atlanta braves vs dodgers,dylan lee,braves schedule,brent suter,la weather","https://trends.google.com/trends/explore?q=tyler%20glasnow&geo=US&hl=en-US"
"katy inzer","50K+","October 5, 2026 at 9:50:00 PM UTC","October 7, 2026 at 5:30:00 PM UTC","katy inzer,katy inzer maryland","https://trends.google.com/trends/explore?q=katy%20inzer&geo=US&hl=en-US"
"england vs czechia","100K+","October 6, 2026 at 5:50:00 PM UTC","October 7, 2026 at 3:30:00 AM UTC","england vs czechia,england national football team vs czech republic national football team standings,harry kane,england soccer,england vs,england game","https://trends.google.com/trends/explore?q=england%20vs%20czechia&geo=US&hl=en-US"
"titans vs ravens","200K+","October 4, 2026 at 4:00:00 PM UTC","October 5, 2026 at 12:00:00 PM UTC","titans vs ravens,lamar jackson injury,lamar jackson,ravens vs titans,ravens game,tennessee titans vs baltimore ravens match player stats,ravens titans,jeff ulbrich,tyler huntley,is lamar jackson injured,baltimore ravens,what happened to lamar jackson,ravens game today,lamar injury,why is lamar jackson not playing","https://trends.google.com/trends/explore?q=titans%20vs%20ravens&geo=US&hl=en-US"
"karl deisseroth","50K+","October 5, 2026 at 9:50:00 AM UTC","October 7, 2026 at 10:10:00 AM UTC","karl deisseroth,peter hegemann,optogenetics","https://trends.google.com/trends/explore?q=karl%20deisseroth&geo=US&hl=en-US"
"bribery","200+","October 8, 2026 at 10:40:00 AM UTC",,"bribery","https://trends.google.com/trends/explore?q=bribery&geo=US&hl=en-US"
"brewers","200K+","October 4, 2026 at 12:20:00 AM UTC","October 5, 2026 at 2:00:00 AM UTC","brewers,brewers game,milwaukee brewers,brewers vs padres,brewers score,jackson chourio,brewers schedule,mason miller,christian yelich,padres vs milwaukee brewers match player stats,padres - brewers,chourio,chourio brewers,padres score,padres vs milwaukee brewers,brewer game,did the brewers win last night,milwaukee","https://trends.google.com/trends/explore?q=brewers&geo=US&hl=en-US"
"goldman","50K+","October 6, 2026 at 4:30:00 AM UTC","October 7, 2026 at 7:40:00 AM UTC","goldman","https://trends.google.com/trends/explore?q=goldman&geo=US&hl=en-US"
"colombia vs peru","50K+","October 6, 2026 at 9:20:00 PM UTC","October 7, 2026 at 2:10:00 PM UTC","colombia vs peru,peru vs colombia,samuel velásquez,colombia vs. perú","https://trends.google.com/trends/explore?q=colombia%20vs%20peru&geo=US&hl=en-US"
"cancer","50K+","October 5, 2026 at 1:30:00 PM UTC","October 6, 2026 at 8:00:00 PM UTC","cancer","https://trends.google.com/trends/explore?q=cancer&geo=US&hl=en-US"
"croacia - españa","100K+","October 6, 2026 at 5:50:00 PM UTC","October 7, 2026 at 10:50:00 AM UTC","croacia - españa,mikel merino,croacia vs. españa,españa vs croacia,selección de fútbol de españa","https://trends.google.com/trends/explore?q=croacia%20-%20espa%C3%B1a&geo=US&hl=en-US"
"ryan vilade","20K+","October 8, 2026 at 1:10:00 AM UTC","October 8, 2026 at 11:40:00 AM UTC","ryan vilade,cooper pratt,sal frelick,jake bauers,jonny deluca,nathaniel lowe,samad taylor,mike yastrzemski,chase delauter,jonathan aranda,chandler simpson,randal grichuk","https://trends.google.com/trends/explore?q=ryan%20vilade&geo=US&hl=en-US"
"caleb flynn","200K+","October 5, 2026 at 8:30:00 PM UTC","October 6, 2026 at 12:20:00 PM UTC","caleb flynn,ashley flynn,alleigha botner,caleb flynn daughters,how old are caleb flynns kids,how old are caleb flynn's daughters,caleb flynn mistress,caleb flynn american idol,caleb flynn sentencing,caleb flynn daughters ages,american idol caleb flynn,court tv","https://trends.google.com/trends/explore?q=caleb%20flynn&geo=US&hl=en-US"
"argentina vs burkina faso","200K+","October 3, 2026 at 11:00:00 PM UTC","October 4, 2026 at 3:50:00 PM UTC","argentina vs burkina faso,argentina - burkina faso,argentina vs,argentina,burkina faso national football team,argentina national football team vs burkina faso national football team lineups,argentina game,where to watch argentina national football team vs burkina faso national football team,argentina vs. burkina faso","https://trends.google.com/trends/explore?q=argentina%20vs%20burkina%20faso&geo=US&hl=en-US"
"social security benefit increase projection","200K+","October 1, 2026 at 6:20:00 PM UTC","October 3, 2026 at 4:40:00 PM UTC","social security benefit increase projection,social security administration 2027 announcement,2027,social security 2027 cola estimates,social security administration 2027 cola,social security 2027 cola increase,social security benefit increase 2027,projected 2027 social security increase,social security cola announcement date","https://trends.google.com/trends/explore?q=social%20security%20benefit%20increase%20projection&geo=US&hl=en-US"
"doneiko slaughter","5K+","October 8, 2026 at 2:00:00 AM UTC",,"doneiko slaughter,browns depth chart","https://trends.google.com/trends/explore?q=doneiko%20slaughter&geo=US&hl=en-US"
"steelers","1M+","October 2, 2026 at 12:00:00 AM UTC","October 2, 2026 at 12:40:00 PM UTC","steelers,deshaun watson,browns,cleveland browns,pittsburgh steelers,steelers game,browns schedule,browns steelers,steelers browns,pittsburgh steelers vs cleveland browns match player stats,steelers score,todd monken,thursday night football this week,browns game,pittsburgh steelers vs cleveland browns,browns score,jaylen warren,thursday night football,how old is aaron rodgers,jared verse,steelers vs browns where to watch,cleveland browns vs pittsburgh steelers,aaron rodgers stats,steelers schedule,tj watt,tnf,cleveland browns vs pittsburgh steelers match player stats,thursday night football tonight,pat freiermuth,browns qb,afc north,pittsburgh steelers football,cleveland browns schedule,steelers depth chart,where to watch pittsburgh steelers vs cleveland browns,thursday night football tonight live,steelers vs browns score,carson schwesinger,who plays thursday night football,tnf this week,steelers vs browns prediction,andre szmyt,thursday night football score,browns kicker,browns record,steelers - browns,szmyt,steelers game today,browns vs steelers score,cleveland browns score,did the browns win last night,browns steelers score,where to watch steelers game tonight,did the browns win,grant delpit,quincy williams,who won the football game last night,where to watch cleveland browns vs pittsburgh steelers,steelers browns score,browns standings,browns football,browns roster,tnf score,who won the steelers game,browns vs steelers prediction,pittsburgh steelers score,pittsburgh steelers vs cleveland browns stats,did the steelers win,browns vs steelers 2026","https://trends.google.com/trends/explore?q=steelers&geo=US&hl=en-US"
"steven r mcqueen","50K+","October 3, 2026 at 2:40:00 PM UTC","October 7, 2026 at 12:40:00 AM UTC","steven r mcqueen","https://trends.google.com/trends/explore?q=steven%20r%20mcqueen&geo=US&hl=en-US"
"health care","10K+","October 7, 2026 at 5:50:00 PM UTC","October 8, 2026 at 2:10:00 AM UTC","health care","https://trends.google.com/trends/explore?q=health%20care&geo=US&hl=en-US"
"penn state vs northwestern","500K+","October 2, 2026 at 9:00:00 PM UTC","October 3, 2026 at 9:20:00 PM UTC","penn state vs northwestern,penn state football,northwestern football,ryan field,penn state,northwestern football stadium,psu football,northwestern university,penn state game,northwestern vs penn state,ryan field northwestern,penn state score,northwestern,ryan field capacity,northwestern football schedule,penn state northwestern,northwestern new stadium,penn state vs northwestern predictions,ryan family northwestern,northwestern stadium,david braun,college football tonight,penn state football score,joseph himon ii,caleb komolafe,ryan stadium,chip kelly northwestern,fields,new ryan field","https://trends.google.com/trends/explore?q=penn%20state%20vs%20northwestern&geo=US&hl=en-US"
"cardinals vs giants","200K+","October 4, 2026 at 4:00:00 PM UTC","October 5, 2026 at 12:30:00 PM UTC","cardinals vs giants,giants,arizona cardinals,new york giants,giants game,ny giants,arizona cardinals vs new york giants match player stats,nyg,giants cardinals,cardinals football,jacoby brissett,giants football,deonte banks,cardinals game,giants game today,lawrence taylor","https://trends.google.com/trends/explore?q=cardinals%20vs%20giants&geo=US&hl=en-US"
"windy","200+","October 8, 2026 at 10:20:00 AM UTC",,"windy","https://trends.google.com/trends/explore?q=windy&geo=US&hl=en-US"
"cody rhodes","1K+","October 7, 2026 at 8:50:00 PM UTC",,"cody rhodes","https://trends.google.com/trends/explore?q=cody%20rhodes&geo=US&hl=en-US"
"spurs","1K+","October 8, 2026 at 3:10:00 AM UTC",,"spurs,de'aaron fox","https://trends.google.com/trends/explore?q=spurs&geo=US&hl=en-US"
"marine fauthoux","5K+","October 8, 2026 at 12:30:00 AM UTC","October 8, 2026 at 11:40:00 AM UTC","marine fauthoux","https://trends.google.com/trends/explore?q=marine%20fauthoux&geo=US&hl=en-US"
"chicago med","5K+","October 7, 2026 at 10:40:00 PM UTC","October 8, 2026 at 11:40:00 AM UTC","chicago med,chicago med new season,chicago med cast","https://trends.google.com/trends/explore?q=chicago%20med&geo=US&hl=en-US"
"abbott elementary season 6","5K+","October 7, 2026 at 10:00:00 PM UTC","October 8, 2026 at 9:00:00 AM UTC","abbott elementary season 6","https://trends.google.com/trends/explore?q=abbott%20elementary%20season%206&geo=US&hl=en-US"
"brazil election","100K+","October 4, 2026 at 11:50:00 AM UTC","October 6, 2026 at 11:50:00 AM UTC","brazil election,lula,brazil elections 2026,brazil presidential election results,brazil elections,flavio bolsonaro,bolsonaro,brazil election results,election contest","https://trends.google.com/trends/explore?q=brazil%20election&geo=US&hl=en-US"
"athan kaliakmanis","200K+","October 4, 2026 at 1:50:00 PM UTC","October 5, 2026 at 2:30:00 PM UTC","athan kaliakmanis,redskins,marcus mariota,mariota,kaliakmanis commanders,commanders qb,kaliakmanis,marcus mariota injury,mariota injury,what happened to marcus mariota,kaliakmanis football,mariota quarterback,colson yankoff,kaliakmanis qb,commanders 3rd string qb,commanders emergency qb,commanders game today,marcus mariota injury update,commanders qbs,did marcus mariota get hurt,commanders quarterback,is marcus mariota injured","https://trends.google.com/trends/explore?q=athan%20kaliakmanis&geo=US&hl=en-US"
"achraf hakimi","500+","October 8, 2026 at 4:40:00 AM UTC",,"achraf hakimi","https://trends.google.com/trends/explore?q=achraf%20hakimi&geo=US&hl=en-US"
"isaiah washington","50K+","October 4, 2026 at 11:30:00 PM UTC","October 6, 2026 at 3:30:00 PM UTC","isaiah washington,isaiah washington wife","https://trends.google.com/trends/explore?q=isaiah%20washington&geo=US&hl=en-US"
"dakota johnson","200K+","October 4, 2026 at 3:30:00 AM UTC","October 5, 2026 at 12:00:00 PM UTC","dakota johnson,who did dakota johnson date,dakota johnson exes,snl taylor swift,taylor swift snl,dakota johnson dating,snl,dakota johnson relationship,saturday night live,dakota johnson breakup,dakota johnson breakups","https://trends.google.com/trends/explore?q=dakota%20johnson&geo=US&hl=en-US"
"michigan vs minnesota","500K+","October 3, 2026 at 2:50:00 PM UTC","October 4, 2026 at 3:50:00 PM UTC","michigan vs minnesota,minnesota football,michigan football,pj fleck,mn gophers football,minnesota vs michigan,gopher football,minnesota gophers football,michigan minnesota,gophers football,michigan score,michigan football score,umich football,michigan vs minnesota prediction,minnesota gophers,little brown jug,u of m football today,michigan football schedule,minnesota michigan,minnesota,mn gophers,michigan wolverines football vs minnesota golden gophers football match player stats,when was the last time minnesota beat michigan in football,drake lindsey,bryce underwood nil,minnesota golden gophers football","https://trends.google.com/trends/explore?q=michigan%20vs%20minnesota&geo=US&hl=en-US"
"knicks","100K+","October 5, 2026 at 11:10:00 AM UTC","October 6, 2026 at 2:50:00 PM UTC","knicks,knicks vs 76ers,jaylen brown,knicks game,new york knicks,jabari walker,knicks vs 76ers where to watch,is lebron playing tonight","https://trends.google.com/trends/explore?q=knicks&geo=US&hl=en-US"
"jaguars vs bengals","200K+","October 4, 2026 at 1:50:00 PM UTC","October 5, 2026 at 12:00:00 PM UTC","jaguars vs bengals,ja'marr chase,bengals vs jaguars,ja'marr chase injury,tee higgins,adductor injury,jamarr chase,jamarr chase injury,bengals,tee higgins injury,is ja'marr chase injured,dohnte meyers,ja'marr chase injury update,jamarr","https://trends.google.com/trends/explore?q=jaguars%20vs%20bengals&geo=US&hl=en-US"
"dolly parton estate bryan seaver lawsuit","50K+","October 6, 2026 at 10:20:00 PM UTC","October 7, 2026 at 1:50:00 PM UTC","dolly parton estate bryan seaver lawsuit,dolly parton,dolly parton nephew legal dispute","https://trends.google.com/trends/explore?q=dolly%20parton%20estate%20bryan%20seaver%20lawsuit&geo=US&hl=en-US"
"chicago pd","5K+","October 7, 2026 at 11:00:00 PM UTC","October 8, 2026 at 11:10:00 AM UTC","chicago pd,chicago pd cast,chicago p.d.","https://trends.google.com/trends/explore?q=chicago%20pd&geo=US&hl=en-US"
"atalanta","200+","October 8, 2026 at 11:00:00 AM UTC",,"atalanta","https://trends.google.com/trends/explore?q=atalanta&geo=US&hl=en-US"
"zach bryan","100K+","October 3, 2026 at 1:50:00 AM UTC","October 6, 2026 at 4:10:00 AM UTC","zach bryan,zach bryan free palestine shirt,zach bryan gillette,zach bryan gillette stadium","https://trends.google.com/trends/explore?q=zach%20bryan&geo=US&hl=en-US"
"pete hegseth military reduction gop reaction","100K+","October 5, 2026 at 7:40:00 PM UTC","October 6, 2026 at 6:10:00 PM UTC","pete hegseth military reduction gop reaction,pete hegseth","https://trends.google.com/trends/explore?q=pete%20hegseth%20military%20reduction%20gop%20reaction&geo=US&hl=en-US"
"are the yankees out of the playoffs","5K+","October 8, 2026 at 3:20:00 AM UTC",,"are the yankees out of the playoffs,aaron judge,aaron judge injury,yankees eliminated,is aaron judge injured","https://trends.google.com/trends/explore?q=are%20the%20yankees%20out%20of%20the%20playoffs&geo=US&hl=en-US"
"france vs belgium","200K+","October 5, 2026 at 5:50:00 PM UTC","October 6, 2026 at 2:50:00 AM UTC","france vs belgium,france national football team vs belgium national football team standings,italy vs turkey,france national football team,france belgium,michael olise,nations league standings,esteban lepaul,france vs","https://trends.google.com/trends/explore?q=france%20vs%20belgium&geo=US&hl=en-US"
"openai mathematics","20K+","October 7, 2026 at 6:40:00 AM UTC","October 8, 2026 at 12:10:00 AM UTC","openai mathematics,openai,openai math,open ai math","https://trends.google.com/trends/explore?q=openai%20mathematics&geo=US&hl=en-US"
"cowboys vs buccaneers","200+","October 8, 2026 at 10:10:00 AM UTC",,"cowboys vs buccaneers,buccaneers vs cowboys","https://trends.google.com/trends/explore?q=cowboys%20vs%20buccaneers&geo=US&hl=en-US"
"nifty 50","500+","October 8, 2026 at 8:00:00 AM UTC",,"nifty 50","https://trends.google.com/trends/explore?q=nifty%2050&geo=US&hl=en-US"
"arresto","5K+","October 7, 2026 at 7:30:00 PM UTC","October 8, 2026 at 11:20:00 AM UTC","arresto","https://trends.google.com/trends/explore?q=arresto&geo=US&hl=en-US"
"ufc 332","100K+","October 2, 2026 at 8:20:00 AM UTC","October 4, 2026 at 4:50:00 PM UTC","ufc 332,esteban ribovics,king green ufc","https://trends.google.com/trends/explore?q=ufc%20332&geo=US&hl=en-US"
"christian yelich","20K+","October 8, 2026 at 3:30:00 AM UTC","October 8, 2026 at 6:40:00 AM UTC","christian yelich,yelich,brice turang,did the brewers win last night,yelich brewers,pat murphy,garrett mitchell,brewers game yesterday,did brewers win last night","https://trends.google.com/trends/explore?q=christian%20yelich&geo=US&hl=en-US"
"sophie cunningham hat","50K+","October 5, 2026 at 11:00:00 PM UTC","October 6, 2026 at 10:10:00 PM UTC","sophie cunningham hat,sophie cunningham","https://trends.google.com/trends/explore?q=sophie%20cunningham%20hat&geo=US&hl=en-US"
"surface laptop ultra","5K+","October 7, 2026 at 6:00:00 PM UTC","October 8, 2026 at 11:30:00 AM UTC","surface laptop ultra,microsoft surface laptop ultra","https://trends.google.com/trends/explore?q=surface%20laptop%20ultra&geo=US&hl=en-US"
"united airlines dulles rome flight canceled","50K+","October 6, 2026 at 5:20:00 PM UTC","October 7, 2026 at 12:10:00 PM UTC","united airlines dulles rome flight canceled,united airlines,united airlines flight 884 cancellation","https://trends.google.com/trends/explore?q=united%20airlines%20dulles%20rome%20flight%20canceled&geo=US&hl=en-US"
"mark b cohen","5K+","October 7, 2026 at 7:30:00 PM UTC","October 8, 2026 at 11:30:00 AM UTC","mark b cohen,mark b. cohen","https://trends.google.com/trends/explore?q=mark%20b%20cohen&geo=US&hl=en-US"
"trump administration green card policy lawsuit","10K+","October 7, 2026 at 5:30:00 PM UTC","October 8, 2026 at 1:30:00 AM UTC","trump administration green card policy lawsuit","https://trends.google.com/trends/explore?q=trump%20administration%20green%20card%20policy%20lawsuit&geo=US&hl=en-US"
"troy football","20K+","October 6, 2026 at 9:30:00 PM UTC","October 7, 2026 at 1:00:00 PM UTC","troy football,southern miss vs troy,southern miss football,troy vs southern miss,southern miss vs troy prediction,troy vs southern miss prediction,usm vs troy","https://trends.google.com/trends/explore?q=troy%20football&geo=US&hl=en-US"
"white sox score","20K+","October 7, 2026 at 8:40:00 PM UTC","October 8, 2026 at 12:30:00 AM UTC","white sox score,sox score,white sox score today,chicago white sox score,cleveland indians,indians game","https://trends.google.com/trends/explore?q=white%20sox%20score&geo=US&hl=en-US"
"76ers","50K+","October 5, 2026 at 10:40:00 PM UTC","October 6, 2026 at 2:40:00 PM UTC","76ers,sixers,ariel hukporti,76ers vs knicks,hukporti","https://trends.google.com/trends/explore?q=76ers&geo=US&hl=en-US"
"ice cream float","50K+","October 5, 2026 at 3:00:00 PM UTC","October 6, 2026 at 10:10:00 PM UTC","ice cream float","https://trends.google.com/trends/explore?q=ice%20cream%20float&geo=US&hl=en-US"
"dwts tour","20K+","October 7, 2026 at 1:10:00 AM UTC","October 8, 2026 at 3:30:00 AM UTC","dwts tour","https://trends.google.com/trends/explore?q=dwts%20tour&geo=US&hl=en-US"
"dakota harper","20K+","October 6, 2026 at 5:30:00 PM UTC","October 7, 2026 at 1:50:00 PM UTC","dakota harper","https://trends.google.com/trends/explore?q=dakota%20harper&geo=US&hl=en-US"
"what happened to chad lowes daughter","100K+","October 2, 2026 at 3:40:00 AM UTC","October 4, 2026 at 11:30:00 AM UTC","what happened to chad lowes daughter,mabel lowe sister fiona tribute,who is chad lowe,message,rob lowe daughter,mabel lowe,fiona lowe daughter of chad lowe","https://trends.google.com/trends/explore?q=what%20happened%20to%20chad%20lowes%20daughter&geo=US&hl=en-US"
"florida vs missouri","200K+","October 3, 2026 at 6:30:00 PM UTC","October 4, 2026 at 3:00:00 PM UTC","florida vs missouri,florida football,missouri football,mizzou football,gators football,uf football,gator game,mizzou,ap top 25,florida missouri,missouri vs florida,florida game,mizzou game,mizzou football schedule,jadan baugh,mizzou vs florida,florida score,missouri football schedule,gators,missouri tigers football,mizzou score,florida gators,gators vs missouri,florida football schedule,uf game,gators game,florida vs missouri predictions,florida gators football vs missouri tigers football match player stats,gators score,uf vs missouri,mizzou game today","https://trends.google.com/trends/explore?q=florida%20vs%20missouri&geo=US&hl=en-US"
"miami fl vs clemson","200K+","October 3, 2026 at 10:30:00 PM UTC","October 4, 2026 at 3:20:00 PM UTC","miami fl vs clemson,miami football,miami vs clemson,clemson vs miami,miami hurricanes football,miami hurricanes,miami clemson,darian mensah,miami,clemson miami,um football,cooper barkate,chris johnson jr,miami vs clemson prediction","https://trends.google.com/trends/explore?q=miami%20fl%20vs%20clemson&geo=US&hl=en-US"
"dennis hastert","50K+","October 5, 2026 at 1:10:00 PM UTC","October 6, 2026 at 4:10:00 PM UTC","dennis hastert","https://trends.google.com/trends/explore?q=dennis%20hastert&geo=US&hl=en-US"
"luca van assche","2K+","October 8, 2026 at 11:20:00 AM UTC",,"luca van assche,holger rune,hamad medjedovic,tomas machac,quentin halys,camilo ugo carabelli","https://trends.google.com/trends/explore?q=luca%20van%20assche&geo=US&hl=en-US"
"san diego","20K+","October 6, 2026 at 7:40:00 AM UTC","October 8, 2026 at 6:40:00 AM UTC","san diego","https://trends.google.com/trends/explore?q=san%20diego&geo=US&hl=en-US"
"dylan wolf","200+","October 8, 2026 at 10:20:00 AM UTC",,"dylan wolf","https://trends.google.com/trends/explore?q=dylan%20wolf&geo=US&hl=en-US"
"yunchaokete bu","2K+","October 8, 2026 at 11:00:00 AM UTC",,"yunchaokete bu,mariano navone,mattia bellucci,michael zheng,lloyd harris,alex de minaur,rei sakamoto,kyrian jacquet,andrey rublev","https://trends.google.com/trends/explore?q=yunchaokete%20bu&geo=US&hl=en-US"
"national taco day","20K+","October 6, 2026 at 11:50:00 AM UTC","October 7, 2026 at 4:40:00 AM UTC","national taco day,national taco day 2026,taco day","https://trends.google.com/trends/explore?q=national%20taco%20day&geo=US&hl=en-US"
"hunting wives season 2","5K+","October 7, 2026 at 5:10:00 PM UTC","October 8, 2026 at 5:10:00 AM UTC","hunting wives season 2","https://trends.google.com/trends/explore?q=hunting%20wives%20season%202&geo=US&hl=en-US"
"the lowdown","200+","October 8, 2026 at 9:50:00 AM UTC",,"the lowdown","https://trends.google.com/trends/explore?q=the%20lowdown&geo=US&hl=en-US"
"kim mathers bond revoked macomb county","5K+","October 7, 2026 at 7:10:00 PM UTC","October 8, 2026 at 11:30:00 AM UTC","kim mathers bond revoked macomb county","https://trends.google.com/trends/explore?q=kim%20mathers%20bond%20revoked%20macomb%20county&geo=US&hl=en-US"
"estatus de protección temporal","20K+","October 7, 2026 at 4:00:00 PM UTC","October 7, 2026 at 9:40:00 PM UTC","estatus de protección temporal","https://trends.google.com/trends/explore?q=estatus%20de%20protecci%C3%B3n%20temporal&geo=US&hl=en-US"
"auburn vs tennessee","200K+","October 3, 2026 at 1:50:00 PM UTC","October 4, 2026 at 2:40:00 PM UTC","auburn vs tennessee,tennessee vs auburn,faizon brandon,george macintyre,tennessee football,desean bishop,tn vs auburn,auburn tennessee,tennessee auburn,utk football","https://trends.google.com/trends/explore?q=auburn%20vs%20tennessee&geo=US&hl=en-US"
"amazon layoffs","2K+","October 8, 2026 at 3:10:00 AM UTC","October 8, 2026 at 10:50:00 AM UTC","amazon layoffs","https://trends.google.com/trends/explore?q=amazon%20layoffs&geo=US&hl=en-US"
"david ellison","20K+","October 6, 2026 at 1:10:00 PM UTC","October 7, 2026 at 6:50:00 PM UTC","david ellison,hbomax,paramount+,hbo max paramount plus merger","https://trends.google.com/trends/explore?q=david%20ellison&geo=US&hl=en-US"
"electoral fraud","5K+","October 7, 2026 at 5:40:00 PM UTC","October 8, 2026 at 11:30:00 AM UTC","electoral fraud,times of india","https://trends.google.com/trends/explore?q=electoral%20fraud&geo=US&hl=en-US"
"greg lui doj charges","100K+","October 2, 2026 at 11:10:00 PM UTC","October 4, 2026 at 9:40:00 PM UTC","greg lui doj charges,nvidia smuggling","https://trends.google.com/trends/explore?q=greg%20lui%20doj%20charges&geo=US&hl=en-US"
"prince harry ex chelsy davy essay","10K+","October 7, 2026 at 6:00:00 PM UTC","October 8, 2026 at 2:10:00 AM UTC","prince harry ex chelsy davy essay","https://trends.google.com/trends/explore?q=prince%20harry%20ex%20chelsy%20davy%20essay&geo=US&hl=en-US"
"harry potter","20K+","October 7, 2026 at 1:30:00 AM UTC","October 7, 2026 at 4:10:00 PM UTC","harry potter","https://trends.google.com/trends/explore?q=harry%20potter&geo=US&hl=en-US"
"estados unidos - méxico","200K+","October 4, 2026 at 1:10:00 AM UTC","October 4, 2026 at 5:20:00 PM UTC","estados unidos - méxico,mexico vs estados unidos,seleccion mexicana,mateo chávez,estados unidos vs. méxico,diego campillo,selección de fútbol de méxico,raúl rangel,amistosos,rafa marquez,méxico,cuando juega mexico,méxico vs usa,estados unidos,estados unidos vs mexico,méxico vs,orbelín pineda","https://trends.google.com/trends/explore?q=estados%20unidos%20-%20m%C3%A9xico&geo=US&hl=en-US"
"spain vs czechia","200K+","October 3, 2026 at 5:50:00 PM UTC","October 4, 2026 at 12:10:00 PM UTC","spain vs czechia,spain national football team vs czech republic national football team standings,spain vs,spain national football team,españa vs,spain,lamine yamal,spain game,spain soccer,spain vs czech republic","https://trends.google.com/trends/explore?q=spain%20vs%20czechia&geo=US&hl=en-US"
"dennis franchione","20K+","October 6, 2026 at 2:10:00 PM UTC","October 7, 2026 at 1:30:00 PM UTC","dennis franchione","https://trends.google.com/trends/explore?q=dennis%20franchione&geo=US&hl=en-US"
"alexis wilkins","50K+","October 5, 2026 at 12:10:00 AM UTC","October 6, 2026 at 1:00:00 PM UTC","alexis wilkins,singer,kash patel,kash patel alexis wilkins engaged","https://trends.google.com/trends/explore?q=alexis%20wilkins&geo=US&hl=en-US"
"alabama vs ms state","200K+","October 3, 2026 at 3:00:00 PM UTC","October 4, 2026 at 4:10:00 AM UTC","alabama vs ms state,kamario taylor,fluff bothwell,jeff lebby","https://trends.google.com/trends/explore?q=alabama%20vs%20ms%20state&geo=US&hl=en-US"
"mason miller","20K+","October 7, 2026 at 1:00:00 AM UTC","October 7, 2026 at 6:20:00 AM UTC","mason miller,brewers - padres,san diego padres game today,mason miller wife,mason miller baby,mason miller paternity,paternity list baseball,mason miller paternity leave,padres game yesterday,what is the paternity list in baseball,did the brewers win,mlb paternity list,paternity list mlb,paternity list,postseason paternity list,what is paternity list in baseball","https://trends.google.com/trends/explore?q=mason%20miller&geo=US&hl=en-US"
"ndtv","200+","October 8, 2026 at 10:10:00 AM UTC",,"ndtv","https://trends.google.com/trends/explore?q=ndtv&geo=US&hl=en-US"
"okc thunder","10K+","October 6, 2026 at 11:50:00 PM UTC","October 8, 2026 at 11:30:00 AM UTC","okc thunder,bucks,thunder game,thunder,milwaukee bucks","https://trends.google.com/trends/explore?q=okc%20thunder&geo=US&hl=en-US"
"france vs italy","200K+","October 2, 2026 at 4:50:00 PM UTC","October 3, 2026 at 2:00:00 PM UTC","france vs italy,france national football team vs italy national football team standings,italy vs france,france national football team,france italy,france vs,michael olise","https://trends.google.com/trends/explore?q=france%20vs%20italy&geo=US&hl=en-US"
"nick martinez","5K+","October 7, 2026 at 11:40:00 PM UTC","October 8, 2026 at 4:30:00 AM UTC","nick martinez","https://trends.google.com/trends/explore?q=nick%20martinez&geo=US&hl=en-US"
"weather today","20K+","October 7, 2026 at 4:50:00 AM UTC","October 7, 2026 at 1:30:00 PM UTC","weather today,windy","https://trends.google.com/trends/explore?q=weather%20today&geo=US&hl=en-US"
"flávio bolsonaro","50K+","October 4, 2026 at 6:50:00 PM UTC","October 6, 2026 at 8:20:00 AM UTC","flávio bolsonaro","https://trends.google.com/trends/explore?q=fl%C3%A1vio%20bolsonaro&geo=US&hl=en-US"
"croatia vs england","200K+","October 3, 2026 at 3:10:00 PM UTC","October 4, 2026 at 3:20:00 AM UTC","croatia vs england,england vs croatia,croatia national football team vs england national football team standings,england,england national football team,england vs,england croatia,england football,where to watch croatia national football team vs england national football team,england fc,harry kane,jude bellingham,england soccer,croatia national football team vs england national football team lineups","https://trends.google.com/trends/explore?q=croatia%20vs%20england&geo=US&hl=en-US"
"dez bryant jerry jones cowboys proposal","100K+","October 7, 2026 at 8:00:00 AM UTC","October 7, 2026 at 8:00:00 PM UTC","dez bryant jerry jones cowboys proposal,tony romo,jerry jones on tony romo,jj watt,cbs sports,greg olsen,tony romo net worth","https://trends.google.com/trends/explore?q=dez%20bryant%20jerry%20jones%20cowboys%20proposal&geo=US&hl=en-US"
"delta passenger steals airport tug","10K+","October 7, 2026 at 6:50:00 PM UTC","October 8, 2026 at 1:50:00 AM UTC","delta passenger steals airport tug,john wayne airport","https://trends.google.com/trends/explore?q=delta%20passenger%20steals%20airport%20tug&geo=US&hl=en-US"
"ho chi minh city cat theft","10K+","October 7, 2026 at 1:00:00 AM UTC","October 7, 2026 at 10:20:00 PM UTC","ho chi minh city cat theft","https://trends.google.com/trends/explore?q=ho%20chi%20minh%20city%20cat%20theft&geo=US&hl=en-US"
"mcneese state vs lsu","100K+","October 3, 2026 at 10:50:00 PM UTC","October 4, 2026 at 3:40:00 PM UTC","mcneese state vs lsu","https://trends.google.com/trends/explore?q=mcneese%20state%20vs%20lsu&geo=US&hl=en-US"
"shawn layden","100+","October 8, 2026 at 11:20:00 AM UTC",,"shawn layden","https://trends.google.com/trends/explore?q=shawn%20layden&geo=US&hl=en-US"
"nobel prize 2026","20K+","October 5, 2026 at 9:20:00 AM UTC","October 7, 2026 at 3:00:00 PM UTC","nobel prize 2026,henri kagan,kenso soai,chemistry nobel prize 2026,nobel prize chemistry,nobel prize chemistry 2026,nobel prize","https://trends.google.com/trends/explore?q=nobel%20prize%202026&geo=US&hl=en-US"
"india vs brazil","100K+","October 3, 2026 at 5:50:00 AM UTC","October 4, 2026 at 7:10:00 PM UTC","india vs brazil,brazil vs india,india - brasil,samuel lino,india vs brazil football","https://trends.google.com/trends/explore?q=india%20vs%20brazil&geo=US&hl=en-US"
"pep stock","100+","October 8, 2026 at 11:30:00 AM UTC",,"pep stock","https://trends.google.com/trends/explore?q=pep%20stock&geo=US&hl=en-US"
"amazon prime ftc refund eligibility","100K+","October 2, 2026 at 5:10:00 PM UTC","October 4, 2026 at 4:10:00 PM UTC","amazon prime ftc refund eligibility,ftc prime subscription settlement,amazon ftc settlement payouts,amazon settlement 2026,ftc prime subscription settlement venmo","https://trends.google.com/trends/explore?q=amazon%20prime%20ftc%20refund%20eligibility&geo=US&hl=en-US"
"cártel de sinaloa","2K+","October 7, 2026 at 10:20:00 PM UTC","October 8, 2026 at 11:30:00 AM UTC","cártel de sinaloa,tellez","https://trends.google.com/trends/explore?q=c%C3%A1rtel%20de%20sinaloa&geo=US&hl=en-US"
"jessica biel","20K+","October 5, 2026 at 9:10:00 PM UTC","October 7, 2026 at 12:40:00 PM UTC","jessica biel","https://trends.google.com/trends/explore?q=jessica%20biel&geo=US&hl=en-US"
"wild vs sabres","50K+","October 6, 2026 at 10:10:00 PM UTC","October 7, 2026 at 12:40:00 PM UTC","wild vs sabres,buffalo sabres,mn wild,minnesota wild,sabres,wild hockey,sabres game,owen power,wild score,wild","https://trends.google.com/trends/explore?q=wild%20vs%20sabres&geo=US&hl=en-US"
"raiders","500K+","October 4, 2026 at 8:40:00 PM UTC","October 5, 2026 at 1:00:00 AM UTC","raiders,raiders game,chiefs vs raiders where to watch,chiefs game today,kansas city chiefs game today,las vegas raiders,chiefs raiders,raiders game today,kansas city chiefs vs las vegas raiders match player stats,kc chiefs,raiders chiefs,chiefs - raiders,cheifs game,raiders score,where to watch kansas city chiefs vs las vegas raiders,raider game today,kenneth walker,raider game,where to watch las vegas raiders vs kansas city chiefs,kc vs raiders,raider,raiders-chiefs,oakland raiders,lv raiders,allegiant stadium,las vegas raiders vs kansas city chiefs match player stats,chiefs raiders game,chiefs score today,kc chiefs game today,where to watch chiefs game today,where to watch raiders game,raiders vs chiefs 2026,raider score,kansas city chiefs score,what channel is the chiefs game on,where can i watch the chiefs game today,what channel is the chiefs game on today,where can i watch the raiders game,raiders score today,how to watch chiefs game today,what channel is the raiders game on today,raiders vs,cheifs vs raiders,chiefs vs raiders prediction,raiders chiefs game,where to watch chiefs game,where to watch raiders game today,chiefs vs raiders 2026,raiders.,how to watch the chiefs game today,kc,chiefs football,kansas city chiefs vs las vegas raiders stats,where can i watch the raiders game today,where to watch the chiefs game today","https://trends.google.com/trends/explore?q=raiders&geo=US&hl=en-US"
"faith hedgepeth","1K+","October 7, 2026 at 3:30:00 PM UTC",,"faith hedgepeth","https://trends.google.com/trends/explore?q=faith%20hedgepeth&geo=US&hl=en-US"
"keri russell","5K+","October 7, 2026 at 1:10:00 AM UTC","October 8, 2026 at 11:30:00 AM UTC","keri russell","https://trends.google.com/trends/explore?q=keri%20russell&geo=US&hl=en-US"
"black sea commercial vessel drone strike","10K+","October 7, 2026 at 8:30:00 AM UTC","October 8, 2026 at 10:30:00 AM UTC","black sea commercial vessel drone strike,ship,bulgaria","https://trends.google.com/trends/explore?q=black%20sea%20commercial%20vessel%20drone%20strike&geo=US&hl=en-US"
"brandon williams","2K+","October 8, 2026 at 2:40:00 AM UTC","October 8, 2026 at 10:10:00 AM UTC","brandon williams","https://trends.google.com/trends/explore?q=brandon%20williams&geo=US&hl=en-US"
"inglaterra - chequia","20K+","October 6, 2026 at 5:50:00 PM UTC","October 7, 2026 at 1:30:00 AM UTC","inglaterra - chequia","https://trends.google.com/trends/explore?q=inglaterra%20-%20chequia&geo=US&hl=en-US"
"john cena movie business comments","20K+","October 5, 2026 at 7:00:00 PM UTC","October 6, 2026 at 3:10:00 PM UTC","john cena movie business comments","https://trends.google.com/trends/explore?q=john%20cena%20movie%20business%20comments&geo=US&hl=en-US"
"christine brennan","5K+","October 7, 2026 at 2:40:00 PM UTC","October 8, 2026 at 11:10:00 AM UTC","christine brennan","https://trends.google.com/trends/explore?q=christine%20brennan&geo=US&hl=en-US"
"dodgers","200K+","October 5, 2026 at 12:00:00 AM UTC","October 5, 2026 at 4:40:00 AM UTC","dodgers,dodgers game,mookie betts,dodgers vs braves,didier fuentes,braves - dodgers,dodgers score,blake snell,la dodgers,dodger game,freddie freeman,dodger game today,braves dodgers game,ray kerr,dodger score,walt weiss,atlanta braves,braves dodgers,atlanta braves vs dodgers,los angeles dodgers,fuentes braves,michael harris ii,dodgers schedule,robert suarez,kerr braves,dodger,did the braves win last night,dodgers braves,braves tickets,bubic","https://trends.google.com/trends/explore?q=dodgers&geo=US&hl=en-US"
"michael keaton","2K+","October 8, 2026 at 1:00:00 AM UTC","October 8, 2026 at 6:20:00 AM UTC","michael keaton","https://trends.google.com/trends/explore?q=michael%20keaton&geo=US&hl=en-US"
"natalia silva","100K+","October 3, 2026 at 4:10:00 AM UTC","October 4, 2026 at 2:20:00 PM UTC","natalia silva,wang cong,ufc 332 fight card,kalinn williams,ufc 332 card,ufc.,silva vs wang,ufc 332 results,valentina shevchenko,mackenzie dern,alexa grasso,cong wang,natalia silva vs wang cong","https://trends.google.com/trends/explore?q=natalia%20silva&geo=US&hl=en-US"
"supreme court","20K+","October 6, 2026 at 7:50:00 PM UTC","October 7, 2026 at 6:40:00 PM UTC","supreme court,supreme court of the united states,samuel alito","https://trends.google.com/trends/explore?q=supreme%20court&geo=US&hl=en-US"
"taylor swift new curly hairstyle","50K+","October 3, 2026 at 2:30:00 AM UTC","October 5, 2026 at 1:50:00 AM UTC","taylor swift new curly hairstyle,taylor swift haircut","https://trends.google.com/trends/explore?q=taylor%20swift%20new%20curly%20hairstyle&geo=US&hl=en-US"
"jane doe identity cornell","10K+","October 7, 2026 at 10:30:00 AM UTC","October 8, 2026 at 5:30:00 AM UTC","jane doe identity cornell,sally yates,who is jane doe cornell real name","https://trends.google.com/trends/explore?q=jane%20doe%20identity%20cornell&geo=US&hl=en-US"
"british airways","50K+","October 5, 2026 at 1:40:00 PM UTC","October 6, 2026 at 2:20:00 AM UTC","british airways,london to chicago flight,british airways london chicago flight,british airways emergency,emergency landing,british airways flight ba295,british airways flight returns to heathrow,flight,ba295","https://trends.google.com/trends/explore?q=british%20airways&geo=US&hl=en-US"
"susan collins","10K+","October 7, 2026 at 1:20:00 AM UTC","October 7, 2026 at 11:50:00 PM UTC","susan collins,troy jackson,troy,maine senate debate,from","https://trends.google.com/trends/explore?q=susan%20collins&geo=US&hl=en-US"
"lisa bonet","20K+","October 5, 2026 at 6:40:00 PM UTC","October 6, 2026 at 2:50:00 PM UTC","lisa bonet,nicole kidman new hairstyle","https://trends.google.com/trends/explore?q=lisa%20bonet&geo=US&hl=en-US"
"luke daley detention arizona","20K+","October 6, 2026 at 8:40:00 PM UTC","October 7, 2026 at 12:10:00 PM UTC","luke daley detention arizona,nancy guthrie","https://trends.google.com/trends/explore?q=luke%20daley%20detention%20arizona&geo=US&hl=en-US"
"general hospital","5K+","October 7, 2026 at 12:10:00 PM UTC","October 8, 2026 at 1:50:00 AM UTC","general hospital","https://trends.google.com/trends/explore?q=general%20hospital&geo=US&hl=en-US"
"texans vs cowboys","200K+","October 4, 2026 at 12:50:00 PM UTC","October 5, 2026 at 1:50:00 AM UTC","texans vs cowboys,cowboys game,cowboys vs texans where to watch,dallas cowboys game,dallas cowboys vs texans,dallas cowboys game today,where to watch texans vs dallas cowboys,where to watch cowboys game,texans schedule,what channel is the cowboys game on,dallas vs houston,where can i watch the cowboys game today,dallas vs texans,how to watch cowboys game today,will anderson jr,where can i watch the cowboys game,texans vs dallas cowboys,cowboys vs texans prediction","https://trends.google.com/trends/explore?q=texans%20vs%20cowboys&geo=US&hl=en-US"
"estados unidos - canadá","20K+","October 6, 2026 at 11:10:00 PM UTC","October 7, 2026 at 12:00:00 PM UTC","estados unidos - canadá,a qué hora juega méxico","https://trends.google.com/trends/explore?q=estados%20unidos%20-%20canad%C3%A1&geo=US&hl=en-US"
"coco gauff","20K+","October 7, 2026 at 6:40:00 AM UTC","October 7, 2026 at 5:20:00 PM UTC","coco gauff,elise mertens defeats coco gauff,elise mertens,china open,beijing open,sun xinran,tennis scores","https://trends.google.com/trends/explore?q=coco%20gauff&geo=US&hl=en-US"
"secuestro","100+","October 8, 2026 at 11:00:00 AM UTC",,"secuestro","https://trends.google.com/trends/explore?q=secuestro&geo=US&hl=en-US"
"chris lacivita james blair outside work","5K+","October 7, 2026 at 5:40:00 PM UTC","October 8, 2026 at 2:00:00 AM UTC","chris lacivita james blair outside work,chris lacivita","https://trends.google.com/trends/explore?q=chris%20lacivita%20james%20blair%20outside%20work&geo=US&hl=en-US"
"texas tech vs colorado","100K+","October 3, 2026 at 10:30:00 PM UTC","October 4, 2026 at 2:30:00 PM UTC","texas tech vs colorado,deion sanders,isaac wilson,texas tech football,cu football,texas tech,colorado vs texas tech,texas tech red raiders football","https://trends.google.com/trends/explore?q=texas%20tech%20vs%20colorado&geo=US&hl=en-US"
"mcdonalds monopoly","10K+","October 6, 2026 at 4:00:00 PM UTC","October 8, 2026 at 11:40:00 AM UTC","mcdonalds monopoly","https://trends.google.com/trends/explore?q=mcdonalds%20monopoly&geo=US&hl=en-US"
"cameron norrie","100+","October 8, 2026 at 11:30:00 AM UTC",,"cameron norrie","https://trends.google.com/trends/explore?q=cameron%20norrie&geo=US&hl=en-US"
"mayor of kingstown","20K+","October 4, 2026 at 11:10:00 PM UTC","October 7, 2026 at 8:00:00 AM UTC","mayor of kingstown,mayor of kingstown season 5","https://trends.google.com/trends/explore?q=mayor%20of%20kingstown&geo=US&hl=en-US"
"official sonic the hedgehog discord","10K+","October 7, 2026 at 12:50:00 AM UTC","October 7, 2026 at 11:40:00 PM UTC","official sonic the hedgehog discord,sonic the hedgehog","https://trends.google.com/trends/explore?q=official%20sonic%20the%20hedgehog%20discord&geo=US&hl=en-US"
"country music","50K+","October 5, 2026 at 2:40:00 PM UTC","October 6, 2026 at 2:30:00 AM UTC","country music,trailer","https://trends.google.com/trends/explore?q=country%20music&geo=US&hl=en-US"
"rick ross","100K+","October 1, 2026 at 1:40:00 PM UTC","October 3, 2026 at 11:50:00 AM UTC","rick ross,rick ross battery charge,rick ross arrest,rick ross arrested","https://trends.google.com/trends/explore?q=rick%20ross&geo=US&hl=en-US"
"alvin kamara","50K+","October 5, 2026 at 9:50:00 PM UTC","October 6, 2026 at 12:20:00 PM UTC","alvin kamara,kamara,alvin kamara injury","https://trends.google.com/trends/explore?q=alvin%20kamara&geo=US&hl=en-US"
"brad marchand","20K+","October 7, 2026 at 4:10:00 AM UTC","October 8, 2026 at 1:40:00 AM UTC","brad marchand,brad marchand injury,panthers vs ducks,marchand,marchand injury,anaheim ducks","https://trends.google.com/trends/explore?q=brad%20marchand&geo=US&hl=en-US"
"guatemala - surinam","100K+","October 5, 2026 at 11:10:00 PM UTC","October 6, 2026 at 12:50:00 PM UTC","guatemala - surinam,surinam - guatemala,guatemala vs,guatemala vs surinam,guatemala vs. surinam","https://trends.google.com/trends/explore?q=guatemala%20-%20surinam&geo=US&hl=en-US"
"peso mexicano","10K+","October 7, 2026 at 8:40:00 PM UTC","October 8, 2026 at 1:20:00 AM UTC","peso mexicano","https://trends.google.com/trends/explore?q=peso%20mexicano&geo=US&hl=en-US"
"britney spears dollywood visit","500+","October 8, 2026 at 2:50:00 AM UTC",,"britney spears dollywood visit,britney spears","https://trends.google.com/trends/explore?q=britney%20spears%20dollywood%20visit&geo=US&hl=en-US"
"pittsburgh vs virginia tech","200K+","October 2, 2026 at 10:00:00 PM UTC","October 3, 2026 at 2:40:00 PM UTC","pittsburgh vs virginia tech,virginia tech football,vt football,pitt vs virginia tech,va tech football,virginia tech,vt vs pitt,james franklin,college football virginia tech,virginia tech vs pitt,pittsburgh football,virginia tech field goal,pitt,virginia tech hokies football,pat narduzzi,pitt vs vt,pittsburgh vs virginia tech prediction,pitt football schedule,pitt game,virginia tech football schedule,pitt vs virginia tech prediction,virginia tech vs pitt prediction,vt game,pitt virginia tech football,mason heintschel injury","https://trends.google.com/trends/explore?q=pittsburgh%20vs%20virginia%20tech&geo=US&hl=en-US"
"mexico vs","50K+","October 7, 2026 at 2:30:00 AM UTC","October 7, 2026 at 5:20:00 AM UTC","mexico vs,mexico vs chile 2026,mexico soccer,mexico national football team vs chile national football team lineups,mexico va chile,mexico fc,mexico vs chile where to watch,chile vs,where to watch mexico vs chile,mexico v chile,mexico soccer game,mexico game today,chile national football team,mexico national team,mexico national football team vs chile national football team timeline,mexico va,mexico vs chile score,mexico games,mexico score,mexico vs chile stream,mexico vs chile line up,mexico vs chile game","https://trends.google.com/trends/explore?q=mexico%20vs&geo=US&hl=en-US"
"mcdonald's","20K+","October 8, 2026 at 9:30:00 AM UTC","October 8, 2026 at 10:10:00 AM UTC","mcdonald's,mc donalds,mcdonald's menu,mcdonald","https://trends.google.com/trends/explore?q=mcdonald%27s&geo=US&hl=en-US"
"notre dame vs unc","200K+","October 3, 2026 at 3:00:00 PM UTC","October 4, 2026 at 2:20:00 AM UTC","notre dame vs unc,notre dame football,cj carr,unc vs notre dame,nd football,notre dame game,notre dame score,jordan faison,unc notre dame,notre dame vs north carolina,where to watch notre dame fighting irish football vs north carolina tar heels football","https://trends.google.com/trends/explore?q=notre%20dame%20vs%20unc&geo=US&hl=en-US"
"jill fields fbi whistleblower complaint","10K+","October 6, 2026 at 5:50:00 PM UTC","October 7, 2026 at 5:00:00 PM UTC","jill fields fbi whistleblower complaint","https://trends.google.com/trends/explore?q=jill%20fields%20fbi%20whistleblower%20complaint&geo=US&hl=en-US"
"tom brady fox sports audio issue","50K+","October 5, 2026 at 1:50:00 AM UTC","October 5, 2026 at 7:40:00 PM UTC","tom brady fox sports audio issue,tom brady","https://trends.google.com/trends/explore?q=tom%20brady%20fox%20sports%20audio%20issue&geo=US&hl=en-US"
"elon musk","5K+","October 7, 2026 at 10:00:00 PM UTC","October 8, 2026 at 2:10:00 AM UTC","elon musk","https://trends.google.com/trends/explore?q=elon%20musk&geo=US&hl=en-US"
"arkansas vs texas a&m","100K+","October 3, 2026 at 10:00:00 PM UTC","October 4, 2026 at 2:50:00 PM UTC","arkansas vs texas a&m,a&m football","https://trends.google.com/trends/explore?q=arkansas%20vs%20texas%20a%26m&geo=US&hl=en-US"
"protect borrowers student loan report","5K+","October 7, 2026 at 6:40:00 PM UTC","October 8, 2026 at 1:20:00 AM UTC","protect borrowers student loan report","https://trends.google.com/trends/explore?q=protect%20borrowers%20student%20loan%20report&geo=US&hl=en-US"
"magma chamber","5K+","October 7, 2026 at 2:00:00 PM UTC","October 8, 2026 at 5:00:00 AM UTC","magma chamber","https://trends.google.com/trends/explore?q=magma%20chamber&geo=US&hl=en-US"
"brent crude oil price","1K+","October 8, 2026 at 9:50:00 AM UTC",,"brent crude oil price,shipping,oil,price of oil","https://trends.google.com/trends/explore?q=brent%20crude%20oil%20price&geo=US&hl=en-US"
"fossil","50K+","October 4, 2026 at 11:20:00 AM UTC","October 5, 2026 at 4:40:00 PM UTC","fossil","https://trends.google.com/trends/explore?q=fossil&geo=US&hl=en-US"
"bears game","200K+","October 4, 2026 at 5:20:00 PM UTC","October 4, 2026 at 9:10:00 PM UTC","bears game,chicago bears,bears vs jets,tyson bagent,bears,bears game today,kyle monangai,jets vs bears where to watch,bears jets,bears game sunday,new york jets vs chicago bears match player stats,jets bears,did the bears win today,where to watch bears game,where to watch new york jets vs chicago bears,monangai,what channel is the bears game on","https://trends.google.com/trends/explore?q=bears%20game&geo=US&hl=en-US"
"linda cardellini","2K+","October 8, 2026 at 3:20:00 AM UTC","October 8, 2026 at 8:50:00 AM UTC","linda cardellini","https://trends.google.com/trends/explore?q=linda%20cardellini&geo=US&hl=en-US"
"spencer jones","5K+","October 8, 2026 at 1:30:00 AM UTC","October 8, 2026 at 4:10:00 AM UTC","spencer jones,george lombard jr.","https://trends.google.com/trends/explore?q=spencer%20jones&geo=US&hl=en-US"
"iran economy","50K+","October 4, 2026 at 6:40:00 AM UTC","October 5, 2026 at 1:40:00 PM UTC","iran economy,iran currency","https://trends.google.com/trends/explore?q=iran%20economy&geo=US&hl=en-US"
"honduras vs jamaica","50K+","October 6, 2026 at 12:50:00 AM UTC","October 6, 2026 at 1:00:00 PM UTC","honduras vs jamaica,honduras - jamaica,honduras vs","https://trends.google.com/trends/explore?q=honduras%20vs%20jamaica&geo=US&hl=en-US"
"mac jones buccaneers trade rumors","2K+","October 8, 2026 at 11:30:00 AM UTC",,"mac jones buccaneers trade rumors","https://trends.google.com/trends/explore?q=mac%20jones%20buccaneers%20trade%20rumors&geo=US&hl=en-US"
"turkish airlines","200+","October 8, 2026 at 8:00:00 AM UTC",,"turkish airlines","https://trends.google.com/trends/explore?q=turkish%20airlines&geo=US&hl=en-US"
"portugal vs norway","200K+","October 4, 2026 at 5:50:00 PM UTC","October 4, 2026 at 11:30:00 PM UTC","portugal vs norway,francisco conceição","https://trends.google.com/trends/explore?q=portugal%20vs%20norway&geo=US&hl=en-US"
"chivas vs america","200K+","October 5, 2026 at 12:30:00 AM UTC","October 5, 2026 at 5:50:00 AM UTC","chivas vs america,america vs chivas,chivas,guadalajara vs américa,chivas vs américa,chivas vs,club américa,club america vs chivas,chivas de guadalajara,chivas america,guadalajara vs. américa,américa vs chivas en vivo hoy,club américa vs chivas","https://trends.google.com/trends/explore?q=chivas%20vs%20america&geo=US&hl=en-US"
"tyler mahle","10K+","October 7, 2026 at 10:10:00 PM UTC","October 8, 2026 at 1:10:00 AM UTC","tyler mahle,mahle braves","https://trends.google.com/trends/explore?q=tyler%20mahle&geo=US&hl=en-US"
"fever vs aces","200K+","October 2, 2026 at 12:10:00 AM UTC","October 2, 2026 at 12:50:00 PM UTC","fever vs aces,fever game,fever score,las vegas aces,fever vs aces where to watch,wnba,indiana fever vs las vegas aces match player stats,fever wnba,fever game tonight,aces wnba,indiana fever vs las vegas aces timeline,fever game today,fever aces,las vegas aces vs indiana fever match player stats,indiana fever score,where to watch indiana fever vs las vegas aces,fever basketball,myisha hines-allen,where to watch las vegas aces vs indiana fever,las vegas aces vs indiana fever timeline,stephanie white,aces fever,wnba playoff bracket","https://trends.google.com/trends/explore?q=fever%20vs%20aces&geo=US&hl=en-US"
"blizzard world of warcraft forever skyborne","5K+","October 7, 2026 at 12:00:00 PM UTC","October 7, 2026 at 11:50:00 PM UTC","blizzard world of warcraft forever skyborne","https://trends.google.com/trends/explore?q=blizzard%20world%20of%20warcraft%20forever%20skyborne&geo=US&hl=en-US"
"ncis new york","20K+","October 6, 2026 at 10:50:00 PM UTC","October 7, 2026 at 7:50:00 AM UTC","ncis new york,scott caan,ncis ny,ncis los angeles","https://trends.google.com/trends/explore?q=ncis%20new%20york&geo=US&hl=en-US"
"tyson summers","100K+","October 4, 2026 at 2:10:00 AM UTC","October 5, 2026 at 12:00:00 PM UTC","tyson summers,jim mora,colorado state football,oregon state vs co state,colorado state football defensive coordinator dismissal,colorado state defensive coordinator","https://trends.google.com/trends/explore?q=tyson%20summers&geo=US&hl=en-US"
"freddie freeman","20K+","October 7, 2026 at 11:40:00 PM UTC","October 8, 2026 at 2:10:00 AM UTC","freddie freeman,mauricio dubon,freddy freeman,dubon atlanta braves","https://trends.google.com/trends/explore?q=freddie%20freeman&geo=US&hl=en-US"
"survivor 51 recap","2K+","October 8, 2026 at 6:30:00 AM UTC","October 8, 2026 at 9:50:00 AM UTC","survivor 51 recap,survivor what i'm smellin' is stinky,carter survivor 51,kilby survivor","https://trends.google.com/trends/explore?q=survivor%2051%20recap&geo=US&hl=en-US"
"doing life tyler perry","50K+","October 2, 2026 at 10:00:00 PM UTC","October 5, 2026 at 6:50:00 AM UTC","doing life tyler perry,tyler perry doing life,doing life tyler perry cast","https://trends.google.com/trends/explore?q=doing%20life%20tyler%20perry&geo=US&hl=en-US"
"francia - bélgica","50K+","October 5, 2026 at 5:50:00 PM UTC","October 6, 2026 at 1:40:00 AM UTC","francia - bélgica,posiciones de selección de fútbol de francia contra selección de fútbol de bélgica,francia vs","https://trends.google.com/trends/explore?q=francia%20-%20b%C3%A9lgica&geo=US&hl=en-US"
"annie andrews","10K+","October 5, 2026 at 10:10:00 PM UTC","October 7, 2026 at 1:00:00 PM UTC","annie andrews","https://trends.google.com/trends/explore?q=annie%20andrews&geo=US&hl=en-US"
"bruno mars concert la","2K+","October 8, 2026 at 2:40:00 AM UTC","October 8, 2026 at 8:40:00 AM UTC","bruno mars concert la","https://trends.google.com/trends/explore?q=bruno%20mars%20concert%20la&geo=US&hl=en-US"
"earthquake","1K+","October 8, 2026 at 8:00:00 AM UTC","October 8, 2026 at 9:20:00 AM UTC","earthquake","https://trends.google.com/trends/explore?q=earthquake&geo=US&hl=en-US"
"matt reeves","50K+","October 5, 2026 at 5:30:00 PM UTC","October 6, 2026 at 12:00:00 PM UTC","matt reeves,the batman,the batman part ii,matt reeves the batman","https://trends.google.com/trends/explore?q=matt%20reeves&geo=US&hl=en-US"
"russ vought","10K+","October 6, 2026 at 9:00:00 PM UTC","October 7, 2026 at 9:30:00 PM UTC","russ vought","https://trends.google.com/trends/explore?q=russ%20vought&geo=US&hl=en-US"
"trump $5,000 check","20K+","October 5, 2026 at 2:00:00 AM UTC","October 5, 2026 at 10:10:00 PM UTC","trump $5,000 check,midterms","https://trends.google.com/trends/explore?q=trump%20%245%2C000%20check&geo=US&hl=en-US"
"prince harry news","50K+","October 5, 2026 at 2:30:00 PM UTC","October 6, 2026 at 1:40:00 AM UTC","prince harry news,william, prince of wales","https://trends.google.com/trends/explore?q=prince%20harry%20news&geo=US&hl=en-US"
"sarah ferguson","2K+","October 7, 2026 at 10:50:00 PM UTC","October 8, 2026 at 4:10:00 AM UTC","sarah ferguson","https://trends.google.com/trends/explore?q=sarah%20ferguson&geo=US&hl=en-US"
"tbs","5K+","October 7, 2026 at 8:10:00 PM UTC","October 8, 2026 at 3:40:00 AM UTC","tbs","https://trends.google.com/trends/explore?q=tbs&geo=US&hl=en-US"
"anduril","10K+","October 6, 2026 at 5:50:00 PM UTC","October 7, 2026 at 8:50:00 PM UTC","anduril,wes moore","https://trends.google.com/trends/explore?q=anduril&geo=US&hl=en-US"
"kentucky vs south carolina","100K+","October 3, 2026 at 7:20:00 PM UTC","October 4, 2026 at 1:20:00 PM UTC","kentucky vs south carolina,kentucky football,south carolina football,south carolina vs kentucky,will stein,uk football game today,sc football,carolina football,kentucky football schedule,kentucky south carolina,south carolina","https://trends.google.com/trends/explore?q=kentucky%20vs%20south%20carolina&geo=US&hl=en-US"
"disney believe cruise ship","5K+","October 8, 2026 at 12:50:00 AM UTC","October 8, 2026 at 3:50:00 AM UTC","disney believe cruise ship,disney believe,disney believe reveal","https://trends.google.com/trends/explore?q=disney%20believe%20cruise%20ship&geo=US&hl=en-US"
"shohei ohtani","20K+","October 7, 2026 at 11:10:00 PM UTC","October 8, 2026 at 2:20:00 AM UTC","shohei ohtani,ohtani,dodgers lineup today,atlanta braves score,braves score today","https://trends.google.com/trends/explore?q=shohei%20ohtani&geo=US&hl=en-US"
"harlem","100+","October 8, 2026 at 10:40:00 AM UTC",,"harlem","https://trends.google.com/trends/explore?q=harlem&geo=US&hl=en-US"
"blues vs blackhawks","10K+","October 6, 2026 at 11:10:00 PM UTC","October 7, 2026 at 12:30:00 PM UTC","blues vs blackhawks","https://trends.google.com/trends/explore?q=blues%20vs%20blackhawks&geo=US&hl=en-US"
"vanderbilt vs georgia","100K+","October 3, 2026 at 3:50:00 PM UTC","October 4, 2026 at 1:40:00 AM UTC","vanderbilt vs georgia,jared curtis,uga game today,uga vs vanderbilt","https://trends.google.com/trends/explore?q=vanderbilt%20vs%20georgia&geo=US&hl=en-US"
"giancarlo stanton","5K+","October 8, 2026 at 2:40:00 AM UTC","October 8, 2026 at 4:30:00 AM UTC","giancarlo stanton,stanton","https://trends.google.com/trends/explore?q=giancarlo%20stanton&geo=US&hl=en-US"
"archaeological discovery north dakota governor residence","5K+","October 7, 2026 at 7:10:00 PM UTC","October 8, 2026 at 1:00:00 AM UTC","archaeological discovery north dakota governor residence,north dakota governor property archaeological discovery","https://trends.google.com/trends/explore?q=archaeological%20discovery%20north%20dakota%20governor%20residence&geo=US&hl=en-US"
"golden knights vs kraken","10K+","October 7, 2026 at 12:50:00 AM UTC","October 7, 2026 at 12:20:00 PM UTC","golden knights vs kraken,seattle kraken,kraken,vegas golden knights","https://trends.google.com/trends/explore?q=golden%20knights%20vs%20kraken&geo=US&hl=en-US"
"caleb flynn sentence","20K+","October 5, 2026 at 7:00:00 PM UTC","October 6, 2026 at 2:10:00 PM UTC","caleb flynn sentence","https://trends.google.com/trends/explore?q=caleb%20flynn%20sentence&geo=US&hl=en-US"
"indiana vs rutgers","100K+","October 3, 2026 at 11:00:00 PM UTC","October 4, 2026 at 3:00:00 PM UTC","indiana vs rutgers,rutgers football,iu football game today,rutgers vs indiana","https://trends.google.com/trends/explore?q=indiana%20vs%20rutgers&geo=US&hl=en-US"
"rsd black friday 2026","20K+","October 6, 2026 at 5:30:00 PM UTC","October 7, 2026 at 7:10:00 AM UTC","rsd black friday 2026,record store day,record store day black friday 2026","https://trends.google.com/trends/explore?q=rsd%20black%20friday%202026&geo=US&hl=en-US"
"austin mccollum","5K+","October 7, 2026 at 1:20:00 AM UTC","October 7, 2026 at 3:50:00 PM UTC","austin mccollum","https://trends.google.com/trends/explore?q=austin%20mccollum&geo=US&hl=en-US"
"cholesterol","20K+","October 5, 2026 at 11:40:00 AM UTC","October 6, 2026 at 12:50:00 PM UTC","cholesterol","https://trends.google.com/trends/explore?q=cholesterol&geo=US&hl=en-US"
"dustin may","20K+","October 6, 2026 at 11:40:00 PM UTC","October 7, 2026 at 11:40:00 AM UTC","dustin may,nick pivetta,pivetta,dustin may vs padres","https://trends.google.com/trends/explore?q=dustin%20may&geo=US&hl=en-US"
"obj vikings","5K+","October 7, 2026 at 2:50:00 PM UTC","October 8, 2026 at 5:20:00 AM UTC","obj vikings","https://trends.google.com/trends/explore?q=obj%20vikings&geo=US&hl=en-US"
"breanna stewart","5K+","October 7, 2026 at 11:50:00 PM UTC","October 8, 2026 at 3:10:00 AM UTC","breanna stewart,pauline astier","https://trends.google.com/trends/explore?q=breanna%20stewart&geo=US&hl=en-US"
"federal bureau of investigation","20K+","October 3, 2026 at 6:40:00 PM UTC","October 5, 2026 at 1:40:00 PM UTC","federal bureau of investigation","https://trends.google.com/trends/explore?q=federal%20bureau%20of%20investigation&geo=US&hl=en-US"
"guatemala vs suriname","50K+","October 5, 2026 at 11:10:00 PM UTC","October 6, 2026 at 12:20:00 PM UTC","guatemala vs suriname,guatemala national football team,concacaf nations league standings,honduras national football team vs jamaica national football team standings,suriname vs guatemala,guatemala soccer","https://trends.google.com/trends/explore?q=guatemala%20vs%20suriname&geo=US&hl=en-US"
"last seen","5K+","October 7, 2026 at 10:50:00 PM UTC","October 8, 2026 at 5:50:00 AM UTC","last seen","https://trends.google.com/trends/explore?q=last%20seen&geo=US&hl=en-US"
"wral","200+","October 8, 2026 at 10:10:00 AM UTC","October 8, 2026 at 11:40:00 AM UTC","wral","https://trends.google.com/trends/explore?q=wral&geo=US&hl=en-US"
"payton talbott","50K+","October 3, 2026 at 5:20:00 AM UTC","October 4, 2026 at 7:30:00 PM UTC","payton talbott,deiveson figueiredo,sean o'malley,talbott,talbott ufc,sean o malley,payton talbot","https://trends.google.com/trends/explore?q=payton%20talbott&geo=US&hl=en-US"
"capitol police plaque lawsuit dismissal","100K+","October 1, 2026 at 7:40:00 PM UTC","October 2, 2026 at 8:20:00 PM UTC","capitol police plaque lawsuit dismissal","https://trends.google.com/trends/explore?q=capitol%20police%20plaque%20lawsuit%20dismissal&geo=US&hl=en-US"
"mike miller short track driver","50K+","October 2, 2026 at 2:10:00 AM UTC","October 3, 2026 at 4:20:00 PM UTC","mike miller short track driver,mike miller nascar","https://trends.google.com/trends/explore?q=mike%20miller%20short%20track%20driver&geo=US&hl=en-US"
"overwatch patch notes","10K+","October 6, 2026 at 5:10:00 PM UTC","October 7, 2026 at 7:50:00 AM UTC","overwatch patch notes,ow patch notes","https://trends.google.com/trends/explore?q=overwatch%20patch%20notes&geo=US&hl=en-US"
"cruzeiro vs são paulo","5K+","October 8, 2026 at 12:00:00 AM UTC","October 8, 2026 at 3:30:00 AM UTC","cruzeiro vs são paulo,cruzeiro x são paulo,cruzeiro,cruzeiro - são paulo","https://trends.google.com/trends/explore?q=cruzeiro%20vs%20s%C3%A3o%20paulo&geo=US&hl=en-US"
"emergency evacuation","20K+","October 6, 2026 at 2:40:00 PM UTC","October 7, 2026 at 1:30:00 AM UTC","emergency evacuation","https://trends.google.com/trends/explore?q=emergency%20evacuation&geo=US&hl=en-US"
"jordan spieth","2K+","October 7, 2026 at 11:20:00 PM UTC","October 8, 2026 at 3:30:00 AM UTC","jordan spieth","https://trends.google.com/trends/explore?q=jordan%20spieth&geo=US&hl=en-US"
"drew rasmussen","200K+","October 3, 2026 at 10:40:00 PM UTC","October 4, 2026 at 1:00:00 PM UTC","drew rasmussen,yankees,yankees game today,tampa bay rays,rays,yankees game,yankees - rays,new york yankees,yankee game today,yankee game,rays game,rays game today,nyy,yankees rays,austin wells,ny yankees,yankee score,yankees score,derek jeter,new york yankees vs tampa bay rays match player stats,alex rodriguez,yankee","https://trends.google.com/trends/explore?q=drew%20rasmussen&geo=US&hl=en-US"
"pak vs ind","100K+","October 3, 2026 at 3:30:00 AM UTC","October 3, 2026 at 3:20:00 PM UTC","pak vs ind,india vs pakistan,ind vs pak,pakistan vs india,cricbuzz,asian games men,india national cricket team vs pakistan national cricket team match scorecard,abhishek sharma,saad masood,pakistan national cricket team vs india national cricket team match scorecard,sahibzada farhan,maaz sadaqat,tilak varma,vaibhav sooryavanshi,pakistan national cricket team vs india national cricket team players","https://trends.google.com/trends/explore?q=pak%20vs%20ind&geo=US&hl=en-US"
"dakota johnson boyfriend","20K+","October 4, 2026 at 3:40:00 AM UTC","October 6, 2026 at 2:20:00 AM UTC","dakota johnson boyfriend","https://trends.google.com/trends/explore?q=dakota%20johnson%20boyfriend&geo=US&hl=en-US"
"francis halzen","20K+","October 6, 2026 at 9:50:00 AM UTC","October 7, 2026 at 6:40:00 AM UTC","francis halzen,nobel prize,antarctica,space,nobel prize physics","https://trends.google.com/trends/explore?q=francis%20halzen&geo=US&hl=en-US"
"south korea vs uzbekistan","20K+","October 6, 2026 at 10:50:00 AM UTC","October 6, 2026 at 11:00:00 PM UTC","south korea vs uzbekistan,son heung-min","https://trends.google.com/trends/explore?q=south%20korea%20vs%20uzbekistan&geo=US&hl=en-US"
"timberwolves vs bucks","20K+","October 6, 2026 at 12:20:00 AM UTC","October 6, 2026 at 1:20:00 PM UTC","timberwolves vs bucks,bucks vs thunder,minnesota timberwolves vs pacers match player stats,nuggets,pelicans vs thunder,golden state warriors vs portland trail blazers match player stats,nuggets vs jazz,pelicans,nets vs hornets,knicks vs 76ers match player stats,gsw,lakers vs golden state warriors match player stats,lakers vs sacramento kings match player stats,okc vs pelicans,thunder vs pelicans","https://trends.google.com/trends/explore?q=timberwolves%20vs%20bucks&geo=US&hl=en-US"
"jamaal williams","1K+","October 8, 2026 at 10:40:00 AM UTC",,"jamaal williams","https://trends.google.com/trends/explore?q=jamaal%20williams&geo=US&hl=en-US"
"brooke eby","50K+","October 2, 2026 at 5:50:00 AM UTC","October 3, 2026 at 4:20:00 PM UTC","brooke eby,brooke eby tiktok als passing","https://trends.google.com/trends/explore?q=brooke%20eby&geo=US&hl=en-US"
"andrei iosivas","10K+","October 6, 2026 at 10:30:00 AM UTC","October 7, 2026 at 11:50:00 AM UTC","andrei iosivas,gia duddy will levis","https://trends.google.com/trends/explore?q=andrei%20iosivas&geo=US&hl=en-US"
"washington vs usc","100K+","October 3, 2026 at 10:40:00 PM UTC","October 4, 2026 at 1:00:00 PM UTC","washington vs usc,usc vs washington,washington football,usc football,usc washington,pat mcafee,usc score,uw vs usc,usc football schedule,demond williams,luke wafle","https://trends.google.com/trends/explore?q=washington%20vs%20usc&geo=US&hl=en-US"
"anthony edwards","20K+","October 8, 2026 at 12:00:00 AM UTC","October 8, 2026 at 7:20:00 AM UTC","anthony edwards,minnesota timberwolves,lamelo ball","https://trends.google.com/trends/explore?q=anthony%20edwards&geo=US&hl=en-US"
"fusilamiento","5K+","October 7, 2026 at 3:00:00 AM UTC","October 7, 2026 at 8:40:00 PM UTC","fusilamiento","https://trends.google.com/trends/explore?q=fusilamiento&geo=US&hl=en-US"
"portugal - noruega","50K+","October 4, 2026 at 5:50:00 PM UTC","October 5, 2026 at 1:40:00 AM UTC","portugal - noruega","https://trends.google.com/trends/explore?q=portugal%20-%20noruega&geo=US&hl=en-US"
"gears of war e day","50K+","October 1, 2026 at 1:20:00 PM UTC","October 3, 2026 at 3:20:00 PM UTC","gears of war e day,gears of war: e-day","https://trends.google.com/trends/explore?q=gears%20of%20war%20e%20day&geo=US&hl=en-US"
"nba games","20K+","October 5, 2026 at 11:10:00 PM UTC","October 7, 2026 at 4:50:00 AM UTC","nba games","https://trends.google.com/trends/explore?q=nba%20games&geo=US&hl=en-US"
"disneyland paris turns away visitors","50K+","October 4, 2026 at 12:40:00 AM UTC","October 4, 2026 at 5:50:00 PM UTC","disneyland paris turns away visitors,disneyland paris","https://trends.google.com/trends/explore?q=disneyland%20paris%20turns%20away%20visitors&geo=US&hl=en-US"
"urban meyer","10K+","October 6, 2026 at 7:40:00 PM UTC","October 7, 2026 at 2:40:00 PM UTC","urban meyer,kyle whittingham","https://trends.google.com/trends/explore?q=urban%20meyer&geo=US&hl=en-US"
"starbucks","2K+","October 8, 2026 at 9:30:00 AM UTC","October 8, 2026 at 10:10:00 AM UTC","starbucks","https://trends.google.com/trends/explore?q=starbucks&geo=US&hl=en-US"
"flight","2K+","October 7, 2026 at 10:00:00 PM UTC","October 8, 2026 at 9:40:00 AM UTC","flight","https://trends.google.com/trends/explore?q=flight&geo=US&hl=en-US"
"yaxel lendeborg","5K+","October 7, 2026 at 2:20:00 AM UTC","October 7, 2026 at 3:30:00 PM UTC","yaxel lendeborg,steph curry","https://trends.google.com/trends/explore?q=yaxel%20lendeborg&geo=US&hl=en-US"
"ufc 335","20K+","October 4, 2026 at 12:40:00 AM UTC","October 5, 2026 at 8:40:00 AM UTC","ufc 335,joe rogan,sergei pavlovich,alex pereira,charles oliveira,ufc 335 fight card,diego lopes","https://trends.google.com/trends/explore?q=ufc%20335&geo=US&hl=en-US"
"pepsi","20K+","October 5, 2026 at 5:40:00 PM UTC","October 6, 2026 at 1:20:00 PM UTC","pepsi","https://trends.google.com/trends/explore?q=pepsi&geo=US&hl=en-US"
"jax state football","2K+","October 7, 2026 at 11:00:00 PM UTC","October 8, 2026 at 10:00:00 AM UTC","jax state football","https://trends.google.com/trends/explore?q=jax%20state%20football&geo=US&hl=en-US"
"souplantation","2K+","October 8, 2026 at 4:00:00 AM UTC","October 8, 2026 at 8:40:00 AM UTC","souplantation,souplantation coming back","https://trends.google.com/trends/explore?q=souplantation&geo=US&hl=en-US"
"ncis episode 1","10K+","October 6, 2026 at 11:00:00 AM UTC","October 7, 2026 at 2:50:00 AM UTC","ncis episode 1,ncis cast,michael weatherly,ncis cast 2026","https://trends.google.com/trends/explore?q=ncis%20episode%201&geo=US&hl=en-US"
"anime zero codes","2K+","October 8, 2026 at 5:30:00 AM UTC","October 8, 2026 at 9:00:00 AM UTC","anime zero codes","https://trends.google.com/trends/explore?q=anime%20zero%20codes&geo=US&hl=en-US"
"denmark vs portugal","200K+","October 1, 2026 at 5:50:00 PM UTC","October 2, 2026 at 6:30:00 AM UTC","denmark vs portugal,portugal vs denmark,portugal vs,uefa nations league","https://trends.google.com/trends/explore?q=denmark%20vs%20portugal&geo=US&hl=en-US"
"hershey reese pumpkin packaging change","5K+","October 6, 2026 at 9:40:00 PM UTC","October 7, 2026 at 2:40:00 PM UTC","hershey reese pumpkin packaging change,reese pumpkin candy carving disclaimer,reese s peanut butter pumpkins","https://trends.google.com/trends/explore?q=hershey%20reese%20pumpkin%20packaging%20change&geo=US&hl=en-US"
"colombia - perú","10K+","October 6, 2026 at 11:00:00 PM UTC","October 7, 2026 at 11:40:00 AM UTC","colombia - perú","https://trends.google.com/trends/explore?q=colombia%20-%20per%C3%BA&geo=US&hl=en-US"
"nfc east standings","100K+","October 4, 2026 at 8:10:00 PM UTC","October 5, 2026 at 12:00:00 PM UTC","nfc east standings,nfc north standings,49ers game today,vikings game today,undefeated nfl teams,cowboys game today,patriots score,nfl scores today sunday,nfc standings,commanders score,49ers score,patriots game today,giants score,afc north standings,nfl standing,colts commanders game,vikings score,cowboys standings,giants record,ny giants standings,vikings score today,nfl undefeated teams,giants score today,nfc south standings,nfl football today","https://trends.google.com/trends/explore?q=nfc%20east%20standings&geo=US&hl=en-US"
"pat murphy","5K+","October 8, 2026 at 5:00:00 AM UTC","October 8, 2026 at 6:50:00 AM UTC","pat murphy,jackson merrill","https://trends.google.com/trends/explore?q=pat%20murphy&geo=US&hl=en-US"
"vancouver vs chicago","20K+","October 6, 2026 at 11:40:00 PM UTC","October 7, 2026 at 4:30:00 AM UTC","vancouver vs chicago,chicago fire,whitecaps - chicago fire,vancouver whitecaps fc vs chicago fire fc standings,chicago fire fc","https://trends.google.com/trends/explore?q=vancouver%20vs%20chicago&geo=US&hl=en-US"
"yandy diaz","2K+","October 8, 2026 at 12:40:00 AM UTC","October 8, 2026 at 3:40:00 AM UTC","yandy diaz,yandy díaz","https://trends.google.com/trends/explore?q=yandy%20diaz&geo=US&hl=en-US"
"jennifer lundy universal orlando lawsuit","5K+","October 6, 2026 at 9:50:00 PM UTC","October 7, 2026 at 2:00:00 PM UTC","jennifer lundy universal orlando lawsuit","https://trends.google.com/trends/explore?q=jennifer%20lundy%20universal%20orlando%20lawsuit&geo=US&hl=en-US"
"asos hacked","20K+","October 6, 2026 at 8:50:00 AM UTC","October 6, 2026 at 8:20:00 PM UTC","asos hacked,asos,asos app hacked","https://trends.google.com/trends/explore?q=asos%20hacked&geo=US&hl=en-US"
"karoline leavitt","20K+","October 5, 2026 at 1:20:00 PM UTC","October 6, 2026 at 12:30:00 PM UTC","karoline leavitt,foxnews,fox news","https://trends.google.com/trends/explore?q=karoline%20leavitt&geo=US&hl=en-US"
"braves","100K+","October 7, 2026 at 12:50:00 AM UTC","October 7, 2026 at 1:50:00 AM UTC","braves,dodgers braves,alabama a&m vs jackson state,blackhawks vs sabres,padres brewers,milwaukee brewers vs padres timeline,atlanta braves,braves dodgers,sjsu vs hawaii,san diego padres,atlanta dream,norfolk state vs robert morris,la-monroe vs south alabama,guardians score,alabama state vs b-cu,padres vs milwaukee brewers timeline,eastern wa vs uc davis,morgan state vs villanova,john kruk,richmond vs lafayette,atlanta braves vs dodgers match player stats,utrgv vs east texas a&m,atlanta braves vs dodgers timeline,where to watch white sox vs cleveland guardians,brewers padres,alivia bierley,lad vs atl,alcorn state football,sd padres,new york yankees vs tampa bay rays timeline,jackson merrill","https://trends.google.com/trends/explore?q=braves&geo=US&hl=en-US"
"tom cotton daylight saving time opposition","20K+","October 6, 2026 at 12:20:00 PM UTC","October 7, 2026 at 12:20:00 AM UTC","tom cotton daylight saving time opposition,tom cotton,sunshine protection act,daylight savings,hallie shoffner,time change","https://trends.google.com/trends/explore?q=tom%20cotton%20daylight%20saving%20time%20opposition&geo=US&hl=en-US"
"iran","50K+","October 3, 2026 at 10:00:00 PM UTC","October 4, 2026 at 11:20:00 PM UTC","iran,relocation,bomber,us bombers withdraw raf fairford","https://trends.google.com/trends/explore?q=iran&geo=US&hl=en-US"
"dodgers game today","20K+","October 6, 2026 at 10:40:00 PM UTC","October 7, 2026 at 2:20:00 AM UTC","dodgers game today","https://trends.google.com/trends/explore?q=dodgers%20game%20today&geo=US&hl=en-US"
"islanders vs rangers","10K+","October 6, 2026 at 10:40:00 PM UTC","October 7, 2026 at 12:20:00 PM UTC","islanders vs rangers,rangers hockey,ny rangers,nyr,new york rangers,new york islanders,rangers vs islanders,alexis lafrenière","https://trends.google.com/trends/explore?q=islanders%20vs%20rangers&geo=US&hl=en-US"
"mark harmon","20K+","October 6, 2026 at 1:30:00 PM UTC","October 7, 2026 at 6:10:00 AM UTC","mark harmon,ncis,ncis origins","https://trends.google.com/trends/explore?q=mark%20harmon&geo=US&hl=en-US"
"paris","10K+","October 6, 2026 at 3:30:00 PM UTC","October 7, 2026 at 8:00:00 PM UTC","paris","https://trends.google.com/trends/explore?q=paris&geo=US&hl=en-US"
"chris olave","20K+","October 5, 2026 at 10:30:00 PM UTC","October 6, 2026 at 12:30:00 PM UTC","chris olave,olave,chris olave injury","https://trends.google.com/trends/explore?q=chris%20olave&geo=US&hl=en-US"
"jazz chisholm jr","5K+","October 8, 2026 at 2:20:00 AM UTC","October 8, 2026 at 8:40:00 AM UTC","jazz chisholm jr,jazz chisholm,jazz chisholm jr.,yankees lineup,yankees lineup today","https://trends.google.com/trends/explore?q=jazz%20chisholm%20jr&geo=US&hl=en-US"
"greenland shark cull bounty plan","10K+","October 6, 2026 at 3:30:00 AM UTC","October 6, 2026 at 5:40:00 PM UTC","greenland shark cull bounty plan,greenland sharks","https://trends.google.com/trends/explore?q=greenland%20shark%20cull%20bounty%20plan&geo=US&hl=en-US"
"jeff bezos","5K+","October 7, 2026 at 10:00:00 PM UTC","October 8, 2026 at 11:30:00 AM UTC","jeff bezos","https://trends.google.com/trends/explore?q=jeff%20bezos&geo=US&hl=en-US"
"world series winners","2K+","October 8, 2026 at 12:30:00 AM UTC","October 8, 2026 at 11:00:00 AM UTC","world series winners","https://trends.google.com/trends/explore?q=world%20series%20winners&geo=US&hl=en-US"
"lanterns","50K+","October 5, 2026 at 2:00:00 AM UTC","October 5, 2026 at 12:10:00 PM UTC","lanterns,lanterns episode 8,lanterns finale,man of tomorrow,john stewart new oath,lanterns finale hal jordan,hbo,aaron pierre,lanterns season finale,what time does lanterns come out,lanterns john stewart oath,how is noah a manhunter","https://trends.google.com/trends/explore?q=lanterns&geo=US&hl=en-US"
"kristen wiig","10K+","October 6, 2026 at 5:30:00 AM UTC","October 7, 2026 at 12:40:00 PM UTC","kristen wiig","https://trends.google.com/trends/explore?q=kristen%20wiig&geo=US&hl=en-US"
"mocha","20K+","October 5, 2026 at 4:30:00 AM UTC","October 6, 2026 at 4:20:00 AM UTC","mocha,yemen,on","https://trends.google.com/trends/explore?q=mocha&geo=US&hl=en-US"
"starbucks menu","5K+","October 8, 2026 at 12:40:00 AM UTC","October 8, 2026 at 10:10:00 AM UTC","starbucks menu,starbucks 2026 holiday cup collection","https://trends.google.com/trends/explore?q=starbucks%20menu&geo=US&hl=en-US"
"max muncy","5K+","October 8, 2026 at 12:50:00 AM UTC","October 8, 2026 at 2:30:00 AM UTC","max muncy","https://trends.google.com/trends/explore?q=max%20muncy&geo=US&hl=en-US"
"amber alert","5K+","October 7, 2026 at 11:10:00 PM UTC","October 8, 2026 at 1:10:00 AM UTC","amber alert,amber alert oregon,amber alert beaverton oregon,oregon amber alert,amber alert beaverton,beaverton amber alert,amber alert portland","https://trends.google.com/trends/explore?q=amber%20alert&geo=US&hl=en-US"
"student loan","10K+","October 7, 2026 at 1:00:00 PM UTC","October 7, 2026 at 6:30:00 PM UTC","student loan,student loans","https://trends.google.com/trends/explore?q=student%20loan&geo=US&hl=en-US"
"vienna ga","50K+","October 4, 2026 at 2:10:00 PM UTC","October 5, 2026 at 2:20:00 PM UTC","vienna ga,georgia shooting,mass shooting georgia,vienna georgia,dooly county,georgia mass shooting,georgia","https://trends.google.com/trends/explore?q=vienna%20ga&geo=US&hl=en-US"
"flash flood warning","5K+","October 8, 2026 at 1:10:00 AM UTC","October 8, 2026 at 2:50:00 AM UTC","flash flood warning","https://trends.google.com/trends/explore?q=flash%20flood%20warning&geo=US&hl=en-US"
"saquon barkley","50K+","October 4, 2026 at 5:20:00 PM UTC","October 4, 2026 at 9:20:00 PM UTC","saquon barkley,saquon barkley injury,dameon pierce,is saquon barkley hurt,quinyon mitchell,barkley,saquon injury,saquon,did the eagles win","https://trends.google.com/trends/explore?q=saquon%20barkley&geo=US&hl=en-US"
"maryland vs nebraska","100K+","October 3, 2026 at 7:10:00 PM UTC","October 4, 2026 at 3:50:00 AM UTC","maryland vs nebraska,nebraska football,husker football,maryland football,nebraska vs maryland,nebraska game,nebraska football score,huskers","https://trends.google.com/trends/explore?q=maryland%20vs%20nebraska&geo=US&hl=en-US"
"red wings","50K+","October 6, 2026 at 11:10:00 PM UTC","October 7, 2026 at 3:00:00 AM UTC","red wings,dylan larkin,detroit red wings,ottawa senators","https://trends.google.com/trends/explore?q=red%20wings&geo=US&hl=en-US"
"hurricanes vs canadiens","10K+","October 6, 2026 at 10:10:00 PM UTC","October 7, 2026 at 11:50:00 AM UTC","hurricanes vs canadiens","https://trends.google.com/trends/explore?q=hurricanes%20vs%20canadiens&geo=US&hl=en-US"
"coca-cola creamy vanilla holiday flavor","5K+","October 7, 2026 at 3:50:00 PM UTC","October 7, 2026 at 9:40:00 PM UTC","coca-cola creamy vanilla holiday flavor","https://trends.google.com/trends/explore?q=coca-cola%20creamy%20vanilla%20holiday%20flavor&geo=US&hl=en-US"
"daylight savings 2026","100K+","October 4, 2026 at 10:00:00 AM UTC","October 5, 2026 at 12:20:00 PM UTC","daylight savings 2026,when is daylight savings time,daylight savings,time change 2026,when does the time change,daylight saving time end date 2026,when does time change,daylight saving time,when does daylight savings time end,time change,fall back 2026,when is daylight savings,when do clocks fall back,time change fall 2026,day light savings,day light saving 2026,when does daylight savings time start","https://trends.google.com/trends/explore?q=daylight%20savings%202026&geo=US&hl=en-US"
"retirement age","10K+","October 7, 2026 at 3:10:00 PM UTC","October 7, 2026 at 5:50:00 PM UTC","retirement age","https://trends.google.com/trends/explore?q=retirement%20age&geo=US&hl=en-US"
"google messages","2K+","October 7, 2026 at 10:10:00 AM UTC","October 8, 2026 at 3:40:00 AM UTC","google messages","https://trends.google.com/trends/explore?q=google%20messages&geo=US&hl=en-US"
"prince harry, duke of sussex","20K+","October 3, 2026 at 8:40:00 PM UTC","October 5, 2026 at 12:20:00 PM UTC","prince harry, duke of sussex,prince harry and meghan markle lunch","https://trends.google.com/trends/explore?q=prince%20harry%2C%20duke%20of%20sussex&geo=US&hl=en-US"
"wings vs valkyries","100K+","October 3, 2026 at 12:10:00 AM UTC","October 3, 2026 at 12:50:00 PM UTC","wings vs valkyries,gabby williams,valkyries,dallas wings,golden state valkyries,veronica burton,tiffany hayes,alysha clark,dallas wings vs golden state valkyries match player stats,wings vs valkyries where to watch,dallas wings vs golden state valkyries timeline,valkyries game today,awak kuier,golden state valkyries vs dallas wings timeline","https://trends.google.com/trends/explore?q=wings%20vs%20valkyries&geo=US&hl=en-US"
"joyce beatty kennedy center lawsuit","5K+","October 6, 2026 at 11:30:00 PM UTC","October 7, 2026 at 10:10:00 PM UTC","joyce beatty kennedy center lawsuit","https://trends.google.com/trends/explore?q=joyce%20beatty%20kennedy%20center%20lawsuit&geo=US&hl=en-US"
"pro wrestler","10K+","October 6, 2026 at 1:10:00 PM UTC","October 6, 2026 at 9:00:00 PM UTC","pro wrestler","https://trends.google.com/trends/explore?q=pro%20wrestler&geo=US&hl=en-US"
"drishyam 3","20K+","October 2, 2026 at 5:20:00 AM UTC","October 4, 2026 at 9:00:00 AM UTC","drishyam 3","https://trends.google.com/trends/explore?q=drishyam%203&geo=US&hl=en-US"
"national coaches day","10K+","October 6, 2026 at 3:40:00 PM UTC","October 7, 2026 at 4:50:00 AM UTC","national coaches day","https://trends.google.com/trends/explore?q=national%20coaches%20day&geo=US&hl=en-US"
"senators vs red wings","5K+","October 6, 2026 at 10:10:00 PM UTC","October 7, 2026 at 11:40:00 AM UTC","senators vs red wings","https://trends.google.com/trends/explore?q=senators%20vs%20red%20wings&geo=US&hl=en-US"
"cj gardner johnson","20K+","October 4, 2026 at 10:40:00 PM UTC","October 6, 2026 at 12:20:00 AM UTC","cj gardner johnson,efton chism","https://trends.google.com/trends/explore?q=cj%20gardner%20johnson&geo=US&hl=en-US"
"nico paz","10K+","October 7, 2026 at 12:50:00 AM UTC","October 7, 2026 at 9:00:00 AM UTC","nico paz,nico paz argentina","https://trends.google.com/trends/explore?q=nico%20paz&geo=US&hl=en-US"
"chicago fire","10K+","October 8, 2026 at 1:20:00 AM UTC","October 8, 2026 at 3:00:00 AM UTC","chicago fire,chicago fire episode 1,is cruz leaving chicago fire,chicago fire cast changes","https://trends.google.com/trends/explore?q=chicago%20fire&geo=US&hl=en-US"
"italy vs türkiye","20K+","October 5, 2026 at 5:50:00 PM UTC","October 6, 2026 at 12:40:00 AM UTC","italy vs türkiye,italy national football team vs turkey national football team standings","https://trends.google.com/trends/explore?q=italy%20vs%20t%C3%BCrkiye&geo=US&hl=en-US"
"panthers vs kings","5K+","October 7, 2026 at 1:10:00 AM UTC","October 7, 2026 at 12:50:00 PM UTC","panthers vs kings","https://trends.google.com/trends/explore?q=panthers%20vs%20kings&geo=US&hl=en-US"
"baylor vs arizona state","50K+","October 4, 2026 at 1:40:00 AM UTC","October 4, 2026 at 2:40:00 PM UTC","baylor vs arizona state,baylor football,asu football,arizona state football,dj lagway,asu game,asu,asu vs baylor,baylor","https://trends.google.com/trends/explore?q=baylor%20vs%20arizona%20state&geo=US&hl=en-US"
"lanterns season 2","20K+","October 5, 2026 at 1:50:00 AM UTC","October 6, 2026 at 9:20:00 AM UTC","lanterns season 2","https://trends.google.com/trends/explore?q=lanterns%20season%202&geo=US&hl=en-US"
"nfl standings","100K+","October 4, 2026 at 8:10:00 PM UTC","October 5, 2026 at 12:00:00 PM UTC","nfl standings,why is case keenum not starting","https://trends.google.com/trends/explore?q=nfl%20standings&geo=US&hl=en-US"
"chris rock","10K+","October 5, 2026 at 12:10:00 PM UTC","October 6, 2026 at 1:10:00 PM UTC","chris rock","https://trends.google.com/trends/explore?q=chris%20rock&geo=US&hl=en-US"
"tampa bay rays vs new york yankees timeline","10K+","October 8, 2026 at 1:00:00 AM UTC","October 8, 2026 at 4:20:00 AM UTC","tampa bay rays vs new york yankees timeline,where to watch yankees game,what channel are the yankees on tonight,gerrit cole,mlb payrolls,what channel is the yankee game on tonight,where to watch yankees game today,what channel is the yankee game on today,where to watch new york yankees vs tampa bay rays,yandy diaz","https://trends.google.com/trends/explore?q=tampa%20bay%20rays%20vs%20new%20york%20yankees%20timeline&geo=US&hl=en-US"
"amber heard","10K+","October 6, 2026 at 2:50:00 PM UTC","October 7, 2026 at 11:40:00 AM UTC","amber heard","https://trends.google.com/trends/explore?q=amber%20heard&geo=US&hl=en-US"
"raiders fan chiefs game sign","10K+","October 6, 2026 at 4:20:00 PM UTC","October 7, 2026 at 1:10:00 AM UTC","raiders fan chiefs game sign","https://trends.google.com/trends/explore?q=raiders%20fan%20chiefs%20game%20sign&geo=US&hl=en-US"
"virginia vs florida state","100K+","October 3, 2026 at 6:40:00 PM UTC","October 4, 2026 at 3:20:00 AM UTC","virginia vs florida state,fsu football,virginia football,fsu vs virginia,fsu game today","https://trends.google.com/trends/explore?q=virginia%20vs%20florida%20state&geo=US&hl=en-US"
"españa - chequia","100K+","October 3, 2026 at 5:50:00 PM UTC","October 4, 2026 at 1:10:00 AM UTC","españa - chequia,españa vs. chequia,españa fc","https://trends.google.com/trends/explore?q=espa%C3%B1a%20-%20chequia&geo=US&hl=en-US"
"ziaire williams","10K+","October 6, 2026 at 2:20:00 AM UTC","October 6, 2026 at 3:00:00 PM UTC","ziaire williams","https://trends.google.com/trends/explore?q=ziaire%20williams&geo=US&hl=en-US"
"black clover","50K+","October 3, 2026 at 4:10:00 AM UTC","October 4, 2026 at 11:00:00 AM UTC","black clover,black clover season 2,black clover new season,black clover season 2 release date,when does black clover season 2 release","https://trends.google.com/trends/explore?q=black%20clover&geo=US&hl=en-US"
"xbox gta 6 streaming rights","5K+","October 6, 2026 at 11:00:00 PM UTC","October 7, 2026 at 12:00:00 PM UTC","xbox gta 6 streaming rights","https://trends.google.com/trends/explore?q=xbox%20gta%206%20streaming%20rights&geo=US&hl=en-US"
"pickleball","5K+","October 7, 2026 at 10:30:00 AM UTC","October 7, 2026 at 10:50:00 PM UTC","pickleball","https://trends.google.com/trends/explore?q=pickleball&geo=US&hl=en-US"
"the gilded age season 4","5K+","October 6, 2026 at 10:40:00 PM UTC","October 7, 2026 at 3:40:00 PM UTC","the gilded age season 4,the gilded age - season 4","https://trends.google.com/trends/explore?q=the%20gilded%20age%20season%204&geo=US&hl=en-US"
"julio jones talks about nick saban","5K+","October 7, 2026 at 1:30:00 AM UTC","October 7, 2026 at 5:30:00 PM UTC","julio jones talks about nick saban","https://trends.google.com/trends/explore?q=julio%20jones%20talks%20about%20nick%20saban&geo=US&hl=en-US"
"rockstar games gta 6 lucia statement","5K+","October 7, 2026 at 11:40:00 AM UTC","October 7, 2026 at 11:50:00 PM UTC","rockstar games gta 6 lucia statement,gta6","https://trends.google.com/trends/explore?q=rockstar%20games%20gta%206%20lucia%20statement&geo=US&hl=en-US"
"deportivo toluca fútbol club","500+","October 8, 2026 at 3:30:00 AM UTC","October 8, 2026 at 11:20:00 AM UTC","deportivo toluca fútbol club","https://trends.google.com/trends/explore?q=deportivo%20toluca%20f%C3%BAtbol%20club&geo=US&hl=en-US"
"jeffrey archer","10K+","October 5, 2026 at 9:20:00 PM UTC","October 6, 2026 at 4:10:00 PM UTC","jeffrey archer","https://trends.google.com/trends/explore?q=jeffrey%20archer&geo=US&hl=en-US"
"sam mcdowell","5K+","October 6, 2026 at 3:30:00 PM UTC","October 8, 2026 at 12:30:00 AM UTC","sam mcdowell","https://trends.google.com/trends/explore?q=sam%20mcdowell&geo=US&hl=en-US"
"state farm settlement","2K+","October 8, 2026 at 2:20:00 AM UTC","October 8, 2026 at 5:10:00 AM UTC","state farm settlement","https://trends.google.com/trends/explore?q=state%20farm%20settlement&geo=US&hl=en-US"
"ronald acuna jr","5K+","October 8, 2026 at 12:30:00 AM UTC","October 8, 2026 at 7:20:00 AM UTC","ronald acuna jr,braves score today,ronald acuna,ronald acuña jr.","https://trends.google.com/trends/explore?q=ronald%20acuna%20jr&geo=US&hl=en-US"
"dave ramsey","5K+","October 7, 2026 at 2:50:00 PM UTC","October 7, 2026 at 7:50:00 PM UTC","dave ramsey","https://trends.google.com/trends/explore?q=dave%20ramsey&geo=US&hl=en-US"
"maricarmen abascal","500+","October 7, 2026 at 8:30:00 PM UTC","October 8, 2026 at 11:30:00 AM UTC","maricarmen abascal","https://trends.google.com/trends/explore?q=maricarmen%20abascal&geo=US&hl=en-US"
"dean wade","10K+","October 5, 2026 at 11:30:00 PM UTC","October 6, 2026 at 1:10:00 PM UTC","dean wade","https://trends.google.com/trends/explore?q=dean%20wade&geo=US&hl=en-US"
"dave roberts","2K+","October 7, 2026 at 11:50:00 PM UTC","October 8, 2026 at 6:40:00 AM UTC","dave roberts","https://trends.google.com/trends/explore?q=dave%20roberts&geo=US&hl=en-US"
"house republicans majority election outlook","20K+","October 3, 2026 at 12:40:00 PM UTC","October 4, 2026 at 1:10:00 PM UTC","house republicans majority election outlook","https://trends.google.com/trends/explore?q=house%20republicans%20majority%20election%20outlook&geo=US&hl=en-US"
"montana state football","50K+","October 3, 2026 at 2:30:00 AM UTC","October 3, 2026 at 4:00:00 PM UTC","montana state football,montana state vs idaho,idaho football,idaho vs montana state,idaho vandals,montana state vs idaho prediction,montana state","https://trends.google.com/trends/explore?q=montana%20state%20football&geo=US&hl=en-US"
"braves","200K+","October 2, 2026 at 12:10:00 AM UTC","October 2, 2026 at 12:10:00 PM UTC","braves,atlanta braves,braves game,chris sale,ozzie albies,michael harris ii,phillies - braves,walt weiss,grant holmes,braves phillies,did the phillies win last night,raisel iglesias,ray kerr story,michael harris,did the braves win last night,phillies braves game,atlanta braves schedule","https://trends.google.com/trends/explore?q=braves&geo=US&hl=en-US"
"glen powell","2K+","October 7, 2026 at 11:40:00 PM UTC","October 8, 2026 at 10:10:00 AM UTC","glen powell","https://trends.google.com/trends/explore?q=glen%20powell&geo=US&hl=en-US"
"cam booser","2K+","October 8, 2026 at 2:40:00 AM UTC","October 8, 2026 at 4:00:00 AM UTC","cam booser","https://trends.google.com/trends/explore?q=cam%20booser&geo=US&hl=en-US"
"west virginia vs iowa state","100K+","October 3, 2026 at 3:00:00 PM UTC","October 4, 2026 at 12:10:00 AM UTC","west virginia vs iowa state,iowa state football,west virginia football,isu football,aiden flora,iowa state vs west virginia,wvu vs iowa state,wvu game today","https://trends.google.com/trends/explore?q=west%20virginia%20vs%20iowa%20state&geo=US&hl=en-US"
"dancing with the stars tour","10K+","October 7, 2026 at 1:10:00 AM UTC","October 7, 2026 at 2:10:00 PM UTC","dancing with the stars tour,dwts tour 2027,dancing with the stars tour 2027,dwts tour dates,dwts live tour","https://trends.google.com/trends/explore?q=dancing%20with%20the%20stars%20tour&geo=US&hl=en-US"
"padres","100K+","October 4, 2026 at 1:10:00 AM UTC","October 4, 2026 at 5:30:00 AM UTC","padres,padres game,padres game today,ty france,manny machado,william contreras,padres - brewers,milwaukee,padres manager,padres score,padres vs milwaukee brewers match player stats,trevor megill,brewer game,mlb games today,megill brewers,contreras brewers,padres vs milwaukee brewers,baseball savant","https://trends.google.com/trends/explore?q=padres&geo=US&hl=en-US"
"patty hearst","5K+","October 6, 2026 at 11:50:00 PM UTC","October 7, 2026 at 1:30:00 PM UTC","patty hearst,bill harris","https://trends.google.com/trends/explore?q=patty%20hearst&geo=US&hl=en-US"
"runescape 4","20K+","October 3, 2026 at 8:00:00 PM UTC","October 4, 2026 at 6:40:00 PM UTC","runescape 4,runescape 4 mmo,runescape mmo,runescape reignited,rs4","https://trends.google.com/trends/explore?q=runescape%204&geo=US&hl=en-US"
"daycare","1K+","October 8, 2026 at 3:00:00 AM UTC","October 8, 2026 at 9:30:00 AM UTC","daycare","https://trends.google.com/trends/explore?q=daycare&geo=US&hl=en-US"
"week 5 fantasy rankings","10K+","October 7, 2026 at 2:10:00 AM UTC","October 7, 2026 at 1:50:00 PM UTC","week 5 fantasy rankings,will shipley,waiver wire week 5,nfl football,qb rankings week 5,week 5 qb rankings,week 5 waiver wire pickups","https://trends.google.com/trends/explore?q=week%205%20fantasy%20rankings&geo=US&hl=en-US"
"the rookie","5K+","October 7, 2026 at 12:40:00 AM UTC","October 7, 2026 at 4:30:00 PM UTC","the rookie","https://trends.google.com/trends/explore?q=the%20rookie&geo=US&hl=en-US"
"webull","5K+","October 7, 2026 at 11:20:00 AM UTC","October 8, 2026 at 3:50:00 AM UTC","webull,bull stock","https://trends.google.com/trends/explore?q=webull&geo=US&hl=en-US"
"rowdy tellez","10K+","October 8, 2026 at 1:00:00 AM UTC","October 8, 2026 at 2:10:00 AM UTC","rowdy tellez,tellez braves","https://trends.google.com/trends/explore?q=rowdy%20tellez&geo=US&hl=en-US"
"washington commanders","50K+","October 4, 2026 at 1:00:00 PM UTC","October 4, 2026 at 6:00:00 PM UTC","washington commanders,commanders game,nfl network,kurt warner,redskins game,jason kelce","https://trends.google.com/trends/explore?q=washington%20commanders&geo=US&hl=en-US"
"phillies","200K+","October 2, 2026 at 12:20:00 AM UTC","October 2, 2026 at 11:40:00 AM UTC","phillies,phillies score,don mattingly,did the phillies win,phillies manager","https://trends.google.com/trends/explore?q=phillies&geo=US&hl=en-US"
"mi state vs wisconsin","50K+","October 3, 2026 at 3:30:00 PM UTC","October 3, 2026 at 11:50:00 PM UTC","mi state vs wisconsin,badgers,msu football,badgers football","https://trends.google.com/trends/explore?q=mi%20state%20vs%20wisconsin&geo=US&hl=en-US"
"painting","20K+","October 5, 2026 at 4:40:00 AM UTC","October 5, 2026 at 4:40:00 PM UTC","painting,auction,gertrude abercrombie","https://trends.google.com/trends/explore?q=painting&geo=US&hl=en-US"
"byu vs tcu","100K+","October 3, 2026 at 10:10:00 PM UTC","October 4, 2026 at 11:40:00 AM UTC","byu vs tcu,byu football,tcu football,byu game,byu,bear bachmeier,tcu vs byu,byu score,byu football schedule,byu vs tcu prediction","https://trends.google.com/trends/explore?q=byu%20vs%20tcu&geo=US&hl=en-US"
"nyl vs atl","2K+","October 7, 2026 at 11:40:00 PM UTC","October 8, 2026 at 2:30:00 AM UTC","nyl vs atl,lad vs atl,valkyries schedule,atl vs nyl","https://trends.google.com/trends/explore?q=nyl%20vs%20atl&geo=US&hl=en-US"
"trevor megill","1K+","October 8, 2026 at 5:00:00 AM UTC","October 8, 2026 at 6:20:00 AM UTC","trevor megill","https://trends.google.com/trends/explore?q=trevor%20megill&geo=US&hl=en-US"
"nathan gallagher","10K+","October 6, 2026 at 7:20:00 PM UTC","October 7, 2026 at 5:10:00 AM UTC","nathan gallagher,nathan gallagher below deck final episode,nathan below deck","https://trends.google.com/trends/explore?q=nathan%20gallagher&geo=US&hl=en-US"
"costa rica vs haiti","50K+","October 4, 2026 at 11:10:00 PM UTC","October 5, 2026 at 12:20:00 PM UTC","costa rica vs haiti,costa rica - haití,haiti vs costa rica,costa rica – haïti","https://trends.google.com/trends/explore?q=costa%20rica%20vs%20haiti&geo=US&hl=en-US"
"hubspot","5K+","October 6, 2026 at 1:00:00 PM UTC","October 7, 2026 at 8:40:00 PM UTC","hubspot","https://trends.google.com/trends/explore?q=hubspot&geo=US&hl=en-US"
"jackson olson","20K+","October 7, 2026 at 1:10:00 AM UTC","October 7, 2026 at 5:30:00 AM UTC","jackson olson,what did jackson olson say about guillermo,jackson olson guillermo","https://trends.google.com/trends/explore?q=jackson%20olson&geo=US&hl=en-US"
"mexico-united states border","20K+","October 6, 2026 at 12:40:00 PM UTC","October 6, 2026 at 8:00:00 PM UTC","mexico-united states border,united states coast guard,mexico--united states border,mexico","https://trends.google.com/trends/explore?q=mexico-united%20states%20border&geo=US&hl=en-US"
"trey mcbride","50K+","October 4, 2026 at 7:00:00 PM UTC","October 5, 2026 at 3:40:00 PM UTC","trey mcbride,adrian hill,cardinals,jeff seeman,cardinals nfl,nfl referee suspended","https://trends.google.com/trends/explore?q=trey%20mcbride&geo=US&hl=en-US"
"beta pictoris b radio emission","50K+","October 2, 2026 at 3:40:00 PM UTC","October 3, 2026 at 12:20:00 PM UTC","beta pictoris b radio emission,beta pictoris b radio signals,solar system","https://trends.google.com/trends/explore?q=beta%20pictoris%20b%20radio%20emission&geo=US&hl=en-US"
"abdul el-sayed","5K+","October 7, 2026 at 10:30:00 AM UTC","October 7, 2026 at 6:00:00 PM UTC","abdul el-sayed","https://trends.google.com/trends/explore?q=abdul%20el-sayed&geo=US&hl=en-US"
"mookie betts","2K+","October 7, 2026 at 10:50:00 PM UTC","October 8, 2026 at 2:20:00 AM UTC","mookie betts","https://trends.google.com/trends/explore?q=mookie%20betts&geo=US&hl=en-US"
"law & order: special victims unit - season 28","5K+","October 7, 2026 at 12:00:00 PM UTC","October 7, 2026 at 6:20:00 PM UTC","law & order: special victims unit - season 28,law and order svu","https://trends.google.com/trends/explore?q=law%20%26%20order%3A%20special%20victims%20unit%20-%20season%2028&geo=US&hl=en-US"
"hubert hurkacz","500+","October 8, 2026 at 6:00:00 AM UTC","October 8, 2026 at 8:20:00 AM UTC","hubert hurkacz","https://trends.google.com/trends/explore?q=hubert%20hurkacz&geo=US&hl=en-US"
"vix","10K+","October 6, 2026 at 10:00:00 PM UTC","October 7, 2026 at 3:30:00 AM UTC","vix","https://trends.google.com/trends/explore?q=vix&geo=US&hl=en-US"
"virus","1K+","October 8, 2026 at 1:00:00 AM UTC","October 8, 2026 at 6:10:00 AM UTC","virus","https://trends.google.com/trends/explore?q=virus&geo=US&hl=en-US"
"croacia - inglaterra","50K+","October 3, 2026 at 3:10:00 PM UTC","October 3, 2026 at 10:40:00 PM UTC","croacia - inglaterra,inglaterra vs","https://trends.google.com/trends/explore?q=croacia%20-%20inglaterra&geo=US&hl=en-US"
"india vs uruguay","10K+","October 6, 2026 at 1:10:00 PM UTC","October 6, 2026 at 10:30:00 PM UTC","india vs uruguay,uruguay vs india,uruguay vs","https://trends.google.com/trends/explore?q=india%20vs%20uruguay&geo=US&hl=en-US"
"department of homeland security opt fee","5K+","October 7, 2026 at 6:50:00 PM UTC","October 7, 2026 at 11:50:00 PM UTC","department of homeland security opt fee,dhs international graduate work fee,international student","https://trends.google.com/trends/explore?q=department%20of%20homeland%20security%20opt%20fee&geo=US&hl=en-US"
"pokémon","10K+","October 5, 2026 at 10:00:00 PM UTC","October 6, 2026 at 3:20:00 PM UTC","pokémon","https://trends.google.com/trends/explore?q=pok%C3%A9mon&geo=US&hl=en-US"
"pedro martinez","2K+","October 7, 2026 at 11:30:00 PM UTC","October 8, 2026 at 4:40:00 AM UTC","pedro martinez","https://trends.google.com/trends/explore?q=pedro%20martinez&geo=US&hl=en-US"
"hannah waddingham","2K+","October 8, 2026 at 12:30:00 AM UTC","October 8, 2026 at 5:40:00 AM UTC","hannah waddingham","https://trends.google.com/trends/explore?q=hannah%20waddingham&geo=US&hl=en-US"
"iwsc 2026 bourbon winner","20K+","October 4, 2026 at 10:20:00 PM UTC","October 5, 2026 at 3:50:00 PM UTC","iwsc 2026 bourbon winner","https://trends.google.com/trends/explore?q=iwsc%202026%20bourbon%20winner&geo=US&hl=en-US"
"novig","20K+","October 8, 2026 at 2:30:00 AM UTC","October 8, 2026 at 3:40:00 AM UTC","novig","https://trends.google.com/trends/explore?q=novig&geo=US&hl=en-US"
"ray j","20K+","October 1, 2026 at 11:10:00 PM UTC","October 4, 2026 at 11:20:00 AM UTC","ray j","https://trends.google.com/trends/explore?q=ray%20j&geo=US&hl=en-US"
"josue de paula","2K+","October 8, 2026 at 12:10:00 AM UTC","October 8, 2026 at 2:20:00 AM UTC","josue de paula,de paula dodgers","https://trends.google.com/trends/explore?q=josue%20de%20paula&geo=US&hl=en-US"
"fernando tatis jr","2K+","October 8, 2026 at 2:50:00 AM UTC","October 8, 2026 at 5:40:00 AM UTC","fernando tatis jr","https://trends.google.com/trends/explore?q=fernando%20tatis%20jr&geo=US&hl=en-US"
"martin landaluce","200+","October 8, 2026 at 10:00:00 AM UTC","October 8, 2026 at 11:20:00 AM UTC","martin landaluce","https://trends.google.com/trends/explore?q=martin%20landaluce&geo=US&hl=en-US"
"trump san antonio","2K+","October 7, 2026 at 9:50:00 PM UTC","October 8, 2026 at 3:30:00 AM UTC","trump san antonio","https://trends.google.com/trends/explore?q=trump%20san%20antonio&geo=US&hl=en-US"
"caleb love","10K+","October 6, 2026 at 12:00:00 AM UTC","October 6, 2026 at 1:20:00 PM UTC","caleb love","https://trends.google.com/trends/explore?q=caleb%20love&geo=US&hl=en-US"
"micah potter","1K+","October 8, 2026 at 3:30:00 AM UTC","October 8, 2026 at 7:10:00 AM UTC","micah potter","https://trends.google.com/trends/explore?q=micah%20potter&geo=US&hl=en-US"
"posiciones de selección de fútbol de guatemala contra selección de fútbol de surinam","10K+","October 6, 2026 at 2:20:00 AM UTC","October 6, 2026 at 12:50:00 PM UTC","posiciones de selección de fútbol de guatemala contra selección de fútbol de surinam","https://trends.google.com/trends/explore?q=posiciones%20de%20selecci%C3%B3n%20de%20f%C3%BAtbol%20de%20guatemala%20contra%20selecci%C3%B3n%20de%20f%C3%BAtbol%20de%20surinam&geo=US&hl=en-US"
"alabama vs mississippi state","20K+","October 3, 2026 at 12:40:00 PM UTC","October 4, 2026 at 2:30:00 AM UTC","alabama vs mississippi state,mississippi state,college football tonight","https://trends.google.com/trends/explore?q=alabama%20vs%20mississippi%20state&geo=US&hl=en-US"
"ray kerr","50K+","October 1, 2026 at 3:50:00 PM UTC","October 2, 2026 at 4:00:00 PM UTC","ray kerr,aaron nola,zack wheeler,kerr braves,dominic smith,mauricio dubon","https://trends.google.com/trends/explore?q=ray%20kerr&geo=US&hl=en-US"
"alabama football","200K+","October 3, 2026 at 4:40:00 PM UTC","October 3, 2026 at 7:50:00 PM UTC","alabama football,mississippi state football,alabama vs mississippi state prediction,ms state football,alabama mississippi state,ms state vs alabama,keelon russell,mississippi state vs alabama,anthony evans iii,alabama crimson tide football vs mississippi state bulldogs football match player stats,msu vs alabama,where to watch alabama crimson tide football vs mississippi state bulldogs football,mississippi state football schedule,what channel is the alabama game on,alabama crimson tide football,miss state football","https://trends.google.com/trends/explore?q=alabama%20football&geo=US&hl=en-US"
"cincinnati vs arizona","20K+","October 4, 2026 at 2:10:00 AM UTC","October 4, 2026 at 2:50:00 PM UTC","cincinnati vs arizona,arizona football,cincinnati bearcats football,cincinnati football,uc football,arizona wildcats football,bearcats football","https://trends.google.com/trends/explore?q=cincinnati%20vs%20arizona&geo=US&hl=en-US"
"saints schedule","10K+","October 5, 2026 at 9:10:00 PM UTC","October 6, 2026 at 11:10:00 AM UTC","saints schedule","https://trends.google.com/trends/explore?q=saints%20schedule&geo=US&hl=en-US"
"panthers schedule","50K+","October 4, 2026 at 11:30:00 PM UTC","October 5, 2026 at 1:50:00 PM UTC","panthers schedule,sunday night football tonight,lions vs panthers where to watch,panthers depth chart,lions vs panthers prediction,who plays sunday night football,detroit lions game today,where to watch lions game today,lions depth chart,where to watch lions game,lions panthers prediction","https://trends.google.com/trends/explore?q=panthers%20schedule&geo=US&hl=en-US"
"rhyne howard","2K+","October 8, 2026 at 12:10:00 AM UTC","October 8, 2026 at 3:10:00 AM UTC","rhyne howard","https://trends.google.com/trends/explore?q=rhyne%20howard&geo=US&hl=en-US"
"braxton berrios","5K+","October 6, 2026 at 11:50:00 PM UTC","October 7, 2026 at 12:30:00 PM UTC","braxton berrios","https://trends.google.com/trends/explore?q=braxton%20berrios&geo=US&hl=en-US"
"ind vs wi","50K+","October 3, 2026 at 8:00:00 AM UTC","October 3, 2026 at 4:40:00 PM UTC","ind vs wi,india national cricket team vs west indies cricket team match scorecard,shai hope,kl rahul","https://trends.google.com/trends/explore?q=ind%20vs%20wi&geo=US&hl=en-US"
"orlando magic","2K+","October 8, 2026 at 12:00:00 AM UTC","October 8, 2026 at 3:40:00 AM UTC","orlando magic,memphis grizzlies,grizzlies","https://trends.google.com/trends/explore?q=orlando%20magic&geo=US&hl=en-US"
"trump 500 check","20K+","October 2, 2026 at 2:10:00 AM UTC","October 3, 2026 at 12:40:00 AM UTC","trump 500 check,trump sending 500 dollars,aca refund checks","https://trends.google.com/trends/explore?q=trump%20500%20check&geo=US&hl=en-US"
"sailors rescued after whale collision","50K+","October 1, 2026 at 1:20:00 PM UTC","October 2, 2026 at 4:30:00 AM UTC","sailors rescued after whale collision,sperm whale sinks yacht","https://trends.google.com/trends/explore?q=sailors%20rescued%20after%20whale%20collision&geo=US&hl=en-US"
"getty","20K+","October 3, 2026 at 5:50:00 AM UTC","October 4, 2026 at 5:10:00 AM UTC","getty","https://trends.google.com/trends/explore?q=getty&geo=US&hl=en-US"
"griffin jax","2K+","October 8, 2026 at 2:00:00 AM UTC","October 8, 2026 at 3:50:00 AM UTC","griffin jax","https://trends.google.com/trends/explore?q=griffin%20jax&geo=US&hl=en-US"
"blackhawks","20K+","October 7, 2026 at 1:30:00 AM UTC","October 7, 2026 at 4:00:00 AM UTC","blackhawks,chicago blackhawks,patrick kane,st louis blues,stl blues,blackhawks game,blackhawks score","https://trends.google.com/trends/explore?q=blackhawks&geo=US&hl=en-US"
"derek jeter","1K+","October 8, 2026 at 1:50:00 AM UTC","October 8, 2026 at 6:50:00 AM UTC","derek jeter","https://trends.google.com/trends/explore?q=derek%20jeter&geo=US&hl=en-US"
"jonquel jones","2K+","October 8, 2026 at 12:20:00 AM UTC","October 8, 2026 at 2:40:00 AM UTC","jonquel jones","https://trends.google.com/trends/explore?q=jonquel%20jones&geo=US&hl=en-US"
"chip city","20K+","October 2, 2026 at 9:40:00 AM UTC","October 3, 2026 at 4:40:00 PM UTC","chip city,new york city police department","https://trends.google.com/trends/explore?q=chip%20city&geo=US&hl=en-US"
"atlanta dream wnba playoffs attendance","5K+","October 6, 2026 at 10:10:00 PM UTC","October 7, 2026 at 1:30:00 PM UTC","atlanta dream wnba playoffs attendance","https://trends.google.com/trends/explore?q=atlanta%20dream%20wnba%20playoffs%20attendance&geo=US&hl=en-US"
"game pass games","2K+","October 8, 2026 at 3:50:00 AM UTC","October 8, 2026 at 6:40:00 AM UTC","game pass games,xbox game pass","https://trends.google.com/trends/explore?q=game%20pass%20games&geo=US&hl=en-US"
"logan almodova","10K+","October 5, 2026 at 2:50:00 AM UTC","October 5, 2026 at 8:10:00 PM UTC","logan almodova","https://trends.google.com/trends/explore?q=logan%20almodova&geo=US&hl=en-US"
"guillermo dancing with the stars","5K+","October 7, 2026 at 1:00:00 AM UTC","October 7, 2026 at 1:10:00 PM UTC","guillermo dancing with the stars","https://trends.google.com/trends/explore?q=guillermo%20dancing%20with%20the%20stars&geo=US&hl=en-US"
"other mommy release date","2K+","October 8, 2026 at 12:30:00 AM UTC","October 8, 2026 at 7:30:00 AM UTC","other mommy release date","https://trends.google.com/trends/explore?q=other%20mommy%20release%20date&geo=US&hl=en-US"
"trump in grand island","20K+","October 6, 2026 at 12:20:00 AM UTC","October 6, 2026 at 2:30:00 PM UTC","trump in grand island,donald trump","https://trends.google.com/trends/explore?q=trump%20in%20grand%20island&geo=US&hl=en-US"
"michael flatley","10K+","October 5, 2026 at 10:00:00 PM UTC","October 6, 2026 at 1:20:00 PM UTC","michael flatley,niamh o brien","https://trends.google.com/trends/explore?q=michael%20flatley&geo=US&hl=en-US"
"elmley castle","10K+","October 5, 2026 at 4:50:00 PM UTC","October 6, 2026 at 1:00:00 PM UTC","elmley castle","https://trends.google.com/trends/explore?q=elmley%20castle&geo=US&hl=en-US"
"ben affleck","10K+","October 6, 2026 at 8:30:00 AM UTC","October 6, 2026 at 5:40:00 PM UTC","ben affleck","https://trends.google.com/trends/explore?q=ben%20affleck&geo=US&hl=en-US"
"internacional vs corinthians","2K+","October 7, 2026 at 9:50:00 PM UTC","October 8, 2026 at 1:20:00 AM UTC","internacional vs corinthians","https://trends.google.com/trends/explore?q=internacional%20vs%20corinthians&geo=US&hl=en-US"
"horario de verano","20K+","October 5, 2026 at 9:30:00 AM UTC","October 5, 2026 at 6:00:00 PM UTC","horario de verano","https://trends.google.com/trends/explore?q=horario%20de%20verano&geo=US&hl=en-US"
"chuba hubbard","20K+","October 4, 2026 at 11:40:00 PM UTC","October 5, 2026 at 12:10:00 PM UTC","chuba hubbard,panthers head coach","https://trends.google.com/trends/explore?q=chuba%20hubbard&geo=US&hl=en-US"
"rob sand","5K+","October 7, 2026 at 1:30:00 AM UTC","October 7, 2026 at 1:40:00 PM UTC","rob sand,zach lahn,iowa governor debate,kwqc","https://trends.google.com/trends/explore?q=rob%20sand&geo=US&hl=en-US"
"canadian driver detained us border","10K+","October 5, 2026 at 6:20:00 PM UTC","October 6, 2026 at 4:20:00 AM UTC","canadian driver detained us border","https://trends.google.com/trends/explore?q=canadian%20driver%20detained%20us%20border&geo=US&hl=en-US"
"aaron rodgers","100K+","October 2, 2026 at 12:10:00 AM UTC","October 2, 2026 at 12:20:00 PM UTC","aaron rodgers,mike mccarthy,steelers coach,mike mccarthy comments on aaron rodgers,steelers head coach,browns coach,aaron rodgers and mike mccarthy,aaron rodgers mike mccarthy","https://trends.google.com/trends/explore?q=aaron%20rodgers&geo=US&hl=en-US"
"haiku 5.5","2K+","October 7, 2026 at 6:10:00 PM UTC","October 7, 2026 at 11:10:00 PM UTC","haiku 5.5","https://trends.google.com/trends/explore?q=haiku%205.5&geo=US&hl=en-US"
"register to vote","10K+","October 5, 2026 at 2:40:00 PM UTC","October 6, 2026 at 5:50:00 AM UTC","register to vote","https://trends.google.com/trends/explore?q=register%20to%20vote&geo=US&hl=en-US"
"peyton manning son marshall offers","5K+","October 6, 2026 at 9:50:00 PM UTC","October 7, 2026 at 1:20:00 PM UTC","peyton manning son marshall offers,college football offers marshall manning","https://trends.google.com/trends/explore?q=peyton%20manning%20son%20marshall%20offers&geo=US&hl=en-US"
"warriors","20K+","October 4, 2026 at 10:40:00 PM UTC","October 5, 2026 at 8:40:00 AM UTC","warriors,golden state warriors,warriors vs clippers,warriors game,keaton wagler","https://trends.google.com/trends/explore?q=warriors&geo=US&hl=en-US"
"barcelona - real madrid c. f. femenino","50K+","October 4, 2026 at 4:10:00 PM UTC","October 4, 2026 at 9:30:00 PM UTC","barcelona - real madrid c. f. femenino,barcelona vs real madrid,real madrid vs barcelona","https://trends.google.com/trends/explore?q=barcelona%20-%20real%20madrid%20c.%20f.%20femenino&geo=US&hl=en-US"
"canada vs peru","50K+","October 3, 2026 at 5:10:00 PM UTC","October 4, 2026 at 1:10:00 AM UTC","canada vs peru,canadá - perú","https://trends.google.com/trends/explore?q=canada%20vs%20peru&geo=US&hl=en-US"
"shivon zilis","20K+","October 2, 2026 at 4:40:00 PM UTC","October 3, 2026 at 4:00:00 PM UTC","shivon zilis","https://trends.google.com/trends/explore?q=shivon%20zilis&geo=US&hl=en-US"
"nico collins","100K+","October 4, 2026 at 12:50:00 PM UTC","October 4, 2026 at 8:50:00 PM UTC","nico collins,brock bowers,49ers schedule,tyree wilson,michael mayer,chiefs schedule,kansas city chiefs schedule,seth mcgowan,deebo samuel,cooper dejean,matt gay,saints coach,ryan fitzgerald,kc chiefs schedule,ravens depth chart,roger goodell,cj henderson,hurricane katrina,saints roster,jadeveon clowney,scott fujita,matt gay kicker,tyler allgeier,2026,panthers kicker,bills game sunday,darnell mooney","https://trends.google.com/trends/explore?q=nico%20collins&geo=US&hl=en-US"
"nike stock","50K+","October 1, 2026 at 8:00:00 PM UTC","October 2, 2026 at 10:30:00 PM UTC","nike stock,nke stock,nike,nke,nike earnings","https://trends.google.com/trends/explore?q=nike%20stock&geo=US&hl=en-US"
"uss dwight d eisenhower return port","20K+","October 3, 2026 at 4:40:00 PM UTC","October 4, 2026 at 12:50:00 PM UTC","uss dwight d eisenhower return port,uss dwight d eisenhower cvn 69","https://trends.google.com/trends/explore?q=uss%20dwight%20d%20eisenhower%20return%20port&geo=US&hl=en-US"
"wales vs norway","100K+","October 1, 2026 at 5:50:00 PM UTC","October 2, 2026 at 3:00:00 AM UTC","wales vs norway,norway vs wales,norway national football team,norway vs,norway soccer","https://trends.google.com/trends/explore?q=wales%20vs%20norway&geo=US&hl=en-US"
"teoscar hernandez","2K+","October 7, 2026 at 11:50:00 PM UTC","October 8, 2026 at 2:40:00 AM UTC","teoscar hernandez","https://trends.google.com/trends/explore?q=teoscar%20hernandez&geo=US&hl=en-US"
"sebastian baez","200+","October 8, 2026 at 7:40:00 AM UTC","October 8, 2026 at 9:50:00 AM UTC","sebastian baez","https://trends.google.com/trends/explore?q=sebastian%20baez&geo=US&hl=en-US"
"india vs west indies","20K+","October 3, 2026 at 7:40:00 AM UTC","October 3, 2026 at 10:30:00 PM UTC","india vs west indies","https://trends.google.com/trends/explore?q=india%20vs%20west%20indies&geo=US&hl=en-US"
"uss klakring sinking exercise","50K+","October 1, 2026 at 7:40:00 PM UTC","October 2, 2026 at 12:00:00 PM UTC","uss klakring sinking exercise,uss klakring","https://trends.google.com/trends/explore?q=uss%20klakring%20sinking%20exercise&geo=US&hl=en-US"
"pitt football","50K+","October 2, 2026 at 11:00:00 PM UTC","October 3, 2026 at 1:30:00 PM UTC","pitt football,mason heintschel,holden geriner","https://trends.google.com/trends/explore?q=pitt%20football&geo=US&hl=en-US"
"argentina hoy","10K+","October 6, 2026 at 8:40:00 PM UTC","October 7, 2026 at 3:20:00 AM UTC","argentina hoy,enzo fernández,a qué hora juega argentina,telefe,selección de fútbol de argentina,seleccion argentina,partido de argentina hoy,partido de argentina,tyc sports,cómo va argentina,cuando juega argentina","https://trends.google.com/trends/explore?q=argentina%20hoy&geo=US&hl=en-US"
"eminem","20K+","October 2, 2026 at 8:00:00 PM UTC","October 4, 2026 at 1:40:00 PM UTC","eminem,eminem kid rock","https://trends.google.com/trends/explore?q=eminem&geo=US&hl=en-US"
"jrue holiday","1K+","October 8, 2026 at 2:50:00 AM UTC","October 8, 2026 at 7:40:00 AM UTC","jrue holiday","https://trends.google.com/trends/explore?q=jrue%20holiday&geo=US&hl=en-US"
"chivas vs america today","50K+","October 5, 2026 at 12:30:00 AM UTC","October 5, 2026 at 7:40:00 AM UTC","chivas vs america today,america vs chivas today,chivas vs america score,chivas vs america october 4,chivas game,chivas vs américa today time,chivas vs américa live,chivas vs america oakland,club friendlies,chivas vs america game,chivas game today,américa vs chivas today","https://trends.google.com/trends/explore?q=chivas%20vs%20america%20today&geo=US&hl=en-US"
"tallon griekspoor","1K+","October 8, 2026 at 4:20:00 AM UTC","October 8, 2026 at 6:40:00 AM UTC","tallon griekspoor,pavel kotov","https://trends.google.com/trends/explore?q=tallon%20griekspoor&geo=US&hl=en-US"
"nba games today","5K+","October 7, 2026 at 11:20:00 PM UTC","October 8, 2026 at 1:50:00 AM UTC","nba games today,nba standings","https://trends.google.com/trends/explore?q=nba%20games%20today&geo=US&hl=en-US"
"ilia simakin","500+","October 8, 2026 at 4:30:00 AM UTC","October 8, 2026 at 7:20:00 AM UTC","ilia simakin","https://trends.google.com/trends/explore?q=ilia%20simakin&geo=US&hl=en-US"
"winning powerball numbers","20K+","October 8, 2026 at 11:00:00 AM UTC","October 8, 2026 at 11:30:00 AM UTC","winning powerball numbers,lottery powerball jackpot,powerball,lottery,powerball jackpot,powerball numbers,powerball winning numbers","https://trends.google.com/trends/explore?q=winning%20powerball%20numbers&geo=US&hl=en-US"
"vladimir putin","20K+","October 2, 2026 at 3:30:00 AM UTC","October 2, 2026 at 11:20:00 PM UTC","vladimir putin,putin russia,russian","https://trends.google.com/trends/explore?q=vladimir%20putin&geo=US&hl=en-US"
"hs","20K+","October 8, 2026 at 12:40:00 AM UTC","October 8, 2026 at 3:50:00 AM UTC","hs,france riots,france protests,france,riots in france,schools,student,france student protests,paris riots,french protests","https://trends.google.com/trends/explore?q=hs&geo=US&hl=en-US"
"robbie ray","2K+","October 8, 2026 at 3:00:00 AM UTC","October 8, 2026 at 4:30:00 AM UTC","robbie ray,padres owners","https://trends.google.com/trends/explore?q=robbie%20ray&geo=US&hl=en-US"
"doordash outage","5K+","October 6, 2026 at 9:20:00 PM UTC","October 7, 2026 at 6:40:00 AM UTC","doordash outage,downdetector","https://trends.google.com/trends/explore?q=doordash%20outage&geo=US&hl=en-US"
"flow","500+","October 8, 2026 at 7:30:00 AM UTC","October 8, 2026 at 9:30:00 AM UTC","flow","https://trends.google.com/trends/explore?q=flow&geo=US&hl=en-US"
"dólar estadounidense","10K+","October 6, 2026 at 7:40:00 PM UTC","October 6, 2026 at 11:50:00 PM UTC","dólar estadounidense,peso mexicano","https://trends.google.com/trends/explore?q=d%C3%B3lar%20estadounidense&geo=US&hl=en-US"
"miami heat","20K+","October 3, 2026 at 10:20:00 PM UTC","October 4, 2026 at 2:00:00 PM UTC","miami heat,giannis antetokounmpo","https://trends.google.com/trends/explore?q=miami%20heat&geo=US&hl=en-US"
"novak djokovic","50K+","October 5, 2026 at 11:30:00 AM UTC","October 5, 2026 at 3:10:00 PM UTC","novak djokovic,medvedev,djokovic,china open,daniil medvedev,beijing open,alex de minaur","https://trends.google.com/trends/explore?q=novak%20djokovic&geo=US&hl=en-US"
"francia - italia","50K+","October 2, 2026 at 5:50:00 PM UTC","October 3, 2026 at 1:40:00 AM UTC","francia - italia,posiciones de selección de fútbol de francia contra selección de fútbol de italia,francia vs italia","https://trends.google.com/trends/explore?q=francia%20-%20italia&geo=US&hl=en-US"
"jalon daniels","20K+","October 4, 2026 at 4:30:00 PM UTC","October 4, 2026 at 10:20:00 PM UTC","jalon daniels","https://trends.google.com/trends/explore?q=jalon%20daniels&geo=US&hl=en-US"
"marcus davenport","5K+","October 6, 2026 at 1:50:00 AM UTC","October 7, 2026 at 1:30:00 PM UTC","marcus davenport","https://trends.google.com/trends/explore?q=marcus%20davenport&geo=US&hl=en-US"
"elon musk net worth trillion dollars","10K+","October 6, 2026 at 7:50:00 PM UTC","October 7, 2026 at 3:10:00 AM UTC","elon musk net worth trillion dollars,elon musk trillionaire status,elon musk,trillionaire,elon musk net worth","https://trends.google.com/trends/explore?q=elon%20musk%20net%20worth%20trillion%20dollars&geo=US&hl=en-US"
"bryan baker","2K+","October 8, 2026 at 3:00:00 AM UTC","October 8, 2026 at 4:20:00 AM UTC","bryan baker","https://trends.google.com/trends/explore?q=bryan%20baker&geo=US&hl=en-US"
"purdue vs illinois","50K+","October 3, 2026 at 7:20:00 PM UTC","October 4, 2026 at 3:10:00 AM UTC","purdue vs illinois,illinois football,purdue football,u of a football,illinois vs purdue","https://trends.google.com/trends/explore?q=purdue%20vs%20illinois&geo=US&hl=en-US"
"jenna bush hager","10K+","October 6, 2026 at 8:00:00 PM UTC","October 6, 2026 at 11:20:00 PM UTC","jenna bush hager,today with jenna and sheinelle","https://trends.google.com/trends/explore?q=jenna%20bush%20hager&geo=US&hl=en-US"
"chris sale","10K+","October 6, 2026 at 10:10:00 PM UTC","October 7, 2026 at 12:40:00 AM UTC","chris sale,acuna jr","https://trends.google.com/trends/explore?q=chris%20sale&geo=US&hl=en-US"
"debra messing","2K+","October 6, 2026 at 10:30:00 AM UTC","October 7, 2026 at 10:50:00 PM UTC","debra messing","https://trends.google.com/trends/explore?q=debra%20messing&geo=US&hl=en-US"
"dre greenlaw","10K+","October 5, 2026 at 1:10:00 AM UTC","October 6, 2026 at 1:10:00 AM UTC","dre greenlaw,sean payton","https://trends.google.com/trends/explore?q=dre%20greenlaw&geo=US&hl=en-US"
"weather los angeles","500+","October 8, 2026 at 5:20:00 AM UTC","October 8, 2026 at 9:40:00 AM UTC","weather los angeles","https://trends.google.com/trends/explore?q=weather%20los%20angeles&geo=US&hl=en-US"
"alan alda","20K+","October 4, 2026 at 1:00:00 PM UTC","October 5, 2026 at 4:40:00 AM UTC","alan alda,how old is alan alda","https://trends.google.com/trends/explore?q=alan%20alda&geo=US&hl=en-US"
"bob uecker","500+","October 8, 2026 at 5:20:00 AM UTC","October 8, 2026 at 7:20:00 AM UTC","bob uecker","https://trends.google.com/trends/explore?q=bob%20uecker&geo=US&hl=en-US"
"apld stock","2K+","October 7, 2026 at 8:00:00 PM UTC","October 8, 2026 at 10:50:00 AM UTC","apld stock,apld earnings,apld","https://trends.google.com/trends/explore?q=apld%20stock&geo=US&hl=en-US"
"fortnite tracker","10K+","October 6, 2026 at 12:30:00 AM UTC","October 6, 2026 at 11:50:00 AM UTC","fortnite tracker","https://trends.google.com/trends/explore?q=fortnite%20tracker&geo=US&hl=en-US"
"big brother finale","50K+","October 1, 2026 at 9:00:00 PM UTC","October 2, 2026 at 1:00:00 PM UTC","big brother finale,who won big brother,rick devens,rick devens big brother,who won big brother 28,rick devens big brother prize money,big brother,what time is big brother on tonight,what time does big brother come on tonight,drew big brother,big brother tonight,big brother winner,big brother 2026,big brother 28","https://trends.google.com/trends/explore?q=big%20brother%20finale&geo=US&hl=en-US"
"pittsburgh measles outbreak","5K+","October 6, 2026 at 5:20:00 PM UTC","October 7, 2026 at 6:40:00 AM UTC","pittsburgh measles outbreak","https://trends.google.com/trends/explore?q=pittsburgh%20measles%20outbreak&geo=US&hl=en-US"
"portugal national football team vs norway national football team standings","20K+","October 4, 2026 at 8:50:00 PM UTC","October 5, 2026 at 3:00:00 AM UTC","portugal national football team vs norway national football team standings,erling haaland","https://trends.google.com/trends/explore?q=portugal%20national%20football%20team%20vs%20norway%20national%20football%20team%20standings&geo=US&hl=en-US"
"fasting","10K+","October 5, 2026 at 4:50:00 PM UTC","October 6, 2026 at 11:10:00 AM UTC","fasting","https://trends.google.com/trends/explore?q=fasting&geo=US&hl=en-US"
"philadelphia 76ers","20K+","October 5, 2026 at 10:10:00 AM UTC","October 6, 2026 at 12:30:00 PM UTC","philadelphia 76ers,lebron james philadelphia 76ers helicopter commute,76ers","https://trends.google.com/trends/explore?q=philadelphia%2076ers&geo=US&hl=en-US"
"dinamarca - portugal","100K+","October 1, 2026 at 5:50:00 PM UTC","October 2, 2026 at 1:30:00 AM UTC","dinamarca - portugal,portugal fc","https://trends.google.com/trends/explore?q=dinamarca%20-%20portugal&geo=US&hl=en-US"
"don nelson","2K+","October 7, 2026 at 2:10:00 AM UTC","October 7, 2026 at 10:50:00 AM UTC","don nelson,stephen jackson","https://trends.google.com/trends/explore?q=don%20nelson&geo=US&hl=en-US"
"kyle whittingham","10K+","October 6, 2026 at 3:10:00 PM UTC","October 6, 2026 at 9:00:00 PM UTC","kyle whittingham","https://trends.google.com/trends/explore?q=kyle%20whittingham&geo=US&hl=en-US"
"arby's","200+","October 8, 2026 at 9:30:00 AM UTC","October 8, 2026 at 10:20:00 AM UTC","arby's","https://trends.google.com/trends/explore?q=arby%27s&geo=US&hl=en-US"
"kiara advani","2K+","October 7, 2026 at 5:30:00 AM UTC","October 7, 2026 at 3:10:00 PM UTC","kiara advani","https://trends.google.com/trends/explore?q=kiara%20advani&geo=US&hl=en-US"
"indiana fever","100K+","October 2, 2026 at 12:50:00 AM UTC","October 2, 2026 at 12:10:00 PM UTC","indiana fever,fever,aces,caitlin clark wnba playoffs bloodied,lexie hull,indiana fever vs las vegas aces,las vegas aces vs indiana fever,indiana fever game","https://trends.google.com/trends/explore?q=indiana%20fever&geo=US&hl=en-US"
"giants vs cardinals","20K+","October 4, 2026 at 4:40:00 PM UTC","October 5, 2026 at 2:30:00 AM UTC","giants vs cardinals,cardinals vs giants where to watch,ny giant,ny giants game today,ny giants schedule","https://trends.google.com/trends/explore?q=giants%20vs%20cardinals&geo=US&hl=en-US"
"nfl week 4","20K+","October 4, 2026 at 11:50:00 AM UTC","October 5, 2026 at 12:50:00 AM UTC","nfl week 4,nfc east,nfl games yesterday","https://trends.google.com/trends/explore?q=nfl%20week%204&geo=US&hl=en-US"
"dodgers game today","20K+","October 4, 2026 at 11:50:00 PM UTC","October 5, 2026 at 5:10:00 AM UTC","dodgers game today,braves score","https://trends.google.com/trends/explore?q=dodgers%20game%20today&geo=US&hl=en-US"
"marc summers","5K+","October 6, 2026 at 7:50:00 PM UTC","October 7, 2026 at 11:40:00 AM UTC","marc summers","https://trends.google.com/trends/explore?q=marc%20summers&geo=US&hl=en-US"
"joey porter sr steelers fallout","10K+","October 5, 2026 at 8:40:00 PM UTC","October 6, 2026 at 1:40:00 PM UTC","joey porter sr steelers fallout,cam heyward","https://trends.google.com/trends/explore?q=joey%20porter%20sr%20steelers%20fallout&geo=US&hl=en-US"
"lebron james joel embiid 76ers practice","5K+","October 6, 2026 at 10:00:00 PM UTC","October 7, 2026 at 11:30:00 AM UTC","lebron james joel embiid 76ers practice,joel embiid,mike breen","https://trends.google.com/trends/explore?q=lebron%20james%20joel%20embiid%2076ers%20practice&geo=US&hl=en-US"
"okc","1K+","October 8, 2026 at 12:40:00 AM UTC","October 8, 2026 at 3:40:00 AM UTC","okc","https://trends.google.com/trends/explore?q=okc&geo=US&hl=en-US"
"montia sabbag","2K+","October 7, 2026 at 9:20:00 AM UTC","October 8, 2026 at 10:00:00 AM UTC","montia sabbag","https://trends.google.com/trends/explore?q=montia%20sabbag&geo=US&hl=en-US"
"jose caballero","1K+","October 8, 2026 at 12:50:00 AM UTC","October 8, 2026 at 4:00:00 AM UTC","jose caballero","https://trends.google.com/trends/explore?q=jose%20caballero&geo=US&hl=en-US"
"kirk cousins","50K+","October 4, 2026 at 8:30:00 PM UTC","October 5, 2026 at 12:50:00 AM UTC","kirk cousins,chris jones","https://trends.google.com/trends/explore?q=kirk%20cousins&geo=US&hl=en-US"
"lakers vs kings","10K+","October 6, 2026 at 2:10:00 AM UTC","October 6, 2026 at 12:10:00 PM UTC","lakers vs kings,sacramento kings,kings,luka dončić,los angeles lakers,bronny james lakers kings preseason","https://trends.google.com/trends/explore?q=lakers%20vs%20kings&geo=US&hl=en-US"
"el salvador vs jamaica","50K+","October 3, 2026 at 12:20:00 AM UTC","October 3, 2026 at 1:20:00 PM UTC","el salvador vs jamaica,el salvador - jamaica,el salvador vs,el salvador national football team","https://trends.google.com/trends/explore?q=el%20salvador%20vs%20jamaica&geo=US&hl=en-US"
"texas state vs san diego st","20K+","October 4, 2026 at 1:40:00 AM UTC","October 4, 2026 at 1:30:00 PM UTC","texas state vs san diego st,texas state football,san diego state football,sdsu football,texas state vs san diego state","https://trends.google.com/trends/explore?q=texas%20state%20vs%20san%20diego%20st&geo=US&hl=en-US"
"flyers vs lightning","10K+","October 5, 2026 at 10:10:00 PM UTC","October 6, 2026 at 11:10:00 AM UTC","flyers vs lightning,tampa bay lightning","https://trends.google.com/trends/explore?q=flyers%20vs%20lightning&geo=US&hl=en-US"
"marshalls season 2","20K+","October 4, 2026 at 9:50:00 PM UTC","October 5, 2026 at 6:00:00 AM UTC","marshalls season 2,marshals show,marshals all hat no cattle,marshals,marshalls tv show","https://trends.google.com/trends/explore?q=marshalls%20season%202&geo=US&hl=en-US"
"ron desantis","2K+","October 7, 2026 at 9:50:00 AM UTC","October 7, 2026 at 2:00:00 PM UTC","ron desantis","https://trends.google.com/trends/explore?q=ron%20desantis&geo=US&hl=en-US"
"conversation","5K+","October 6, 2026 at 4:50:00 PM UTC","October 6, 2026 at 11:30:00 PM UTC","conversation","https://trends.google.com/trends/explore?q=conversation&geo=US&hl=en-US"
"joey ortiz","2K+","October 8, 2026 at 3:50:00 AM UTC","October 8, 2026 at 5:50:00 AM UTC","joey ortiz","https://trends.google.com/trends/explore?q=joey%20ortiz&geo=US&hl=en-US"
"jaume munar","500+","October 8, 2026 at 4:50:00 AM UTC","October 8, 2026 at 6:50:00 AM UTC","jaume munar","https://trends.google.com/trends/explore?q=jaume%20munar&geo=US&hl=en-US"
"october 3rd","10K+","October 3, 2026 at 5:00:00 AM UTC","October 4, 2026 at 5:00:00 AM UTC","october 3rd","https://trends.google.com/trends/explore?q=october%203rd&geo=US&hl=en-US"
"tom morello","20K+","October 3, 2026 at 9:20:00 PM UTC","October 5, 2026 at 11:30:00 AM UTC","tom morello,power to the people concert,bruce springsteen,power to the people festival,joan baez","https://trends.google.com/trends/explore?q=tom%20morello&geo=US&hl=en-US"
"chris wilson jr","10K+","October 5, 2026 at 6:10:00 PM UTC","October 6, 2026 at 12:00:00 PM UTC","chris wilson jr,chris wilson","https://trends.google.com/trends/explore?q=chris%20wilson%20jr&geo=US&hl=en-US"
"tatis jr","2K+","October 8, 2026 at 2:50:00 AM UTC","October 8, 2026 at 5:50:00 AM UTC","tatis jr,fernando tatís jr.","https://trends.google.com/trends/explore?q=tatis%20jr&geo=US&hl=en-US"
"los angeles international airport","10K+","October 7, 2026 at 12:10:00 AM UTC","October 7, 2026 at 1:30:00 PM UTC","los angeles international airport,delta air lines los angeles collision,lax,airplane,air canada,delta airlines","https://trends.google.com/trends/explore?q=los%20angeles%20international%20airport&geo=US&hl=en-US"
"detroit pistons","10K+","October 5, 2026 at 11:10:00 PM UTC","October 6, 2026 at 12:40:00 PM UTC","detroit pistons,pistons,suns,phoenix suns,miles bridges","https://trends.google.com/trends/explore?q=detroit%20pistons&geo=US&hl=en-US"
"cbs news","5K+","October 6, 2026 at 6:20:00 PM UTC","October 7, 2026 at 8:50:00 AM UTC","cbs news","https://trends.google.com/trends/explore?q=cbs%20news&geo=US&hl=en-US"
"obj","20K+","October 7, 2026 at 3:20:00 PM UTC","October 7, 2026 at 4:20:00 PM UTC","obj,odell beckham jr,odell beckham,odell beckham jr vikings signing,giants roster cuts odell beckham,vikings news,odell beckham jr.,odell beckham jr vikings","https://trends.google.com/trends/explore?q=obj&geo=US&hl=en-US"
"juwan johnson","10K+","October 5, 2026 at 10:30:00 PM UTC","October 6, 2026 at 4:30:00 AM UTC","juwan johnson","https://trends.google.com/trends/explore?q=juwan%20johnson&geo=US&hl=en-US"
"october 12 holiday","2K+","October 7, 2026 at 2:30:00 PM UTC","October 7, 2026 at 8:10:00 PM UTC","october 12 holiday","https://trends.google.com/trends/explore?q=october%2012%20holiday&geo=US&hl=en-US"
"phish","2K+","October 7, 2026 at 11:50:00 AM UTC","October 7, 2026 at 10:00:00 PM UTC","phish","https://trends.google.com/trends/explore?q=phish&geo=US&hl=en-US"
"fox news iran","20K+","October 2, 2026 at 9:50:00 AM UTC","October 3, 2026 at 1:50:00 AM UTC","fox news iran,crash axe,hamam al-hammami,scream,israel plane,flydubai incident,dubai flight","https://trends.google.com/trends/explore?q=fox%20news%20iran&geo=US&hl=en-US"
"maribel guardia","2K+","October 7, 2026 at 3:30:00 AM UTC","October 7, 2026 at 5:00:00 PM UTC","maribel guardia","https://trends.google.com/trends/explore?q=maribel%20guardia&geo=US&hl=en-US"
"burkina faso","20K+","October 3, 2026 at 2:40:00 AM UTC","October 4, 2026 at 4:00:00 AM UTC","burkina faso,argentine – burkina faso","https://trends.google.com/trends/explore?q=burkina%20faso&geo=US&hl=en-US"
"edwin diaz","5K+","October 8, 2026 at 1:00:00 AM UTC","October 8, 2026 at 2:10:00 AM UTC","edwin diaz","https://trends.google.com/trends/explore?q=edwin%20diaz&geo=US&hl=en-US"
"tony reno","20K+","October 2, 2026 at 8:50:00 PM UTC","October 4, 2026 at 12:50:00 PM UTC","tony reno,yale football,tony reno cause of death","https://trends.google.com/trends/explore?q=tony%20reno&geo=US&hl=en-US"
"darren waller","50K+","October 4, 2026 at 11:50:00 PM UTC","October 5, 2026 at 4:30:00 AM UTC","darren waller,flex,aaron jones,week 4 fantasy rankings,fantasy football rankings,braelon allen,start sit week 4,start em sit em","https://trends.google.com/trends/explore?q=darren%20waller&geo=US&hl=en-US"
"jed york","20K+","October 2, 2026 at 6:00:00 PM UTC","October 3, 2026 at 2:50:00 PM UTC","jed york,sting,jed york arrest","https://trends.google.com/trends/explore?q=jed%20york&geo=US&hl=en-US"
"paul ferris","2K+","October 7, 2026 at 8:20:00 PM UTC","October 8, 2026 at 12:20:00 AM UTC","paul ferris","https://trends.google.com/trends/explore?q=paul%20ferris&geo=US&hl=en-US"
"brewers game today","20K+","October 3, 2026 at 10:50:00 PM UTC","October 5, 2026 at 12:50:00 AM UTC","brewers game today","https://trends.google.com/trends/explore?q=brewers%20game%20today&geo=US&hl=en-US"
"sean newcomb","2K+","October 7, 2026 at 8:00:00 PM UTC","October 7, 2026 at 10:10:00 PM UTC","sean newcomb,daniel espino,tristan peters","https://trends.google.com/trends/explore?q=sean%20newcomb&geo=US&hl=en-US"
"trina braxton","50K+","October 1, 2026 at 2:10:00 PM UTC","October 2, 2026 at 11:50:00 AM UTC","trina braxton,von scales,trina braxton husband","https://trends.google.com/trends/explore?q=trina%20braxton&geo=US&hl=en-US"
"beau bridges","2K+","October 8, 2026 at 12:10:00 AM UTC","October 8, 2026 at 3:00:00 AM UTC","beau bridges","https://trends.google.com/trends/explore?q=beau%20bridges&geo=US&hl=en-US"
"elecciones intermedias en los estados unidos","2K+","October 7, 2026 at 12:40:00 AM UTC","October 7, 2026 at 1:20:00 PM UTC","elecciones intermedias en los estados unidos","https://trends.google.com/trends/explore?q=elecciones%20intermedias%20en%20los%20estados%20unidos&geo=US&hl=en-US"
"brasileirao","1K+","October 7, 2026 at 10:40:00 PM UTC","October 8, 2026 at 2:40:00 AM UTC","brasileirao","https://trends.google.com/trends/explore?q=brasileirao&geo=US&hl=en-US"
"colombia vs paraguay","20K+","October 2, 2026 at 9:20:00 PM UTC","October 3, 2026 at 2:10:00 PM UTC","colombia vs paraguay","https://trends.google.com/trends/explore?q=colombia%20vs%20paraguay&geo=US&hl=en-US"
"botafogo vs vasco","2K+","October 7, 2026 at 11:10:00 PM UTC","October 8, 2026 at 2:30:00 AM UTC","botafogo vs vasco,botafogo x vasco da gama","https://trends.google.com/trends/explore?q=botafogo%20vs%20vasco&geo=US&hl=en-US"
"novak djokovic","20K+","October 6, 2026 at 11:20:00 AM UTC","October 6, 2026 at 2:10:00 PM UTC","novak djokovic,djokovic,alex de minaur,beijing open 2026,de minaur","https://trends.google.com/trends/explore?q=novak%20djokovic&geo=US&hl=en-US"
"mammoth vs devils","10K+","October 6, 2026 at 10:10:00 PM UTC","October 7, 2026 at 4:00:00 AM UTC","mammoth vs devils,nj devils,devils,utah mammoth,new jersey devils","https://trends.google.com/trends/explore?q=mammoth%20vs%20devils&geo=US&hl=en-US"
"nuno borges","500+","October 8, 2026 at 4:20:00 AM UTC","October 8, 2026 at 6:30:00 AM UTC","nuno borges","https://trends.google.com/trends/explore?q=nuno%20borges&geo=US&hl=en-US"
"denzel boston","20K+","October 1, 2026 at 11:10:00 PM UTC","October 2, 2026 at 1:00:00 PM UTC","denzel boston","https://trends.google.com/trends/explore?q=denzel%20boston&geo=US&hl=en-US"
"tyreek hill","20K+","October 5, 2026 at 2:00:00 AM UTC","October 5, 2026 at 4:40:00 PM UTC","tyreek hill,tyreek hill news,chiefs roster","https://trends.google.com/trends/explore?q=tyreek%20hill&geo=US&hl=en-US"
"2026 us measles outbreak data","5K+","October 7, 2026 at 8:00:00 AM UTC","October 7, 2026 at 4:50:00 PM UTC","2026 us measles outbreak data,measles outbreak new york,measles outbreak nyc,ny measles outbreak","https://trends.google.com/trends/explore?q=2026%20us%20measles%20outbreak%20data&geo=US&hl=en-US"
"brewers game today","5K+","October 7, 2026 at 1:40:00 AM UTC","October 7, 2026 at 5:50:00 AM UTC","brewers game today","https://trends.google.com/trends/explore?q=brewers%20game%20today&geo=US&hl=en-US"
"jimmy butler","2K+","October 8, 2026 at 2:40:00 AM UTC","October 8, 2026 at 5:10:00 AM UTC","jimmy butler","https://trends.google.com/trends/explore?q=jimmy%20butler&geo=US&hl=en-US"
"sandro mamukelashvili","5K+","October 7, 2026 at 2:40:00 AM UTC","October 7, 2026 at 11:10:00 AM UTC","sandro mamukelashvili","https://trends.google.com/trends/explore?q=sandro%20mamukelashvili&geo=US&hl=en-US"
"letitia james","20K+","October 2, 2026 at 1:00:00 AM UTC","October 3, 2026 at 2:10:00 PM UTC","letitia james,university,kathy hochul,criminal lawyer","https://trends.google.com/trends/explore?q=letitia%20james&geo=US&hl=en-US"
"ucf vs houston","50K+","October 3, 2026 at 3:10:00 PM UTC","October 3, 2026 at 10:00:00 PM UTC","ucf vs houston,ucf football,houston football,ucf,houston cougars football","https://trends.google.com/trends/explore?q=ucf%20vs%20houston&geo=US&hl=en-US"
"nba games","10K+","October 3, 2026 at 10:50:00 PM UTC","October 5, 2026 at 6:10:00 AM UTC","nba games","https://trends.google.com/trends/explore?q=nba%20games&geo=US&hl=en-US"
"reasonable doubt season 4","5K+","October 6, 2026 at 9:20:00 PM UTC","October 7, 2026 at 5:10:00 AM UTC","reasonable doubt season 4","https://trends.google.com/trends/explore?q=reasonable%20doubt%20season%204&geo=US&hl=en-US"
"jets vs penguins","10K+","October 5, 2026 at 10:50:00 PM UTC","October 6, 2026 at 11:20:00 AM UTC","jets vs penguins,penguins,pittsburgh penguins","https://trends.google.com/trends/explore?q=jets%20vs%20penguins&geo=US&hl=en-US"
"derek hough","5K+","October 7, 2026 at 12:30:00 AM UTC","October 7, 2026 at 5:30:00 AM UTC","derek hough","https://trends.google.com/trends/explore?q=derek%20hough&geo=US&hl=en-US"
"min ah jim carrey","20K+","October 1, 2026 at 2:30:00 PM UTC","October 2, 2026 at 3:20:00 AM UTC","min ah jim carrey","https://trends.google.com/trends/explore?q=min%20ah%20jim%20carrey&geo=US&hl=en-US"
"john goodman","5K+","October 6, 2026 at 1:20:00 PM UTC","October 7, 2026 at 10:10:00 AM UTC","john goodman","https://trends.google.com/trends/explore?q=john%20goodman&geo=US&hl=en-US"
"bermuda triangle","20K+","October 3, 2026 at 2:20:00 PM UTC","October 4, 2026 at 1:40:00 PM UTC","bermuda triangle,coast guard missing plane,nantucket plane,boston bound plane,cgrjp,bermuda airplane missing,gulfstream g100,faa lost contact gulfstream aircraft,latitude air ambulance,medical plane missing bermuda boston,medical plane missing boston","https://trends.google.com/trends/explore?q=bermuda%20triangle&geo=US&hl=en-US"
"heat advisory","20K+","October 1, 2026 at 5:20:00 PM UTC","October 2, 2026 at 9:40:00 AM UTC","heat advisory","https://trends.google.com/trends/explore?q=heat%20advisory&geo=US&hl=en-US"
"bryce underwood","10K+","October 3, 2026 at 6:30:00 PM UTC","October 4, 2026 at 2:20:00 PM UTC","bryce underwood,bryce underwood nil deal","https://trends.google.com/trends/explore?q=bryce%20underwood&geo=US&hl=en-US"
"bruins vs wild","20K+","October 3, 2026 at 11:10:00 PM UTC","October 4, 2026 at 1:30:00 PM UTC","bruins vs wild,mn wild,minnesota wild","https://trends.google.com/trends/explore?q=bruins%20vs%20wild&geo=US&hl=en-US"
"linda yaccarino","1K+","October 7, 2026 at 9:40:00 PM UTC","October 8, 2026 at 11:10:00 AM UTC","linda yaccarino","https://trends.google.com/trends/explore?q=linda%20yaccarino&geo=US&hl=en-US"
"switzerland vs north macedonia","5K+","October 6, 2026 at 5:50:00 PM UTC","October 6, 2026 at 10:10:00 PM UTC","switzerland vs north macedonia","https://trends.google.com/trends/explore?q=switzerland%20vs%20north%20macedonia&geo=US&hl=en-US"
"william contreras","5K+","October 7, 2026 at 2:30:00 AM UTC","October 7, 2026 at 6:00:00 AM UTC","william contreras","https://trends.google.com/trends/explore?q=william%20contreras&geo=US&hl=en-US"
"greece vs germany","20K+","October 4, 2026 at 5:50:00 PM UTC","October 4, 2026 at 10:50:00 PM UTC","greece vs germany","https://trends.google.com/trends/explore?q=greece%20vs%20germany&geo=US&hl=en-US"
"internacional x corinthians","1K+","October 7, 2026 at 9:50:00 PM UTC","October 8, 2026 at 1:00:00 AM UTC","internacional x corinthians","https://trends.google.com/trends/explore?q=internacional%20x%20corinthians&geo=US&hl=en-US"
"week 5 start em sit em","2K+","October 7, 2026 at 7:00:00 PM UTC","October 7, 2026 at 10:20:00 PM UTC","week 5 start em sit em","https://trends.google.com/trends/explore?q=week%205%20start%20em%20sit%20em&geo=US&hl=en-US"
"jahan dotson","5K+","October 6, 2026 at 2:20:00 AM UTC","October 6, 2026 at 12:10:00 PM UTC","jahan dotson","https://trends.google.com/trends/explore?q=jahan%20dotson&geo=US&hl=en-US"
"brittany mahomes","20K+","October 5, 2026 at 3:20:00 PM UTC","October 5, 2026 at 8:00:00 PM UTC","brittany mahomes,klint kubiak,maxx crosby,raiders coach,raiders head coach,patrick mahomes,raiders vs cheifs,nakobe dean","https://trends.google.com/trends/explore?q=brittany%20mahomes&geo=US&hl=en-US"
"white sox first pitch","5K+","October 7, 2026 at 7:50:00 PM UTC","October 7, 2026 at 9:40:00 PM UTC","white sox first pitch,white soxs,white sox first pitch today,who threw the first pitch at the white sox game today,who threw out the first pitch at the white sox game today,who threw out the first pitch for the white sox today","https://trends.google.com/trends/explore?q=white%20sox%20first%20pitch&geo=US&hl=en-US"
"dominican republic vs haiti","50K+","October 1, 2026 at 11:10:00 PM UTC","October 2, 2026 at 12:20:00 PM UTC","dominican republic vs haiti,haiti vs dominican republic,haiti vs dominican republic soccer,haiti vs,haiti national football team","https://trends.google.com/trends/explore?q=dominican%20republic%20vs%20haiti&geo=US&hl=en-US"
"kylie kelce kate middleton apology","50K+","October 1, 2026 at 4:50:00 PM UTC","October 2, 2026 at 3:40:00 AM UTC","kylie kelce kate middleton apology,kylie kelce,catherine, princess of wales","https://trends.google.com/trends/explore?q=kylie%20kelce%20kate%20middleton%20apology&geo=US&hl=en-US"
"alex cora","2K+","October 7, 2026 at 3:30:00 AM UTC","October 7, 2026 at 4:00:00 PM UTC","alex cora","https://trends.google.com/trends/explore?q=alex%20cora&geo=US&hl=en-US"
"voter registration","10K+","October 5, 2026 at 5:20:00 PM UTC","October 6, 2026 at 2:10:00 AM UTC","voter registration,voter registration texas,register to vote in texas","https://trends.google.com/trends/explore?q=voter%20registration&geo=US&hl=en-US"
"charles bassey","500+","October 8, 2026 at 3:20:00 AM UTC","October 8, 2026 at 6:10:00 AM UTC","charles bassey","https://trends.google.com/trends/explore?q=charles%20bassey&geo=US&hl=en-US"
"novig commercial","2K+","October 8, 2026 at 1:00:00 AM UTC","October 8, 2026 at 3:40:00 AM UTC","novig commercial,novig sports","https://trends.google.com/trends/explore?q=novig%20commercial&geo=US&hl=en-US"
"malevy leons","1K+","October 8, 2026 at 3:20:00 AM UTC","October 8, 2026 at 6:10:00 AM UTC","malevy leons,will richard","https://trends.google.com/trends/explore?q=malevy%20leons&geo=US&hl=en-US"
"aaron nesmith","1K+","October 8, 2026 at 12:10:00 AM UTC","October 8, 2026 at 2:50:00 AM UTC","aaron nesmith","https://trends.google.com/trends/explore?q=aaron%20nesmith&geo=US&hl=en-US"
"kylie jenner","5K+","October 5, 2026 at 11:00:00 PM UTC","October 6, 2026 at 11:20:00 AM UTC","kylie jenner,kim kardashian","https://trends.google.com/trends/explore?q=kylie%20jenner&geo=US&hl=en-US"
"venom bassist conrad lant passes","20K+","October 2, 2026 at 2:50:00 PM UTC","October 3, 2026 at 3:20:00 PM UTC","venom bassist conrad lant passes,cronos venom,cronos,cronos venom band","https://trends.google.com/trends/explore?q=venom%20bassist%20conrad%20lant%20passes&geo=US&hl=en-US"
"cz duty","5K+","October 6, 2026 at 4:20:00 PM UTC","October 7, 2026 at 11:50:00 AM UTC","cz duty","https://trends.google.com/trends/explore?q=cz%20duty&geo=US&hl=en-US"
"retirement age","20K+","October 1, 2026 at 7:20:00 PM UTC","October 2, 2026 at 3:00:00 PM UTC","retirement age","https://trends.google.com/trends/explore?q=retirement%20age&geo=US&hl=en-US"
"syracuse vs uconn","50K+","October 3, 2026 at 3:10:00 PM UTC","October 3, 2026 at 11:10:00 PM UTC","syracuse vs uconn,syracuse football,uconn football,uconn vs syracuse","https://trends.google.com/trends/explore?q=syracuse%20vs%20uconn&geo=US&hl=en-US"
"north texas vs tulsa","20K+","October 2, 2026 at 12:10:00 AM UTC","October 2, 2026 at 1:10:00 PM UTC","north texas vs tulsa,north texas football,tulsa football,tulsa vs north texas,unt football,unt vs tulsa","https://trends.google.com/trends/explore?q=north%20texas%20vs%20tulsa&geo=US&hl=en-US"
"louisville vs nc state","20K+","October 3, 2026 at 6:40:00 PM UTC","October 4, 2026 at 1:20:00 AM UTC","louisville vs nc state,nc state football,ncsu football,nc state vs louisville","https://trends.google.com/trends/explore?q=louisville%20vs%20nc%20state&geo=US&hl=en-US"
"marvel avengers doomsday dunkin collaboration","5K+","October 6, 2026 at 3:00:00 PM UTC","October 6, 2026 at 9:30:00 PM UTC","marvel avengers doomsday dunkin collaboration","https://trends.google.com/trends/explore?q=marvel%20avengers%20doomsday%20dunkin%20collaboration&geo=US&hl=en-US"
"devaughn vele","10K+","October 5, 2026 at 11:30:00 PM UTC","October 6, 2026 at 11:10:00 AM UTC","devaughn vele,vele saints","https://trends.google.com/trends/explore?q=devaughn%20vele&geo=US&hl=en-US"
"kinsey wolanski","10K+","October 4, 2026 at 2:40:00 PM UTC","October 5, 2026 at 2:00:00 PM UTC","kinsey wolanski","https://trends.google.com/trends/explore?q=kinsey%20wolanski&geo=US&hl=en-US"
"bennett stirtz","2K+","October 8, 2026 at 2:40:00 AM UTC","October 8, 2026 at 4:30:00 AM UTC","bennett stirtz","https://trends.google.com/trends/explore?q=bennett%20stirtz&geo=US&hl=en-US"
"luigi mangione","10K+","October 2, 2026 at 8:00:00 PM UTC","October 3, 2026 at 4:50:00 PM UTC","luigi mangione","https://trends.google.com/trends/explore?q=luigi%20mangione&geo=US&hl=en-US"
"wanying zhang","10K+","October 5, 2026 at 2:00:00 AM UTC","October 5, 2026 at 1:50:00 PM UTC","wanying zhang,wanying heather zhang,heather zhang,arrest,taiwan","https://trends.google.com/trends/explore?q=wanying%20zhang&geo=US&hl=en-US"
"alex rodriguez","10K+","October 8, 2026 at 5:30:00 AM UTC","October 8, 2026 at 6:40:00 AM UTC","alex rodriguez,matt olson,walt weiss,derek jeter","https://trends.google.com/trends/explore?q=alex%20rodriguez&geo=US&hl=en-US"
"prince harry news","20K+","October 1, 2026 at 10:20:00 PM UTC","October 2, 2026 at 4:10:00 PM UTC","prince harry news","https://trends.google.com/trends/explore?q=prince%20harry%20news&geo=US&hl=en-US"
"head trip","500+","October 8, 2026 at 5:30:00 AM UTC","October 8, 2026 at 8:20:00 AM UTC","head trip,head trip festival","https://trends.google.com/trends/explore?q=head%20trip&geo=US&hl=en-US"
"china open","20K+","October 4, 2026 at 9:20:00 AM UTC","October 4, 2026 at 4:50:00 PM UTC","china open,novak djokovic,beijing open,alexander zverev,zverev,aryna sabalenka,sabalenka,rublev","https://trends.google.com/trends/explore?q=china%20open&geo=US&hl=en-US"
"sharks","10K+","October 6, 2026 at 12:20:00 AM UTC","October 6, 2026 at 9:00:00 AM UTC","sharks,macklin celebrini,dallas stars,celebrini","https://trends.google.com/trends/explore?q=sharks&geo=US&hl=en-US"
"freddy peralta","10K+","October 6, 2026 at 12:10:00 AM UTC","October 6, 2026 at 4:00:00 AM UTC","freddy peralta,ian seymour","https://trends.google.com/trends/explore?q=freddy%20peralta&geo=US&hl=en-US"
"sergey brin","10K+","October 3, 2026 at 9:30:00 PM UTC","October 4, 2026 at 2:20:00 PM UTC","sergey brin","https://trends.google.com/trends/explore?q=sergey%20brin&geo=US&hl=en-US"
"dodgers vs braves","50K+","October 3, 2026 at 7:30:00 PM UTC","October 4, 2026 at 2:50:00 AM UTC","dodgers vs braves,braves score,braves game today,braves dodgers,dodgers nlds atlanta braves","https://trends.google.com/trends/explore?q=dodgers%20vs%20braves&geo=US&hl=en-US"
"汇率","200+","October 8, 2026 at 7:50:00 AM UTC","October 8, 2026 at 10:10:00 AM UTC","汇率","https://trends.google.com/trends/explore?q=%E6%B1%87%E7%8E%87&geo=US&hl=en-US"
"bosnia and herzegovina vs poland","10K+","October 5, 2026 at 6:00:00 PM UTC","October 5, 2026 at 10:20:00 PM UTC","bosnia and herzegovina vs poland,bosnia vs poland","https://trends.google.com/trends/explore?q=bosnia%20and%20herzegovina%20vs%20poland&geo=US&hl=en-US"
"terremoto","20K+","October 6, 2026 at 5:50:00 PM UTC","October 6, 2026 at 8:50:00 PM UTC","terremoto","https://trends.google.com/trends/explore?q=terremoto&geo=US&hl=en-US"
"thomas eisenhood","2K+","October 6, 2026 at 11:50:00 PM UTC","October 7, 2026 at 1:30:00 PM UTC","thomas eisenhood","https://trends.google.com/trends/explore?q=thomas%20eisenhood&geo=US&hl=en-US"
"matteo arnaldi","500+","October 8, 2026 at 6:00:00 AM UTC","October 8, 2026 at 7:30:00 AM UTC","matteo arnaldi,bernard tomic","https://trends.google.com/trends/explore?q=matteo%20arnaldi&geo=US&hl=en-US"
"f1","20K+","October 4, 2026 at 7:00:00 AM UTC","October 4, 2026 at 12:00:00 PM UTC","f1,f1 standings,bahrain gp 2026,bahrain,hamilton,f1 race,f1 results,max verstappen,f1 driver of the day,driver of the day f1,f1 vote,malaysian grand prix,sepang circuit,driver of the day,sepang,f1 bahrain","https://trends.google.com/trends/explore?q=f1&geo=US&hl=en-US"
"trump white house economic announcements iowa","10K+","October 2, 2026 at 8:10:00 PM UTC","October 3, 2026 at 6:30:00 PM UTC","trump white house economic announcements iowa","https://trends.google.com/trends/explore?q=trump%20white%20house%20economic%20announcements%20iowa&geo=US&hl=en-US"
"nbc news","10K+","October 4, 2026 at 6:30:00 PM UTC","October 5, 2026 at 12:00:00 PM UTC","nbc news","https://trends.google.com/trends/explore?q=nbc%20news&geo=US&hl=en-US"
"liga de naciones concacaf","10K+","October 6, 2026 at 1:30:00 AM UTC","October 6, 2026 at 11:00:00 AM UTC","liga de naciones concacaf","https://trends.google.com/trends/explore?q=liga%20de%20naciones%20concacaf&geo=US&hl=en-US"
"fresno state vs washington st","20K+","October 4, 2026 at 12:40:00 AM UTC","October 4, 2026 at 8:00:00 AM UTC","fresno state vs washington st,wsu football,washington state football","https://trends.google.com/trends/explore?q=fresno%20state%20vs%20washington%20st&geo=US&hl=en-US"
"alan bersten","1K+","October 7, 2026 at 10:10:00 PM UTC","October 8, 2026 at 1:40:00 AM UTC","alan bersten","https://trends.google.com/trends/explore?q=alan%20bersten&geo=US&hl=en-US"
"italia - turquía","10K+","October 5, 2026 at 6:00:00 PM UTC","October 5, 2026 at 11:00:00 PM UTC","italia - turquía","https://trends.google.com/trends/explore?q=italia%20-%20turqu%C3%ADa&geo=US&hl=en-US"
"will venable","2K+","October 7, 2026 at 8:40:00 PM UTC","October 7, 2026 at 10:10:00 PM UTC","will venable,white sox manager","https://trends.google.com/trends/explore?q=will%20venable&geo=US&hl=en-US"
"aurora","2K+","October 7, 2026 at 8:20:00 PM UTC","October 7, 2026 at 10:10:00 PM UTC","aurora","https://trends.google.com/trends/explore?q=aurora&geo=US&hl=en-US"
"houston news","10K+","October 4, 2026 at 3:10:00 PM UTC","October 4, 2026 at 11:00:00 PM UTC","houston news","https://trends.google.com/trends/explore?q=houston%20news&geo=US&hl=en-US"
"sharks vs stars","10K+","October 5, 2026 at 11:10:00 PM UTC","October 6, 2026 at 5:00:00 AM UTC","sharks vs stars","https://trends.google.com/trends/explore?q=sharks%20vs%20stars&geo=US&hl=en-US"
"sydney sweeney","2K+","October 8, 2026 at 2:40:00 AM UTC","October 8, 2026 at 3:40:00 AM UTC","sydney sweeney","https://trends.google.com/trends/explore?q=sydney%20sweeney&geo=US&hl=en-US"
"kyle juszczyk","10K+","October 4, 2026 at 10:50:00 PM UTC","October 5, 2026 at 8:50:00 AM UTC","kyle juszczyk","https://trends.google.com/trends/explore?q=kyle%20juszczyk&geo=US&hl=en-US"
"royal news","2K+","October 7, 2026 at 10:40:00 PM UTC","October 7, 2026 at 11:50:00 PM UTC","royal news,queen camilla,dr","https://trends.google.com/trends/explore?q=royal%20news&geo=US&hl=en-US"
"bronny james","2K+","October 7, 2026 at 3:10:00 AM UTC","October 7, 2026 at 11:50:00 AM UTC","bronny james","https://trends.google.com/trends/explore?q=bronny%20james&geo=US&hl=en-US"
"enrique iglesias","2K+","October 7, 2026 at 4:00:00 AM UTC","October 7, 2026 at 1:20:00 PM UTC","enrique iglesias","https://trends.google.com/trends/explore?q=enrique%20iglesias&geo=US&hl=en-US"
"kyle tucker","5K+","October 8, 2026 at 12:10:00 AM UTC","October 8, 2026 at 1:30:00 AM UTC","kyle tucker","https://trends.google.com/trends/explore?q=kyle%20tucker&geo=US&hl=en-US"
"foster griffin","2K+","October 7, 2026 at 8:20:00 PM UTC","October 7, 2026 at 10:50:00 PM UTC","foster griffin","https://trends.google.com/trends/explore?q=foster%20griffin&geo=US&hl=en-US"
"eye drops recalled","20K+","October 3, 2026 at 9:40:00 AM UTC","October 4, 2026 at 1:40:00 PM UTC","eye drops recalled,eye drop,product recall","https://trends.google.com/trends/explore?q=eye%20drops%20recalled&geo=US&hl=en-US"
"kody brown leaving sister wives","10K+","October 5, 2026 at 11:10:00 AM UTC","October 5, 2026 at 7:20:00 PM UTC","kody brown leaving sister wives,kody brown","https://trends.google.com/trends/explore?q=kody%20brown%20leaving%20sister%20wives&geo=US&hl=en-US"
"scotland vs slovenia","5K+","October 6, 2026 at 5:50:00 PM UTC","October 6, 2026 at 10:00:00 PM UTC","scotland vs slovenia","https://trends.google.com/trends/explore?q=scotland%20vs%20slovenia&geo=US&hl=en-US"
"planet 9","5K+","October 6, 2026 at 8:50:00 AM UTC","October 6, 2026 at 9:40:00 PM UTC","planet 9","https://trends.google.com/trends/explore?q=planet%209&geo=US&hl=en-US"
"cameron carr","5K+","October 6, 2026 at 3:20:00 AM UTC","October 6, 2026 at 1:00:00 PM UTC","cameron carr","https://trends.google.com/trends/explore?q=cameron%20carr&geo=US&hl=en-US"
"judge david leibowitz noncitizen voting ruling","10K+","October 3, 2026 at 6:40:00 AM UTC","October 3, 2026 at 8:10:00 PM UTC","judge david leibowitz noncitizen voting ruling","https://trends.google.com/trends/explore?q=judge%20david%20leibowitz%20noncitizen%20voting%20ruling&geo=US&hl=en-US"
"jalen williams","1K+","October 8, 2026 at 12:50:00 AM UTC","October 8, 2026 at 3:30:00 AM UTC","jalen williams","https://trends.google.com/trends/explore?q=jalen%20williams&geo=US&hl=en-US"
"bruce willis","20K+","October 2, 2026 at 5:40:00 PM UTC","October 3, 2026 at 5:40:00 AM UTC","bruce willis","https://trends.google.com/trends/explore?q=bruce%20willis&geo=US&hl=en-US"
"warren buffett stock market downturn guidance","2K+","October 6, 2026 at 9:50:00 PM UTC","October 7, 2026 at 10:10:00 AM UTC","warren buffett stock market downturn guidance","https://trends.google.com/trends/explore?q=warren%20buffett%20stock%20market%20downturn%20guidance&geo=US&hl=en-US"
"kevin cash","1K+","October 8, 2026 at 1:50:00 AM UTC","October 8, 2026 at 4:00:00 AM UTC","kevin cash","https://trends.google.com/trends/explore?q=kevin%20cash&geo=US&hl=en-US"
"saturday night live dakota johnson; turnstile","20K+","October 3, 2026 at 12:00:00 PM UTC","October 4, 2026 at 2:40:00 AM UTC","saturday night live dakota johnson; turnstile,snl tonight,dakota johnson parents,host snl tonight,snl host tonight,snl musical guest tonight,who is hosting snl tonight","https://trends.google.com/trends/explore?q=saturday%20night%20live%20dakota%20johnson%3B%20turnstile&geo=US&hl=en-US"
"chicago fire cast","1K+","October 8, 2026 at 1:10:00 AM UTC","October 8, 2026 at 3:00:00 AM UTC","chicago fire cast","https://trends.google.com/trends/explore?q=chicago%20fire%20cast&geo=US&hl=en-US"
"amber glenn","10K+","October 7, 2026 at 1:50:00 AM UTC","October 7, 2026 at 5:50:00 AM UTC","amber glenn,who is amber glenn","https://trends.google.com/trends/explore?q=amber%20glenn&geo=US&hl=en-US"
"senators vs bruins","5K+","October 5, 2026 at 10:50:00 PM UTC","October 6, 2026 at 11:10:00 AM UTC","senators vs bruins","https://trends.google.com/trends/explore?q=senators%20vs%20bruins&geo=US&hl=en-US"
"tate mcrae perfume","20K+","October 1, 2026 at 11:50:00 AM UTC","October 2, 2026 at 4:10:00 AM UTC","tate mcrae perfume","https://trends.google.com/trends/explore?q=tate%20mcrae%20perfume&geo=US&hl=en-US"
"a different world season 2","1K+","October 7, 2026 at 10:00:00 PM UTC","October 8, 2026 at 1:40:00 AM UTC","a different world season 2","https://trends.google.com/trends/explore?q=a%20different%20world%20season%202&geo=US&hl=en-US"
"judith retana","5K+","October 5, 2026 at 1:00:00 AM UTC","October 5, 2026 at 1:50:00 PM UTC","judith retana","https://trends.google.com/trends/explore?q=judith%20retana&geo=US&hl=en-US"
"trump administration federal student loans","5K+","October 6, 2026 at 2:00:00 PM UTC","October 6, 2026 at 10:20:00 PM UTC","trump administration federal student loans","https://trends.google.com/trends/explore?q=trump%20administration%20federal%20student%20loans&geo=US&hl=en-US"
"seguridad social","10K+","October 5, 2026 at 4:40:00 PM UTC","October 5, 2026 at 11:30:00 PM UTC","seguridad social","https://trends.google.com/trends/explore?q=seguridad%20social&geo=US&hl=en-US"
"samsung galaxy","100+","October 8, 2026 at 9:10:00 AM UTC","October 8, 2026 at 10:20:00 AM UTC","samsung galaxy","https://trends.google.com/trends/explore?q=samsung%20galaxy&geo=US&hl=en-US"
"islanders","5K+","October 6, 2026 at 11:20:00 PM UTC","October 7, 2026 at 10:30:00 AM UTC","islanders,ny islanders","https://trends.google.com/trends/explore?q=islanders&geo=US&hl=en-US"
"utah state vs boise state","20K+","October 3, 2026 at 10:40:00 PM UTC","October 4, 2026 at 5:10:00 AM UTC","utah state vs boise state","https://trends.google.com/trends/explore?q=utah%20state%20vs%20boise%20state&geo=US&hl=en-US"
"martinique vs el salvador","10K+","October 5, 2026 at 9:20:00 PM UTC","October 6, 2026 at 1:30:00 AM UTC","martinique vs el salvador,el salvador vs","https://trends.google.com/trends/explore?q=martinique%20vs%20el%20salvador&geo=US&hl=en-US"
"act","5K+","October 6, 2026 at 12:20:00 PM UTC","October 6, 2026 at 5:10:00 PM UTC","act","https://trends.google.com/trends/explore?q=act&geo=US&hl=en-US"
"pekan antariksa dunia 2026","200+","October 8, 2026 at 7:30:00 AM UTC","October 8, 2026 at 9:50:00 AM UTC","pekan antariksa dunia 2026","https://trends.google.com/trends/explore?q=pekan%20antariksa%20dunia%202026&geo=US&hl=en-US"
"darius cooper","20K+","October 4, 2026 at 6:00:00 PM UTC","October 4, 2026 at 10:10:00 PM UTC","darius cooper","https://trends.google.com/trends/explore?q=darius%20cooper&geo=US&hl=en-US"
"isobel borlase","2K+","October 8, 2026 at 1:00:00 AM UTC","October 8, 2026 at 3:20:00 AM UTC","isobel borlase,alisha gray,allisha gray,allisha gray injury","https://trends.google.com/trends/explore?q=isobel%20borlase&geo=US&hl=en-US"
"canadiens vs penguins","20K+","October 3, 2026 at 10:10:00 PM UTC","October 4, 2026 at 12:30:00 PM UTC","canadiens vs penguins,pittsburgh penguins,penguins","https://trends.google.com/trends/explore?q=canadiens%20vs%20penguins&geo=US&hl=en-US"
"john meise","5K+","October 6, 2026 at 6:50:00 PM UTC","October 7, 2026 at 10:20:00 AM UTC","john meise,half marathon","https://trends.google.com/trends/explore?q=john%20meise&geo=US&hl=en-US"
"warren buffett investing advice s&p 500","5K+","October 6, 2026 at 1:20:00 PM UTC","October 6, 2026 at 7:30:00 PM UTC","warren buffett investing advice s&p 500","https://trends.google.com/trends/explore?q=warren%20buffett%20investing%20advice%20s%26p%20500&geo=US&hl=en-US"
"dog","20K+","October 4, 2026 at 10:50:00 PM UTC","October 5, 2026 at 10:20:00 AM UTC","dog,central park cyclist dog collision","https://trends.google.com/trends/explore?q=dog&geo=US&hl=en-US"
"lancaster property human remains","10K+","October 2, 2026 at 6:20:00 AM UTC","October 4, 2026 at 1:30:00 AM UTC","lancaster property human remains","https://trends.google.com/trends/explore?q=lancaster%20property%20human%20remains&geo=US&hl=en-US"
"jaleel mclaughlin","20K+","October 2, 2026 at 12:50:00 AM UTC","October 2, 2026 at 12:50:00 PM UTC","jaleel mclaughlin","https://trends.google.com/trends/explore?q=jaleel%20mclaughlin&geo=US&hl=en-US"
"pewaukee lake 1000 year old canoe","2K+","October 6, 2026 at 11:20:00 PM UTC","October 7, 2026 at 2:20:00 PM UTC","pewaukee lake 1000 year old canoe","https://trends.google.com/trends/explore?q=pewaukee%20lake%201000%20year%20old%20canoe&geo=US&hl=en-US"
"joey king","2K+","October 6, 2026 at 11:30:00 PM UTC","October 7, 2026 at 11:10:00 AM UTC","joey king","https://trends.google.com/trends/explore?q=joey%20king&geo=US&hl=en-US"
"ateba gautier","20K+","October 3, 2026 at 9:40:00 PM UTC","October 4, 2026 at 4:00:00 AM UTC","ateba gautier,roman kopylov,kopylov","https://trends.google.com/trends/explore?q=ateba%20gautier&geo=US&hl=en-US"
"chloe kim","2K+","October 6, 2026 at 9:30:00 PM UTC","October 7, 2026 at 3:20:00 AM UTC","chloe kim","https://trends.google.com/trends/explore?q=chloe%20kim&geo=US&hl=en-US"
"atp shanghai","200+","October 8, 2026 at 7:00:00 AM UTC","October 8, 2026 at 10:00:00 AM UTC","atp shanghai","https://trends.google.com/trends/explore?q=atp%20shanghai&geo=US&hl=en-US"
"united airlines","20K+","October 4, 2026 at 3:30:00 PM UTC","October 5, 2026 at 12:40:00 AM UTC","united airlines","https://trends.google.com/trends/explore?q=united%20airlines&geo=US&hl=en-US"
"king green","20K+","October 3, 2026 at 9:50:00 PM UTC","October 4, 2026 at 4:50:00 AM UTC","king green,bobby green","https://trends.google.com/trends/explore?q=king%20green&geo=US&hl=en-US"
"patrick surtain ii","20K+","October 4, 2026 at 9:50:00 PM UTC","October 5, 2026 at 5:00:00 AM UTC","patrick surtain ii,patrick surtain,pat surtain,pat bryant,surtain,pat surtain injury","https://trends.google.com/trends/explore?q=patrick%20surtain%20ii&geo=US&hl=en-US"
"flash flooding","10K+","October 1, 2026 at 7:50:00 PM UTC","October 3, 2026 at 4:20:00 PM UTC","flash flooding","https://trends.google.com/trends/explore?q=flash%20flooding&geo=US&hl=en-US"
"eagles depth chart","5K+","October 6, 2026 at 8:30:00 PM UTC","October 7, 2026 at 6:20:00 PM UTC","eagles depth chart,tank bigsby","https://trends.google.com/trends/explore?q=eagles%20depth%20chart&geo=US&hl=en-US"
"angela paxton","10K+","October 4, 2026 at 7:20:00 PM UTC","October 5, 2026 at 2:30:00 PM UTC","angela paxton","https://trends.google.com/trends/explore?q=angela%20paxton&geo=US&hl=en-US"
"billie lourd","2K+","October 7, 2026 at 1:30:00 PM UTC","October 7, 2026 at 3:40:00 PM UTC","billie lourd","https://trends.google.com/trends/explore?q=billie%20lourd&geo=US&hl=en-US"
"dallas stars","20K+","October 2, 2026 at 11:00:00 PM UTC","October 4, 2026 at 4:10:00 AM UTC","dallas stars,stars vs predators","https://trends.google.com/trends/explore?q=dallas%20stars&geo=US&hl=en-US"
"kc concepcion","20K+","October 1, 2026 at 10:40:00 PM UTC","October 2, 2026 at 12:50:00 PM UTC","kc concepcion","https://trends.google.com/trends/explore?q=kc%20concepcion&geo=US&hl=en-US"
"south china sea disputed shoals","2K+","October 7, 2026 at 1:50:00 PM UTC","October 7, 2026 at 6:40:00 PM UTC","south china sea disputed shoals","https://trends.google.com/trends/explore?q=south%20china%20sea%20disputed%20shoals&geo=US&hl=en-US"
"colombia - paraguay","20K+","October 3, 2026 at 1:50:00 AM UTC","October 3, 2026 at 2:30:00 PM UTC","colombia - paraguay,colombia vs","https://trends.google.com/trends/explore?q=colombia%20-%20paraguay&geo=US&hl=en-US"
"america vs cruz azul","20K+","October 1, 2026 at 11:50:00 PM UTC","October 2, 2026 at 1:20:00 PM UTC","america vs cruz azul,cruz azul vs america,américa vs cruz azul","https://trends.google.com/trends/explore?q=america%20vs%20cruz%20azul&geo=US&hl=en-US"
"utep vs new mexico","20K+","October 3, 2026 at 7:10:00 PM UTC","October 4, 2026 at 1:20:00 AM UTC","utep vs new mexico,unm football","https://trends.google.com/trends/explore?q=utep%20vs%20new%20mexico&geo=US&hl=en-US"
"jenna dewan","20K+","October 7, 2026 at 12:30:00 AM UTC","October 7, 2026 at 1:40:00 AM UTC","jenna dewan,who is jenna dewan","https://trends.google.com/trends/explore?q=jenna%20dewan&geo=US&hl=en-US"
"tbs","5K+","October 5, 2026 at 9:00:00 PM UTC","October 6, 2026 at 2:50:00 AM UTC","tbs","https://trends.google.com/trends/explore?q=tbs&geo=US&hl=en-US"
"terrion arnold","5K+","October 5, 2026 at 7:00:00 PM UTC","October 6, 2026 at 11:40:00 AM UTC","terrion arnold","https://trends.google.com/trends/explore?q=terrion%20arnold&geo=US&hl=en-US"
"la kings","2K+","October 7, 2026 at 2:30:00 AM UTC","October 7, 2026 at 6:40:00 AM UTC","la kings,los angeles kings","https://trends.google.com/trends/explore?q=la%20kings&geo=US&hl=en-US"
"manny machado","5K+","October 7, 2026 at 2:30:00 AM UTC","October 7, 2026 at 6:20:00 AM UTC","manny machado","https://trends.google.com/trends/explore?q=manny%20machado&geo=US&hl=en-US"
"a'ja wilson","20K+","October 2, 2026 at 1:40:00 AM UTC","October 2, 2026 at 10:20:00 PM UTC","a'ja wilson,brianna turner,aja wilson suspension,sophie cunningham","https://trends.google.com/trends/explore?q=a%27ja%20wilson&geo=US&hl=en-US"
"bucks","10K+","October 6, 2026 at 12:40:00 AM UTC","October 6, 2026 at 11:40:00 AM UTC","bucks,wolves vs bucks,timberwolves game","https://trends.google.com/trends/explore?q=bucks&geo=US&hl=en-US"
"cam jurgens pff","2K+","October 7, 2026 at 5:00:00 PM UTC","October 7, 2026 at 6:50:00 PM UTC","cam jurgens pff,landon dickerson,cam jurgens pff grade","https://trends.google.com/trends/explore?q=cam%20jurgens%20pff&geo=US&hl=en-US"
"daycares","200+","October 8, 2026 at 8:40:00 AM UTC","October 8, 2026 at 9:30:00 AM UTC","daycares","https://trends.google.com/trends/explore?q=daycares&geo=US&hl=en-US"
"lyle odelein","10K+","October 3, 2026 at 7:20:00 PM UTC","October 4, 2026 at 1:30:00 PM UTC","lyle odelein","https://trends.google.com/trends/explore?q=lyle%20odelein&geo=US&hl=en-US"
"defense rankings week 5","2K+","October 7, 2026 at 7:00:00 AM UTC","October 7, 2026 at 1:50:00 PM UTC","defense rankings week 5,week 5 defense rankings,best defense week 5","https://trends.google.com/trends/explore?q=defense%20rankings%20week%205&geo=US&hl=en-US"
"cailee spaeny","10K+","October 2, 2026 at 5:30:00 PM UTC","October 3, 2026 at 10:40:00 AM UTC","cailee spaeny","https://trends.google.com/trends/explore?q=cailee%20spaeny&geo=US&hl=en-US"
"ivanka trump","10K+","October 4, 2026 at 10:00:00 PM UTC","October 5, 2026 at 11:00:00 AM UTC","ivanka trump","https://trends.google.com/trends/explore?q=ivanka%20trump&geo=US&hl=en-US"
"utah jazz","2K+","October 7, 2026 at 1:20:00 AM UTC","October 7, 2026 at 6:40:00 AM UTC","utah jazz","https://trends.google.com/trends/explore?q=utah%20jazz&geo=US&hl=en-US"
"suit","5K+","October 7, 2026 at 7:40:00 PM UTC","October 7, 2026 at 9:40:00 PM UTC","suit,court,jay inslee","https://trends.google.com/trends/explore?q=suit&geo=US&hl=en-US"
"nicole linton","10K+","October 2, 2026 at 9:30:00 PM UTC","October 3, 2026 at 3:40:00 PM UTC","nicole linton","https://trends.google.com/trends/explore?q=nicole%20linton&geo=US&hl=en-US"
"justin timberlake","2K+","October 6, 2026 at 5:20:00 AM UTC","October 7, 2026 at 4:40:00 AM UTC","justin timberlake","https://trends.google.com/trends/explore?q=justin%20timberlake&geo=US&hl=en-US"
"wyoming vs nd state","20K+","October 3, 2026 at 6:40:00 PM UTC","October 4, 2026 at 12:20:00 AM UTC","wyoming vs nd state,ndsu football","https://trends.google.com/trends/explore?q=wyoming%20vs%20nd%20state&geo=US&hl=en-US"
"kwanza jones","5K+","October 7, 2026 at 2:30:00 AM UTC","October 7, 2026 at 6:10:00 AM UTC","kwanza jones","https://trends.google.com/trends/explore?q=kwanza%20jones&geo=US&hl=en-US"
"navy vs air force","20K+","October 3, 2026 at 3:10:00 PM UTC","October 3, 2026 at 9:40:00 PM UTC","navy vs air force,air force football,navy football","https://trends.google.com/trends/explore?q=navy%20vs%20air%20force&geo=US&hl=en-US"
"mlb hoy","2K+","October 7, 2026 at 1:10:00 AM UTC","October 8, 2026 at 4:20:00 AM UTC","mlb hoy","https://trends.google.com/trends/explore?q=mlb%20hoy&geo=US&hl=en-US"
"san diego weather","5K+","October 8, 2026 at 5:00:00 AM UTC","October 8, 2026 at 6:40:00 AM UTC","san diego weather,los angeles weather,temperature","https://trends.google.com/trends/explore?q=san%20diego%20weather&geo=US&hl=en-US"
"kerry washington","5K+","October 7, 2026 at 3:50:00 AM UTC","October 7, 2026 at 11:00:00 AM UTC","kerry washington,matt damon,animals netflix","https://trends.google.com/trends/explore?q=kerry%20washington&geo=US&hl=en-US"
"darnell washington","20K+","October 1, 2026 at 11:20:00 PM UTC","October 2, 2026 at 12:50:00 PM UTC","darnell washington,washington steelers","https://trends.google.com/trends/explore?q=darnell%20washington&geo=US&hl=en-US"
"rylee arnold","5K+","October 7, 2026 at 1:30:00 AM UTC","October 7, 2026 at 5:50:00 AM UTC","rylee arnold","https://trends.google.com/trends/explore?q=rylee%20arnold&geo=US&hl=en-US"
"jalen duren","20K+","October 1, 2026 at 11:20:00 PM UTC","October 2, 2026 at 1:50:00 PM UTC","jalen duren,duren","https://trends.google.com/trends/explore?q=jalen%20duren&geo=US&hl=en-US"
"ben whittaker","10K+","October 3, 2026 at 9:20:00 PM UTC","October 4, 2026 at 1:00:00 PM UTC","ben whittaker,ben whittaker vs conor wallace","https://trends.google.com/trends/explore?q=ben%20whittaker&geo=US&hl=en-US"
"steven kwan","1K+","October 7, 2026 at 8:50:00 PM UTC","October 8, 2026 at 12:00:00 AM UTC","steven kwan","https://trends.google.com/trends/explore?q=steven%20kwan&geo=US&hl=en-US"
"john reardon","5K+","October 6, 2026 at 11:50:00 AM UTC","October 6, 2026 at 6:20:00 PM UTC","john reardon","https://trends.google.com/trends/explore?q=john%20reardon&geo=US&hl=en-US"
"taysom hill","5K+","October 6, 2026 at 12:20:00 AM UTC","October 6, 2026 at 6:10:00 AM UTC","taysom hill","https://trends.google.com/trends/explore?q=taysom%20hill&geo=US&hl=en-US"
"silver","5K+","October 5, 2026 at 6:00:00 PM UTC","October 6, 2026 at 2:30:00 AM UTC","silver,tradingview","https://trends.google.com/trends/explore?q=silver&geo=US&hl=en-US"
"ukraine news","10K+","October 4, 2026 at 11:40:00 AM UTC","October 4, 2026 at 7:30:00 PM UTC","ukraine news","https://trends.google.com/trends/explore?q=ukraine%20news&geo=US&hl=en-US"
"concacaf nations league","10K+","October 6, 2026 at 2:00:00 AM UTC","October 6, 2026 at 5:00:00 AM UTC","concacaf nations league,nations league concacaf,curacao","https://trends.google.com/trends/explore?q=concacaf%20nations%20league&geo=US&hl=en-US"
"张硕辅","100+","October 8, 2026 at 9:30:00 AM UTC","October 8, 2026 at 10:30:00 AM UTC","张硕辅","https://trends.google.com/trends/explore?q=%E5%BC%A0%E7%A1%95%E8%BE%85&geo=US&hl=en-US"
"emeka egbuka","2K+","October 8, 2026 at 10:30:00 AM UTC","October 8, 2026 at 11:00:00 AM UTC","emeka egbuka,egbuka","https://trends.google.com/trends/explore?q=emeka%20egbuka&geo=US&hl=en-US"
"carlos alcaraz","10K+","October 6, 2026 at 9:20:00 AM UTC","October 6, 2026 at 12:30:00 PM UTC","carlos alcaraz,japan open,tokyo open,jiri lehecka,jaume munar","https://trends.google.com/trends/explore?q=carlos%20alcaraz&geo=US&hl=en-US"
"jarace walker","1K+","October 8, 2026 at 12:40:00 AM UTC","October 8, 2026 at 2:50:00 AM UTC","jarace walker","https://trends.google.com/trends/explore?q=jarace%20walker&geo=US&hl=en-US"
"star wars galactic racer","5K+","October 7, 2026 at 3:00:00 AM UTC","October 7, 2026 at 8:30:00 AM UTC","star wars galactic racer,galactic racer","https://trends.google.com/trends/explore?q=star%20wars%20galactic%20racer&geo=US&hl=en-US"
"carlos alcaraz","20K+","October 5, 2026 at 7:50:00 AM UTC","October 5, 2026 at 12:20:00 PM UTC","carlos alcaraz,alcaraz","https://trends.google.com/trends/explore?q=carlos%20alcaraz&geo=US&hl=en-US"
"bengals game","50K+","October 4, 2026 at 7:50:00 PM UTC","October 4, 2026 at 11:10:00 PM UTC","bengals game,jaguars vs bengals where to watch,jags game,jacksonville jaguars vs bengals match player stats,jaguars,jaguars game,bengals game today,jags","https://trends.google.com/trends/explore?q=bengals%20game&geo=US&hl=en-US"
"miles bridges","500+","October 8, 2026 at 1:40:00 AM UTC","October 8, 2026 at 3:50:00 AM UTC","miles bridges","https://trends.google.com/trends/explore?q=miles%20bridges&geo=US&hl=en-US"
"charles barkley","5K+","October 5, 2026 at 6:20:00 PM UTC","October 6, 2026 at 10:40:00 AM UTC","charles barkley","https://trends.google.com/trends/explore?q=charles%20barkley&geo=US&hl=en-US"
"sancor seguros","2K+","October 7, 2026 at 1:30:00 AM UTC","October 7, 2026 at 6:20:00 AM UTC","sancor seguros","https://trends.google.com/trends/explore?q=sancor%20seguros&geo=US&hl=en-US"
"pieper high school","5K+","October 6, 2026 at 3:30:00 PM UTC","October 6, 2026 at 9:00:00 PM UTC","pieper high school,pieper ranch high school","https://trends.google.com/trends/explore?q=pieper%20high%20school&geo=US&hl=en-US"
"david hearn reflecting pool case","20K+","October 1, 2026 at 6:50:00 PM UTC","October 2, 2026 at 2:30:00 AM UTC","david hearn reflecting pool case,david hearn reflecting pool case dismissed,jeanine pirro","https://trends.google.com/trends/explore?q=david%20hearn%20reflecting%20pool%20case&geo=US&hl=en-US"
"dana white","2K+","October 7, 2026 at 3:00:00 AM UTC","October 7, 2026 at 11:30:00 AM UTC","dana white,ozzy martin,sal everett","https://trends.google.com/trends/explore?q=dana%20white&geo=US&hl=en-US"
"verity","50K+","October 1, 2026 at 10:30:00 PM UTC","October 2, 2026 at 5:40:00 AM UTC","verity,digger","https://trends.google.com/trends/explore?q=verity&geo=US&hl=en-US"
"patriots vs bills where to watch","20K+","October 4, 2026 at 5:10:00 PM UTC","October 4, 2026 at 9:10:00 PM UTC","patriots vs bills where to watch,buffalo bills game today,afc standings,where to watch bills game,bills schedule,afc east standings","https://trends.google.com/trends/explore?q=patriots%20vs%20bills%20where%20to%20watch&geo=US&hl=en-US"
"amanda seyfried","1K+","October 7, 2026 at 8:00:00 PM UTC","October 8, 2026 at 6:00:00 AM UTC","amanda seyfried","https://trends.google.com/trends/explore?q=amanda%20seyfried&geo=US&hl=en-US"
"jan ravnik","2K+","October 7, 2026 at 1:20:00 AM UTC","October 7, 2026 at 5:40:00 AM UTC","jan ravnik","https://trends.google.com/trends/explore?q=jan%20ravnik&geo=US&hl=en-US"
"david bednar","1K+","October 8, 2026 at 2:40:00 AM UTC","October 8, 2026 at 4:00:00 AM UTC","david bednar","https://trends.google.com/trends/explore?q=david%20bednar&geo=US&hl=en-US"
"quentin grimes","2K+","October 6, 2026 at 2:40:00 AM UTC","October 6, 2026 at 11:00:00 AM UTC","quentin grimes","https://trends.google.com/trends/explore?q=quentin%20grimes&geo=US&hl=en-US"
"alina charaeva","2K+","October 7, 2026 at 11:10:00 AM UTC","October 7, 2026 at 1:50:00 PM UTC","alina charaeva,qinwen zheng","https://trends.google.com/trends/explore?q=alina%20charaeva&geo=US&hl=en-US"
"the voice the blind auditions part 5","10K+","October 5, 2026 at 10:40:00 AM UTC","October 6, 2026 at 1:00:00 AM UTC","the voice the blind auditions part 5,the voice 2026,adam levine,the voice judges,the voice tonight,jackie foster the voice","https://trends.google.com/trends/explore?q=the%20voice%20the%20blind%20auditions%20part%205&geo=US&hl=en-US"
"chicago white sox","20K+","October 3, 2026 at 5:50:00 PM UTC","October 3, 2026 at 9:10:00 PM UTC","chicago white sox,white sox game,sox,grant taylor","https://trends.google.com/trends/explore?q=chicago%20white%20sox&geo=US&hl=en-US"
"seabed","10K+","October 3, 2026 at 10:30:00 PM UTC","October 4, 2026 at 4:00:00 PM UTC","seabed","https://trends.google.com/trends/explore?q=seabed&geo=US&hl=en-US"
"ron desantis","5K+","October 4, 2026 at 10:20:00 AM UTC","October 5, 2026 at 12:40:00 AM UTC","ron desantis","https://trends.google.com/trends/explore?q=ron%20desantis&geo=US&hl=en-US"
"griffin","10K+","October 3, 2026 at 7:40:00 AM UTC","October 3, 2026 at 6:40:00 PM UTC","griffin","https://trends.google.com/trends/explore?q=griffin&geo=US&hl=en-US"
"starbucks coffee","5K+","October 5, 2026 at 3:00:00 PM UTC","October 5, 2026 at 10:00:00 PM UTC","starbucks coffee,starbucks lawsuit","https://trends.google.com/trends/explore?q=starbucks%20coffee&geo=US&hl=en-US"
"jim thome","1K+","October 7, 2026 at 8:40:00 PM UTC","October 7, 2026 at 10:20:00 PM UTC","jim thome","https://trends.google.com/trends/explore?q=jim%20thome&geo=US&hl=en-US"
"total solar eclipse","2K+","October 6, 2026 at 5:20:00 PM UTC","October 6, 2026 at 11:50:00 PM UTC","total solar eclipse","https://trends.google.com/trends/explore?q=total%20solar%20eclipse&geo=US&hl=en-US"
"kyle teel","2K+","October 7, 2026 at 8:20:00 PM UTC","October 7, 2026 at 10:20:00 PM UTC","kyle teel,braden montgomery","https://trends.google.com/trends/explore?q=kyle%20teel&geo=US&hl=en-US"
"kevon looney","2K+","October 6, 2026 at 2:40:00 AM UTC","October 6, 2026 at 11:10:00 AM UTC","kevon looney","https://trends.google.com/trends/explore?q=kevon%20looney&geo=US&hl=en-US"
"joe musgrove","1K+","October 8, 2026 at 5:10:00 AM UTC","October 8, 2026 at 5:40:00 AM UTC","joe musgrove","https://trends.google.com/trends/explore?q=joe%20musgrove&geo=US&hl=en-US"
"tommy edman","1K+","October 8, 2026 at 12:40:00 AM UTC","October 8, 2026 at 2:20:00 AM UTC","tommy edman","https://trends.google.com/trends/explore?q=tommy%20edman&geo=US&hl=en-US"
"netherlands vs serbia","10K+","October 4, 2026 at 5:50:00 PM UTC","October 4, 2026 at 10:00:00 PM UTC","netherlands vs serbia","https://trends.google.com/trends/explore?q=netherlands%20vs%20serbia&geo=US&hl=en-US"
"avión","10K+","October 3, 2026 at 4:00:00 PM UTC","October 4, 2026 at 1:40:00 AM UTC","avión","https://trends.google.com/trends/explore?q=avi%C3%B3n&geo=US&hl=en-US"
"lsu vs mcneese","10K+","October 3, 2026 at 10:50:00 PM UTC","October 4, 2026 at 1:50:00 PM UTC","lsu vs mcneese","https://trends.google.com/trends/explore?q=lsu%20vs%20mcneese&geo=US&hl=en-US"
"dodgers vs atlanta braves match player stats","5K+","October 6, 2026 at 10:40:00 PM UTC","October 7, 2026 at 2:20:00 AM UTC","dodgers vs atlanta braves match player stats,atlanta braves vs dodgers match player stats","https://trends.google.com/trends/explore?q=dodgers%20vs%20atlanta%20braves%20match%20player%20stats&geo=US&hl=en-US"
"dazn","1K+","October 7, 2026 at 11:20:00 PM UTC","October 8, 2026 at 12:50:00 AM UTC","dazn","https://trends.google.com/trends/explore?q=dazn&geo=US&hl=en-US"
"bruins vs jets","10K+","October 2, 2026 at 11:10:00 PM UTC","October 3, 2026 at 1:10:00 PM UTC","bruins vs jets,jj peterka,winnipeg jets","https://trends.google.com/trends/explore?q=bruins%20vs%20jets&geo=US&hl=en-US"
"potsie","2K+","October 7, 2026 at 11:40:00 AM UTC","October 7, 2026 at 2:10:00 PM UTC","potsie","https://trends.google.com/trends/explore?q=potsie&geo=US&hl=en-US"
"lluvia","1K+","October 7, 2026 at 8:00:00 PM UTC","October 7, 2026 at 10:10:00 PM UTC","lluvia","https://trends.google.com/trends/explore?q=lluvia&geo=US&hl=en-US"
"darryn peterson","2K+","October 7, 2026 at 2:00:00 AM UTC","October 7, 2026 at 12:10:00 PM UTC","darryn peterson","https://trends.google.com/trends/explore?q=darryn%20peterson&geo=US&hl=en-US"
"fs1","2K+","October 6, 2026 at 9:50:00 PM UTC","October 7, 2026 at 2:50:00 AM UTC","fs1","https://trends.google.com/trends/explore?q=fs1&geo=US&hl=en-US"
"julius erving","1K+","October 7, 2026 at 10:30:00 PM UTC","October 8, 2026 at 1:20:00 AM UTC","julius erving","https://trends.google.com/trends/explore?q=julius%20erving&geo=US&hl=en-US"
"spencer stastney","2K+","October 7, 2026 at 4:30:00 PM UTC","October 7, 2026 at 6:50:00 PM UTC","spencer stastney,filip hallander","https://trends.google.com/trends/explore?q=spencer%20stastney&geo=US&hl=en-US"
"bryan hudson","1K+","October 7, 2026 at 8:50:00 PM UTC","October 7, 2026 at 10:50:00 PM UTC","bryan hudson","https://trends.google.com/trends/explore?q=bryan%20hudson&geo=US&hl=en-US"
"kendre miller","5K+","October 5, 2026 at 11:00:00 PM UTC","October 6, 2026 at 4:50:00 AM UTC","kendre miller","https://trends.google.com/trends/explore?q=kendre%20miller&geo=US&hl=en-US"
"god packs mtg","10K+","October 5, 2026 at 6:50:00 PM UTC","October 5, 2026 at 11:10:00 PM UTC","god packs mtg,mtg booster,mtg booster changes","https://trends.google.com/trends/explore?q=god%20packs%20mtg&geo=US&hl=en-US"
"naomi osaka","5K+","October 6, 2026 at 7:20:00 AM UTC","October 6, 2026 at 12:00:00 PM UTC","naomi osaka,karolína muchová,karolina muchova","https://trends.google.com/trends/explore?q=naomi%20osaka&geo=US&hl=en-US"
"nba schedule","10K+","October 5, 2026 at 11:10:00 PM UTC","October 6, 2026 at 3:50:00 AM UTC","nba schedule","https://trends.google.com/trends/explore?q=nba%20schedule&geo=US&hl=en-US"
"california vs unlv","20K+","October 3, 2026 at 6:40:00 PM UTC","October 4, 2026 at 1:10:00 AM UTC","california vs unlv,unlv football","https://trends.google.com/trends/explore?q=california%20vs%20unlv&geo=US&hl=en-US"
"julia stiles","10K+","October 7, 2026 at 2:00:00 AM UTC","October 7, 2026 at 2:50:00 AM UTC","julia stiles","https://trends.google.com/trends/explore?q=julia%20stiles&geo=US&hl=en-US"
"eleicoes brasil","10K+","October 4, 2026 at 7:20:00 PM UTC","October 5, 2026 at 2:10:00 AM UTC","eleicoes brasil","https://trends.google.com/trends/explore?q=eleicoes%20brasil&geo=US&hl=en-US"
"strait of hormuz oil shipping","5K+","October 4, 2026 at 9:10:00 PM UTC","October 5, 2026 at 11:50:00 AM UTC","strait of hormuz oil shipping","https://trends.google.com/trends/explore?q=strait%20of%20hormuz%20oil%20shipping&geo=US&hl=en-US"
"brandon jones nascar disqualification las vegas","10K+","October 4, 2026 at 4:40:00 PM UTC","October 5, 2026 at 12:20:00 AM UTC","brandon jones nascar disqualification las vegas","https://trends.google.com/trends/explore?q=brandon%20jones%20nascar%20disqualification%20las%20vegas&geo=US&hl=en-US"
"michele tafoya","1K+","October 7, 2026 at 8:10:00 PM UTC","October 8, 2026 at 3:40:00 AM UTC","michele tafoya","https://trends.google.com/trends/explore?q=michele%20tafoya&geo=US&hl=en-US"
"flight cancellation and delay","2K+","October 6, 2026 at 8:30:00 AM UTC","October 6, 2026 at 2:20:00 PM UTC","flight cancellation and delay","https://trends.google.com/trends/explore?q=flight%20cancellation%20and%20delay&geo=US&hl=en-US"
"cooper pratt","2K+","October 7, 2026 at 2:00:00 AM UTC","October 7, 2026 at 5:50:00 AM UTC","cooper pratt,sal frelick","https://trends.google.com/trends/explore?q=cooper%20pratt&geo=US&hl=en-US"
"blues vs avalanche","20K+","October 4, 2026 at 12:10:00 AM UTC","October 4, 2026 at 5:50:00 AM UTC","blues vs avalanche,colorado avalanche,stl blues","https://trends.google.com/trends/explore?q=blues%20vs%20avalanche&geo=US&hl=en-US"
"predators vs maple leafs","2K+","October 6, 2026 at 10:40:00 PM UTC","October 7, 2026 at 3:00:00 AM UTC","predators vs maple leafs","https://trends.google.com/trends/explore?q=predators%20vs%20maple%20leafs&geo=US&hl=en-US"
"burmese python","10K+","October 2, 2026 at 10:10:00 AM UTC","October 3, 2026 at 5:50:00 PM UTC","burmese python","https://trends.google.com/trends/explore?q=burmese%20python&geo=US&hl=en-US"
"beach hazards statement","2K+","October 7, 2026 at 2:20:00 PM UTC","October 7, 2026 at 4:20:00 PM UTC","beach hazards statement","https://trends.google.com/trends/explore?q=beach%20hazards%20statement&geo=US&hl=en-US"
"rory mcilroy","5K+","October 5, 2026 at 6:50:00 PM UTC","October 6, 2026 at 1:00:00 AM UTC","rory mcilroy","https://trends.google.com/trends/explore?q=rory%20mcilroy&geo=US&hl=en-US"
"djokovic","10K+","October 4, 2026 at 11:20:00 AM UTC","October 4, 2026 at 7:30:00 PM UTC","djokovic,shanghai masters","https://trends.google.com/trends/explore?q=djokovic&geo=US&hl=en-US"
"hornets","5K+","October 6, 2026 at 11:10:00 PM UTC","October 7, 2026 at 2:40:00 AM UTC","hornets,charlotte hornets,nets,julius randle,brooklyn nets","https://trends.google.com/trends/explore?q=hornets&geo=US&hl=en-US"
"germany vs serbia","20K+","October 1, 2026 at 5:50:00 PM UTC","October 1, 2026 at 11:20:00 PM UTC","germany vs serbia,germany national football team vs serbia national football team standings","https://trends.google.com/trends/explore?q=germany%20vs%20serbia&geo=US&hl=en-US"
"megan fox","20K+","October 2, 2026 at 12:40:00 AM UTC","October 2, 2026 at 11:30:00 AM UTC","megan fox","https://trends.google.com/trends/explore?q=megan%20fox&geo=US&hl=en-US"
"quinshon judkins","20K+","October 1, 2026 at 10:50:00 PM UTC","October 2, 2026 at 12:10:00 PM UTC","quinshon judkins,judkins","https://trends.google.com/trends/explore?q=quinshon%20judkins&geo=US&hl=en-US"
"eric church","10K+","October 6, 2026 at 2:00:00 AM UTC","October 6, 2026 at 4:10:00 AM UTC","eric church","https://trends.google.com/trends/explore?q=eric%20church&geo=US&hl=en-US"
"roy moore","5K+","October 5, 2026 at 4:50:00 PM UTC","October 6, 2026 at 10:00:00 AM UTC","roy moore","https://trends.google.com/trends/explore?q=roy%20moore&geo=US&hl=en-US"
"antigravity","100+","October 8, 2026 at 7:30:00 AM UTC","October 8, 2026 at 9:30:00 AM UTC","antigravity","https://trends.google.com/trends/explore?q=antigravity&geo=US&hl=en-US"
"denver nuggets","5K+","October 7, 2026 at 1:20:00 AM UTC","October 7, 2026 at 4:40:00 AM UTC","denver nuggets,nuggets","https://trends.google.com/trends/explore?q=denver%20nuggets&geo=US&hl=en-US"
"skydance","10K+","October 6, 2026 at 1:30:00 PM UTC","October 6, 2026 at 6:10:00 PM UTC","skydance,ynon kreiz","https://trends.google.com/trends/explore?q=skydance&geo=US&hl=en-US"
"usa today","5K+","October 5, 2026 at 11:10:00 AM UTC","October 5, 2026 at 7:30:00 PM UTC","usa today","https://trends.google.com/trends/explore?q=usa%20today&geo=US&hl=en-US"
"noah schultz","1K+","October 7, 2026 at 9:20:00 PM UTC","October 7, 2026 at 11:10:00 PM UTC","noah schultz","https://trends.google.com/trends/explore?q=noah%20schultz&geo=US&hl=en-US"
"cat food toxic chemicals","10K+","October 3, 2026 at 12:20:00 AM UTC","October 3, 2026 at 1:00:00 PM UTC","cat food toxic chemicals,cat food,toxic chemicals cat food","https://trends.google.com/trends/explore?q=cat%20food%20toxic%20chemicals&geo=US&hl=en-US"
"prime video","50K+","October 2, 2026 at 12:10:00 AM UTC","October 2, 2026 at 4:20:00 AM UTC","prime video,amazon prime video","https://trends.google.com/trends/explore?q=prime%20video&geo=US&hl=en-US"
"rangers vs red wings","20K+","October 2, 2026 at 9:40:00 PM UTC","October 3, 2026 at 11:10:00 AM UTC","rangers vs red wings,ny rangers,new york rangers","https://trends.google.com/trends/explore?q=rangers%20vs%20red%20wings&geo=US&hl=en-US"
"nba season start","10K+","October 5, 2026 at 11:20:00 PM UTC","October 6, 2026 at 6:30:00 AM UTC","nba season start,nba league pass,nba schedule","https://trends.google.com/trends/explore?q=nba%20season%20start&geo=US&hl=en-US"
"boston college vs smu","10K+","October 3, 2026 at 3:10:00 PM UTC","October 3, 2026 at 9:10:00 PM UTC","boston college vs smu","https://trends.google.com/trends/explore?q=boston%20college%20vs%20smu&geo=US&hl=en-US"
"kenneth walker iii","10K+","October 4, 2026 at 10:40:00 PM UTC","October 5, 2026 at 3:10:00 AM UTC","kenneth walker iii","https://trends.google.com/trends/explore?q=kenneth%20walker%20iii&geo=US&hl=en-US"
"lawsuit","20K+","October 1, 2026 at 5:00:00 PM UTC","October 2, 2026 at 12:50:00 AM UTC","lawsuit,renee good","https://trends.google.com/trends/explore?q=lawsuit&geo=US&hl=en-US"
"childcare","500+","October 8, 2026 at 2:50:00 AM UTC","October 8, 2026 at 4:00:00 AM UTC","childcare","https://trends.google.com/trends/explore?q=childcare&geo=US&hl=en-US"
"south korea vs venezuela","20K+","October 2, 2026 at 10:20:00 AM UTC","October 2, 2026 at 4:50:00 PM UTC","south korea vs venezuela,korea vs venezuela","https://trends.google.com/trends/explore?q=south%20korea%20vs%20venezuela&geo=US&hl=en-US"
"sabres vs blue jackets","20K+","October 1, 2026 at 10:10:00 PM UTC","October 2, 2026 at 3:40:00 AM UTC","sabres vs blue jackets,sabres,buffalo sabres,columbus blue jackets,blue jackets,sabres game","https://trends.google.com/trends/explore?q=sabres%20vs%20blue%20jackets&geo=US&hl=en-US"
"sadie sink","2K+","October 7, 2026 at 2:50:00 AM UTC","October 7, 2026 at 12:30:00 PM UTC","sadie sink","https://trends.google.com/trends/explore?q=sadie%20sink&geo=US&hl=en-US"
"ecuador vs panama","5K+","October 5, 2026 at 5:10:00 AM UTC","October 5, 2026 at 1:50:00 PM UTC","ecuador vs panama,panama vs ecuador","https://trends.google.com/trends/explore?q=ecuador%20vs%20panama&geo=US&hl=en-US"
"bronny james","2K+","October 6, 2026 at 2:50:00 AM UTC","October 6, 2026 at 12:00:00 PM UTC","bronny james,lakers news","https://trends.google.com/trends/explore?q=bronny%20james&geo=US&hl=en-US"
"rolling loud movie","10K+","October 2, 2026 at 6:00:00 PM UTC","October 4, 2026 at 1:00:00 AM UTC","rolling loud movie","https://trends.google.com/trends/explore?q=rolling%20loud%20movie&geo=US&hl=en-US"
"liv morgan wardrobe mishap","100+","October 8, 2026 at 9:00:00 AM UTC","October 8, 2026 at 10:10:00 AM UTC","liv morgan wardrobe mishap","https://trends.google.com/trends/explore?q=liv%20morgan%20wardrobe%20mishap&geo=US&hl=en-US"
"selección de fútbol de guatemala","1K+","October 7, 2026 at 9:00:00 PM UTC","October 8, 2026 at 12:00:00 AM UTC","selección de fútbol de guatemala","https://trends.google.com/trends/explore?q=selecci%C3%B3n%20de%20f%C3%BAtbol%20de%20guatemala&geo=US&hl=en-US"
"aaron rodgers wife","20K+","October 2, 2026 at 12:10:00 AM UTC","October 2, 2026 at 4:50:00 AM UTC","aaron rodgers wife,aaron rodgers' wife,is aaron rodgers married,who is aaron rodgers wife,who is aaron rodgers married to","https://trends.google.com/trends/explore?q=aaron%20rodgers%20wife&geo=US&hl=en-US"
"houston","2K+","October 7, 2026 at 2:50:00 PM UTC","October 7, 2026 at 5:20:00 PM UTC","houston","https://trends.google.com/trends/explore?q=houston&geo=US&hl=en-US"
"edgerrin cooper","10K+","October 4, 2026 at 6:50:00 PM UTC","October 5, 2026 at 2:20:00 AM UTC","edgerrin cooper,edgerrin cooper injury","https://trends.google.com/trends/explore?q=edgerrin%20cooper&geo=US&hl=en-US"
"mark ballas","10K+","October 7, 2026 at 12:50:00 AM UTC","October 7, 2026 at 4:50:00 AM UTC","mark ballas,maura higgins","https://trends.google.com/trends/explore?q=mark%20ballas&geo=US&hl=en-US"
"natalie nakase","10K+","October 3, 2026 at 3:00:00 AM UTC","October 3, 2026 at 4:10:00 PM UTC","natalie nakase,valkyries coach faints,valkyries game,natalie nakase collapse wnba playoffs,dallas wings vs golden state valkyries","https://trends.google.com/trends/explore?q=natalie%20nakase&geo=US&hl=en-US"
"ethan salas","2K+","October 7, 2026 at 2:40:00 AM UTC","October 7, 2026 at 5:00:00 AM UTC","ethan salas,salas padres","https://trends.google.com/trends/explore?q=ethan%20salas&geo=US&hl=en-US"
"bryn walker","10K+","October 4, 2026 at 4:00:00 AM UTC","October 5, 2026 at 8:10:00 AM UTC","bryn walker,found,bryn walker clothing,bryan walker and michelle min,berkeley shooting","https://trends.google.com/trends/explore?q=bryn%20walker&geo=US&hl=en-US"
"umass football","20K+","October 3, 2026 at 7:20:00 PM UTC","October 4, 2026 at 12:30:00 AM UTC","umass football","https://trends.google.com/trends/explore?q=umass%20football&geo=US&hl=en-US"
"memphis vs charlotte","20K+","October 3, 2026 at 2:10:00 PM UTC","October 3, 2026 at 7:40:00 PM UTC","memphis vs charlotte,memphis football,charlotte football","https://trends.google.com/trends/explore?q=memphis%20vs%20charlotte&geo=US&hl=en-US"
"liberty vs delaware","20K+","October 2, 2026 at 10:10:00 PM UTC","October 3, 2026 at 3:50:00 AM UTC","liberty vs delaware,liberty football,delaware football","https://trends.google.com/trends/explore?q=liberty%20vs%20delaware&geo=US&hl=en-US"
"deshaun watson stats","10K+","October 1, 2026 at 8:50:00 PM UTC","October 2, 2026 at 12:50:00 PM UTC","deshaun watson stats","https://trends.google.com/trends/explore?q=deshaun%20watson%20stats&geo=US&hl=en-US"
"big papi","500+","October 8, 2026 at 1:50:00 AM UTC","October 8, 2026 at 6:40:00 AM UTC","big papi","https://trends.google.com/trends/explore?q=big%20papi&geo=US&hl=en-US"
"terry mclaurin","10K+","October 4, 2026 at 8:30:00 AM UTC","October 4, 2026 at 5:10:00 PM UTC","terry mclaurin,terry mclaurin injury","https://trends.google.com/trends/explore?q=terry%20mclaurin&geo=US&hl=en-US"
"advisory","5K+","October 5, 2026 at 11:20:00 AM UTC","October 5, 2026 at 7:10:00 PM UTC","advisory,freeze warning","https://trends.google.com/trends/explore?q=advisory&geo=US&hl=en-US"
"simon cowell","2K+","October 8, 2026 at 7:30:00 AM UTC","October 8, 2026 at 8:30:00 AM UTC","simon cowell","https://trends.google.com/trends/explore?q=simon%20cowell&geo=US&hl=en-US"
"hurricanes vs flyers","20K+","October 3, 2026 at 10:10:00 PM UTC","October 4, 2026 at 3:40:00 AM UTC","hurricanes vs flyers,carolina hurricanes","https://trends.google.com/trends/explore?q=hurricanes%20vs%20flyers&geo=US&hl=en-US"
"polk county school bus crash","2K+","October 6, 2026 at 4:00:00 PM UTC","October 7, 2026 at 10:50:00 AM UTC","polk county school bus crash,klystron 9","https://trends.google.com/trends/explore?q=polk%20county%20school%20bus%20crash&geo=US&hl=en-US"
"jackie young","1K+","October 8, 2026 at 3:50:00 AM UTC","October 8, 2026 at 4:30:00 AM UTC","jackie young","https://trends.google.com/trends/explore?q=jackie%20young&geo=US&hl=en-US"
"mrvl stock","5K+","October 6, 2026 at 1:40:00 PM UTC","October 6, 2026 at 7:10:00 PM UTC","mrvl stock,marvell stock,mrvl","https://trends.google.com/trends/explore?q=mrvl%20stock&geo=US&hl=en-US"
"ford bronco","5K+","October 5, 2026 at 7:30:00 PM UTC","October 6, 2026 at 1:20:00 AM UTC","ford bronco","https://trends.google.com/trends/explore?q=ford%20bronco&geo=US&hl=en-US"
"denzel washington","10K+","October 3, 2026 at 6:20:00 PM UTC","October 4, 2026 at 2:50:00 AM UTC","denzel washington","https://trends.google.com/trends/explore?q=denzel%20washington&geo=US&hl=en-US"
"andrew garfield","10K+","October 4, 2026 at 1:50:00 AM UTC","October 4, 2026 at 10:30:00 AM UTC","andrew garfield","https://trends.google.com/trends/explore?q=andrew%20garfield&geo=US&hl=en-US"
"nba schedule","10K+","October 3, 2026 at 10:30:00 PM UTC","October 4, 2026 at 7:40:00 AM UTC","nba schedule,when does the nba season start,when does nba season start","https://trends.google.com/trends/explore?q=nba%20schedule&geo=US&hl=en-US"
"verity","50K+","October 2, 2026 at 10:00:00 PM UTC","October 3, 2026 at 2:50:00 AM UTC","verity,colleen hoover verity movie,verity book,verity reviews,dakota johnson","https://trends.google.com/trends/explore?q=verity&geo=US&hl=en-US"
"benin country","2K+","October 6, 2026 at 11:00:00 PM UTC","October 7, 2026 at 2:20:00 AM UTC","benin country","https://trends.google.com/trends/explore?q=benin%20country&geo=US&hl=en-US"
"miguel vargas","1K+","October 7, 2026 at 8:40:00 PM UTC","October 7, 2026 at 11:00:00 PM UTC","miguel vargas","https://trends.google.com/trends/explore?q=miguel%20vargas&geo=US&hl=en-US"
"pa governor debate","1K+","October 8, 2026 at 12:10:00 AM UTC","October 8, 2026 at 11:30:00 AM UTC","pa governor debate,stacy garrity","https://trends.google.com/trends/explore?q=pa%20governor%20debate&geo=US&hl=en-US"
"mason graham","10K+","October 2, 2026 at 12:20:00 AM UTC","October 2, 2026 at 2:40:00 PM UTC","mason graham,mason graham injury,browns game today,mike hall jr","https://trends.google.com/trends/explore?q=mason%20graham&geo=US&hl=en-US"
"utsa vs rice","10K+","October 3, 2026 at 10:10:00 PM UTC","October 4, 2026 at 3:50:00 AM UTC","utsa vs rice","https://trends.google.com/trends/explore?q=utsa%20vs%20rice&geo=US&hl=en-US"
"okc","2K+","October 7, 2026 at 12:20:00 AM UTC","October 7, 2026 at 4:40:00 AM UTC","okc,anthony pritchard","https://trends.google.com/trends/explore?q=okc&geo=US&hl=en-US"
"golden knights vs canucks","5K+","October 5, 2026 at 12:10:00 AM UTC","October 5, 2026 at 5:50:00 AM UTC","golden knights vs canucks","https://trends.google.com/trends/explore?q=golden%20knights%20vs%20canucks&geo=US&hl=en-US"
"jacob misiorowski","20K+","October 4, 2026 at 12:30:00 AM UTC","October 4, 2026 at 5:30:00 AM UTC","jacob misiorowski,misiorowski","https://trends.google.com/trends/explore?q=jacob%20misiorowski&geo=US&hl=en-US"
"eden prairie shooting","10K+","October 3, 2026 at 2:50:00 AM UTC","October 3, 2026 at 7:40:00 PM UTC","eden prairie shooting,eden prairie,friday night football,eden prairie high school shooting,eden prairie high school","https://trends.google.com/trends/explore?q=eden%20prairie%20shooting&geo=US&hl=en-US"
"rams vs eagles where to watch","10K+","October 4, 2026 at 5:10:00 PM UTC","October 4, 2026 at 9:20:00 PM UTC","rams vs eagles where to watch,philadelphia eagles game today,what channel is the eagles game on,where to watch los angeles rams vs philadelphia eagles,where to watch eagles game,where to watch eagles game today","https://trends.google.com/trends/explore?q=rams%20vs%20eagles%20where%20to%20watch&geo=US&hl=en-US"
"panthers vs sharks","20K+","October 2, 2026 at 1:10:00 AM UTC","October 2, 2026 at 12:20:00 PM UTC","panthers vs sharks,san jose sharks,sj sharks,luca cagnoni,sharks,macklin celebrini,sharks hockey","https://trends.google.com/trends/explore?q=panthers%20vs%20sharks&geo=US&hl=en-US"
"black panther","1K+","October 7, 2026 at 5:50:00 AM UTC","October 7, 2026 at 3:40:00 PM UTC","black panther","https://trends.google.com/trends/explore?q=black%20panther&geo=US&hl=en-US"
"sc lottery","500+","October 8, 2026 at 9:50:00 AM UTC","October 8, 2026 at 10:40:00 AM UTC","sc lottery","https://trends.google.com/trends/explore?q=sc%20lottery&geo=US&hl=en-US"
"tropical storm nolo","5K+","October 4, 2026 at 6:20:00 AM UTC","October 4, 2026 at 6:00:00 PM UTC","tropical storm nolo,typhoon","https://trends.google.com/trends/explore?q=tropical%20storm%20nolo&geo=US&hl=en-US"
"mlb free agents 2027","500+","October 8, 2026 at 3:20:00 AM UTC","October 8, 2026 at 6:10:00 AM UTC","mlb free agents 2027","https://trends.google.com/trends/explore?q=mlb%20free%20agents%202027&geo=US&hl=en-US"
"amon ra st brown","10K+","October 4, 2026 at 11:40:00 PM UTC","October 5, 2026 at 4:40:00 AM UTC","amon ra st brown,amon-ra st. brown","https://trends.google.com/trends/explore?q=amon%20ra%20st%20brown&geo=US&hl=en-US"
"rebecca bennett","1K+","October 7, 2026 at 11:10:00 PM UTC","October 8, 2026 at 12:50:00 AM UTC","rebecca bennett","https://trends.google.com/trends/explore?q=rebecca%20bennett&geo=US&hl=en-US"
"roman wilson","20K+","October 2, 2026 at 12:30:00 AM UTC","October 2, 2026 at 10:40:00 AM UTC","roman wilson","https://trends.google.com/trends/explore?q=roman%20wilson&geo=US&hl=en-US"
"mlb schedule","2K+","October 8, 2026 at 5:50:00 AM UTC","October 8, 2026 at 6:10:00 AM UTC","mlb schedule","https://trends.google.com/trends/explore?q=mlb%20schedule&geo=US&hl=en-US"
"sebastian stan","1K+","October 8, 2026 at 3:30:00 AM UTC","October 8, 2026 at 4:40:00 AM UTC","sebastian stan","https://trends.google.com/trends/explore?q=sebastian%20stan&geo=US&hl=en-US"
"milwaukee","2K+","October 7, 2026 at 2:30:00 AM UTC","October 7, 2026 at 6:00:00 AM UTC","milwaukee","https://trends.google.com/trends/explore?q=milwaukee&geo=US&hl=en-US"
"texas longhorns football schedule","10K+","October 3, 2026 at 1:10:00 PM UTC","October 4, 2026 at 12:20:00 AM UTC","texas longhorns football schedule","https://trends.google.com/trends/explore?q=texas%20longhorns%20football%20schedule&geo=US&hl=en-US"
"time magazine trump interview","20K+","October 1, 2026 at 9:50:00 PM UTC","October 2, 2026 at 1:10:00 PM UTC","time magazine trump interview,trump time interview,donald trump time magazine interview","https://trends.google.com/trends/explore?q=time%20magazine%20trump%20interview&geo=US&hl=en-US"
"taco bell duolingo hot sauce","10K+","October 1, 2026 at 6:20:00 PM UTC","October 2, 2026 at 1:00:00 PM UTC","taco bell duolingo hot sauce,duo habanero sauce taco bell","https://trends.google.com/trends/explore?q=taco%20bell%20duolingo%20hot%20sauce&geo=US&hl=en-US"
"grand theft auto vi","5K+","October 5, 2026 at 11:40:00 AM UTC","October 5, 2026 at 9:20:00 PM UTC","grand theft auto vi","https://trends.google.com/trends/explore?q=grand%20theft%20auto%20vi&geo=US&hl=en-US"
"royal family news","20K+","October 1, 2026 at 9:00:00 PM UTC","October 2, 2026 at 2:50:00 AM UTC","royal family news","https://trends.google.com/trends/explore?q=royal%20family%20news&geo=US&hl=en-US"
"us immigration and customs enforcement","200+","October 8, 2026 at 5:30:00 AM UTC","October 8, 2026 at 7:30:00 AM UTC","us immigration and customs enforcement","https://trends.google.com/trends/explore?q=us%20immigration%20and%20customs%20enforcement&geo=US&hl=en-US"
"general conference 2026","20K+","October 3, 2026 at 2:50:00 PM UTC","October 3, 2026 at 10:20:00 PM UTC","general conference 2026,lds general conference,general conference,lds general conference october 2026,general conference october 2026,church of jesus christ of latter day saints,lds conference 2026,tamara runia,lds","https://trends.google.com/trends/explore?q=general%20conference%202026&geo=US&hl=en-US"
"derek jeter","2K+","October 7, 2026 at 1:10:00 AM UTC","October 7, 2026 at 6:30:00 AM UTC","derek jeter","https://trends.google.com/trends/explore?q=derek%20jeter&geo=US&hl=en-US"
"david rush","2K+","October 6, 2026 at 8:30:00 PM UTC","October 7, 2026 at 12:30:00 PM UTC","david rush,david rush cia officer,david j. rush","https://trends.google.com/trends/explore?q=david%20rush&geo=US&hl=en-US"
"caddyshack","5K+","October 4, 2026 at 2:00:00 AM UTC","October 4, 2026 at 1:40:00 PM UTC","caddyshack","https://trends.google.com/trends/explore?q=caddyshack&geo=US&hl=en-US"
"adrian morejon","2K+","October 7, 2026 at 4:30:00 AM UTC","October 7, 2026 at 7:10:00 AM UTC","adrian morejon,morejon,morejon padres","https://trends.google.com/trends/explore?q=adrian%20morejon&geo=US&hl=en-US"
"vikings waive jeshaun jones","2K+","October 6, 2026 at 7:50:00 PM UTC","October 7, 2026 at 12:20:00 AM UTC","vikings waive jeshaun jones","https://trends.google.com/trends/explore?q=vikings%20waive%20jeshaun%20jones&geo=US&hl=en-US"
"seleccion mexicana","2K+","October 7, 2026 at 2:30:00 AM UTC","October 7, 2026 at 5:10:00 AM UTC","seleccion mexicana,rafa marquez","https://trends.google.com/trends/explore?q=seleccion%20mexicana&geo=US&hl=en-US"
"gavin williams","5K+","October 5, 2026 at 9:00:00 PM UTC","October 6, 2026 at 1:00:00 AM UTC","gavin williams","https://trends.google.com/trends/explore?q=gavin%20williams&geo=US&hl=en-US"
"kosovo vs austria","10K+","October 4, 2026 at 3:10:00 PM UTC","October 4, 2026 at 7:00:00 PM UTC","kosovo vs austria,kosovo - austria","https://trends.google.com/trends/explore?q=kosovo%20vs%20austria&geo=US&hl=en-US"
"seiko panda watch","2K+","October 6, 2026 at 1:40:00 PM UTC","October 6, 2026 at 7:40:00 PM UTC","seiko panda watch","https://trends.google.com/trends/explore?q=seiko%20panda%20watch&geo=US&hl=en-US"
"sal frelick","2K+","October 7, 2026 at 3:00:00 AM UTC","October 7, 2026 at 5:40:00 AM UTC","sal frelick,craig stammen,padres manager","https://trends.google.com/trends/explore?q=sal%20frelick&geo=US&hl=en-US"
"malachi toney","10K+","October 3, 2026 at 2:20:00 PM UTC","October 4, 2026 at 6:00:00 AM UTC","malachi toney","https://trends.google.com/trends/explore?q=malachi%20toney&geo=US&hl=en-US"
"jenson brooksby","200+","October 8, 2026 at 5:20:00 AM UTC","October 8, 2026 at 6:30:00 AM UTC","jenson brooksby","https://trends.google.com/trends/explore?q=jenson%20brooksby&geo=US&hl=en-US"
"trump news","20K+","October 3, 2026 at 4:00:00 PM UTC","October 3, 2026 at 7:30:00 PM UTC","trump news,donald trump republican midterm outlook,voting,donald trump news,trump ohio rally,donald trump ohio campaign speech,trump latest news,jon gruden","https://trends.google.com/trends/explore?q=trump%20news&geo=US&hl=en-US"
"ezcater","2K+","October 6, 2026 at 12:10:00 PM UTC","October 6, 2026 at 8:40:00 PM UTC","ezcater","https://trends.google.com/trends/explore?q=ezcater&geo=US&hl=en-US"
"richie palacios","5K+","October 8, 2026 at 1:00:00 AM UTC","October 8, 2026 at 1:50:00 AM UTC","richie palacios","https://trends.google.com/trends/explore?q=richie%20palacios&geo=US&hl=en-US"
"jerry jeudy","20K+","October 1, 2026 at 11:00:00 PM UTC","October 2, 2026 at 12:00:00 PM UTC","jerry jeudy,browns head coach","https://trends.google.com/trends/explore?q=jerry%20jeudy&geo=US&hl=en-US"
"army vs la tech","10K+","October 3, 2026 at 10:40:00 PM UTC","October 4, 2026 at 4:20:00 AM UTC","army vs la tech","https://trends.google.com/trends/explore?q=army%20vs%20la%20tech&geo=US&hl=en-US"
"wild vs predators","20K+","October 1, 2026 at 11:10:00 PM UTC","October 2, 2026 at 10:30:00 AM UTC","wild vs predators,mn wild,minnesota wild,nashville predators","https://trends.google.com/trends/explore?q=wild%20vs%20predators&geo=US&hl=en-US"
"jake bauers","2K+","October 7, 2026 at 1:40:00 AM UTC","October 7, 2026 at 6:00:00 AM UTC","jake bauers","https://trends.google.com/trends/explore?q=jake%20bauers&geo=US&hl=en-US"
"blues vs stars","10K+","October 3, 2026 at 12:10:00 AM UTC","October 3, 2026 at 12:50:00 PM UTC","blues vs stars,st louis blues,mason mctavish","https://trends.google.com/trends/explore?q=blues%20vs%20stars&geo=US&hl=en-US"
"gop midterm election outlook","5K+","October 6, 2026 at 8:30:00 PM UTC","October 7, 2026 at 12:20:00 AM UTC","gop midterm election outlook,midterm elections,united states midterm election","https://trends.google.com/trends/explore?q=gop%20midterm%20election%20outlook&geo=US&hl=en-US"
"dakota johnson dating history","5K+","October 4, 2026 at 3:50:00 AM UTC","October 4, 2026 at 4:40:00 PM UTC","dakota johnson dating history","https://trends.google.com/trends/explore?q=dakota%20johnson%20dating%20history&geo=US&hl=en-US"
"marcos giron","200+","October 8, 2026 at 8:50:00 AM UTC","October 8, 2026 at 9:40:00 AM UTC","marcos giron,james duckworth","https://trends.google.com/trends/explore?q=marcos%20giron&geo=US&hl=en-US"
"university of south alabama","10K+","October 3, 2026 at 6:30:00 AM UTC","October 3, 2026 at 6:30:00 PM UTC","university of south alabama","https://trends.google.com/trends/explore?q=university%20of%20south%20alabama&geo=US&hl=en-US"
"stanford vs wake forest","10K+","October 3, 2026 at 3:10:00 PM UTC","October 3, 2026 at 9:10:00 PM UTC","stanford vs wake forest","https://trends.google.com/trends/explore?q=stanford%20vs%20wake%20forest&geo=US&hl=en-US"
"bill gates","5K+","October 4, 2026 at 3:40:00 PM UTC","October 4, 2026 at 11:40:00 PM UTC","bill gates","https://trends.google.com/trends/explore?q=bill%20gates&geo=US&hl=en-US"
"creatine","10K+","October 2, 2026 at 7:50:00 PM UTC","October 3, 2026 at 1:30:00 PM UTC","creatine","https://trends.google.com/trends/explore?q=creatine&geo=US&hl=en-US"
"deion sanders cuts players colorado","5K+","October 7, 2026 at 3:30:00 PM UTC","October 7, 2026 at 5:40:00 PM UTC","deion sanders cuts players colorado,paul finebaum deion sanders colorado,deion sanders boulder football program","https://trends.google.com/trends/explore?q=deion%20sanders%20cuts%20players%20colorado&geo=US&hl=en-US"
"the oval office","20K+","October 1, 2026 at 6:20:00 PM UTC","October 2, 2026 at 12:40:00 AM UTC","the oval office","https://trends.google.com/trends/explore?q=the%20oval%20office&geo=US&hl=en-US"
"home","10K+","October 5, 2026 at 11:00:00 PM UTC","October 6, 2026 at 3:10:00 AM UTC","home,will venable","https://trends.google.com/trends/explore?q=home&geo=US&hl=en-US"
"saints depth chart","10K+","October 5, 2026 at 10:50:00 PM UTC","October 6, 2026 at 3:50:00 AM UTC","saints depth chart,falcons schedule","https://trends.google.com/trends/explore?q=saints%20depth%20chart&geo=US&hl=en-US"
"romania vs sweden","5K+","October 5, 2026 at 6:00:00 PM UTC","October 5, 2026 at 9:50:00 PM UTC","romania vs sweden","https://trends.google.com/trends/explore?q=romania%20vs%20sweden&geo=US&hl=en-US"
"impeachment","2K+","October 6, 2026 at 11:30:00 PM UTC","October 7, 2026 at 11:10:00 AM UTC","impeachment,newsmax","https://trends.google.com/trends/explore?q=impeachment&geo=US&hl=en-US"
"dave ramsey","2K+","October 5, 2026 at 7:50:00 PM UTC","October 6, 2026 at 5:00:00 PM UTC","dave ramsey","https://trends.google.com/trends/explore?q=dave%20ramsey&geo=US&hl=en-US"
"travis kelce","20K+","October 4, 2026 at 11:40:00 PM UTC","October 5, 2026 at 1:40:00 AM UTC","travis kelce","https://trends.google.com/trends/explore?q=travis%20kelce&geo=US&hl=en-US"
"ban vs sl","20K+","October 2, 2026 at 11:10:00 PM UTC","October 3, 2026 at 4:10:00 AM UTC","ban vs sl,sri lanka vs bangladesh,bangladesh vs sri lanka,sl vs ban","https://trends.google.com/trends/explore?q=ban%20vs%20sl&geo=US&hl=en-US"
"max fried girlfriend","500+","October 8, 2026 at 12:10:00 AM UTC","October 8, 2026 at 2:20:00 AM UTC","max fried girlfriend","https://trends.google.com/trends/explore?q=max%20fried%20girlfriend&geo=US&hl=en-US"
"gales - noruega","20K+","October 1, 2026 at 5:50:00 PM UTC","October 1, 2026 at 11:50:00 PM UTC","gales - noruega","https://trends.google.com/trends/explore?q=gales%20-%20noruega&geo=US&hl=en-US"
"rivian","5K+","October 5, 2026 at 4:40:00 AM UTC","October 5, 2026 at 5:10:00 PM UTC","rivian,tsla","https://trends.google.com/trends/explore?q=rivian&geo=US&hl=en-US"
"chargers vs seahawks where to watch","20K+","October 4, 2026 at 8:30:00 PM UTC","October 5, 2026 at 12:40:00 AM UTC","chargers vs seahawks where to watch,seahawks schedule,where to watch seahawks vs chargers,where to watch chargers vs seahawks,where to watch seahawks game","https://trends.google.com/trends/explore?q=chargers%20vs%20seahawks%20where%20to%20watch&geo=US&hl=en-US"
"salas padres","2K+","October 8, 2026 at 5:00:00 AM UTC","October 8, 2026 at 6:10:00 AM UTC","salas padres,ethan salas","https://trends.google.com/trends/explore?q=salas%20padres&geo=US&hl=en-US"
"gary r brown","2K+","October 6, 2026 at 9:30:00 PM UTC","October 7, 2026 at 9:30:00 AM UTC","gary r brown","https://trends.google.com/trends/explore?q=gary%20r%20brown&geo=US&hl=en-US"
"braden smith","1K+","October 8, 2026 at 12:40:00 AM UTC","October 8, 2026 at 2:10:00 AM UTC","braden smith","https://trends.google.com/trends/explore?q=braden%20smith&geo=US&hl=en-US"
"christian mccaffrey","10K+","October 4, 2026 at 8:50:00 PM UTC","October 5, 2026 at 12:40:00 AM UTC","christian mccaffrey","https://trends.google.com/trends/explore?q=christian%20mccaffrey&geo=US&hl=en-US"
"wku vs nm state","20K+","October 1, 2026 at 11:10:00 PM UTC","October 2, 2026 at 11:10:00 AM UTC","wku vs nm state,new mexico state football,western kentucky football","https://trends.google.com/trends/explore?q=wku%20vs%20nm%20state&geo=US&hl=en-US"
"maximiliano gutiérrez","2K+","October 7, 2026 at 3:00:00 AM UTC","October 7, 2026 at 6:00:00 AM UTC","maximiliano gutiérrez","https://trends.google.com/trends/explore?q=maximiliano%20guti%C3%A9rrez&geo=US&hl=en-US"
"measles outbreak pittsburgh","2K+","October 6, 2026 at 9:40:00 PM UTC","October 7, 2026 at 1:20:00 AM UTC","measles outbreak pittsburgh,pennsylvania measles outbreak","https://trends.google.com/trends/explore?q=measles%20outbreak%20pittsburgh&geo=US&hl=en-US"
"murray hill","2K+","October 6, 2026 at 4:20:00 PM UTC","October 7, 2026 at 3:30:00 AM UTC","murray hill","https://trends.google.com/trends/explore?q=murray%20hill&geo=US&hl=en-US"
"middle tenn. vs kansas","10K+","October 3, 2026 at 3:10:00 PM UTC","October 3, 2026 at 8:50:00 PM UTC","middle tenn. vs kansas","https://trends.google.com/trends/explore?q=middle%20tenn.%20vs%20kansas&geo=US&hl=en-US"
"tyler cameron","10K+","October 7, 2026 at 12:40:00 AM UTC","October 7, 2026 at 1:50:00 AM UTC","tyler cameron,who is tyler cameron","https://trends.google.com/trends/explore?q=tyler%20cameron&geo=US&hl=en-US"
"asian games 2026","10K+","October 3, 2026 at 4:30:00 AM UTC","October 3, 2026 at 2:40:00 PM UTC","asian games 2026,asian games 2026 medal tally,asian games medal tally","https://trends.google.com/trends/explore?q=asian%20games%202026&geo=US&hl=en-US"
"heat vs raptors","10K+","October 3, 2026 at 11:00:00 PM UTC","October 4, 2026 at 5:30:00 AM UTC","heat vs raptors,utah jazz,suns vs pistons,nba tv,minnesota timberwolves vs milwaukee bucks match player stats","https://trends.google.com/trends/explore?q=heat%20vs%20raptors&geo=US&hl=en-US"
"mammoth vs rangers","10K+","October 4, 2026 at 9:10:00 PM UTC","October 5, 2026 at 2:20:00 AM UTC","mammoth vs rangers,ny rangers","https://trends.google.com/trends/explore?q=mammoth%20vs%20rangers&geo=US&hl=en-US"
"autobús escolar","5K+","October 5, 2026 at 6:00:00 PM UTC","October 5, 2026 at 11:30:00 PM UTC","autobús escolar","https://trends.google.com/trends/explore?q=autob%C3%BAs%20escolar&geo=US&hl=en-US"
"ducks vs golden knights","20K+","October 3, 2026 at 1:10:00 AM UTC","October 3, 2026 at 7:20:00 AM UTC","ducks vs golden knights,anaheim ducks,vegas golden knights,golden knights","https://trends.google.com/trends/explore?q=ducks%20vs%20golden%20knights&geo=US&hl=en-US"
"leonie fiebich","500+","October 8, 2026 at 1:10:00 AM UTC","October 8, 2026 at 2:50:00 AM UTC","leonie fiebich","https://trends.google.com/trends/explore?q=leonie%20fiebich&geo=US&hl=en-US"
"eritrea","1K+","October 7, 2026 at 11:00:00 PM UTC","October 8, 2026 at 12:40:00 AM UTC","eritrea,ethiopia","https://trends.google.com/trends/explore?q=eritrea&geo=US&hl=en-US"
"albania vs san marino","2K+","October 6, 2026 at 6:20:00 PM UTC","October 6, 2026 at 9:50:00 PM UTC","albania vs san marino","https://trends.google.com/trends/explore?q=albania%20vs%20san%20marino&geo=US&hl=en-US"
"dk metcalf","20K+","October 1, 2026 at 11:50:00 PM UTC","October 2, 2026 at 5:10:00 AM UTC","dk metcalf,metcalf","https://trends.google.com/trends/explore?q=dk%20metcalf&geo=US&hl=en-US"
"benny johnson","10K+","October 2, 2026 at 8:00:00 PM UTC","October 3, 2026 at 12:40:00 PM UTC","benny johnson","https://trends.google.com/trends/explore?q=benny%20johnson&geo=US&hl=en-US"
"crime","2K+","October 6, 2026 at 11:50:00 PM UTC","October 7, 2026 at 2:10:00 AM UTC","crime","https://trends.google.com/trends/explore?q=crime&geo=US&hl=en-US"
"ian thomas","10K+","October 4, 2026 at 8:30:00 PM UTC","October 5, 2026 at 12:00:00 AM UTC","ian thomas","https://trends.google.com/trends/explore?q=ian%20thomas&geo=US&hl=en-US"
"grand central parkway","5K+","October 5, 2026 at 2:00:00 PM UTC","October 5, 2026 at 7:50:00 PM UTC","grand central parkway","https://trends.google.com/trends/explore?q=grand%20central%20parkway&geo=US&hl=en-US"
"iva jovic","2K+","October 7, 2026 at 5:20:00 AM UTC","October 7, 2026 at 7:50:00 AM UTC","iva jovic,iga swiatek","https://trends.google.com/trends/explore?q=iva%20jovic&geo=US&hl=en-US"
"anojan sivarasa","2K+","October 6, 2026 at 5:10:00 AM UTC","October 6, 2026 at 1:50:00 PM UTC","anojan sivarasa","https://trends.google.com/trends/explore?q=anojan%20sivarasa&geo=US&hl=en-US"
"capitals vs lightning","20K+","October 3, 2026 at 10:10:00 PM UTC","October 4, 2026 at 3:30:00 AM UTC","capitals vs lightning,tampa bay lightning,washington capitals,capitals","https://trends.google.com/trends/explore?q=capitals%20vs%20lightning&geo=US&hl=en-US"
"shai gilgeous-alexander","500+","October 8, 2026 at 1:00:00 AM UTC","October 8, 2026 at 3:10:00 AM UTC","shai gilgeous-alexander","https://trends.google.com/trends/explore?q=shai%20gilgeous-alexander&geo=US&hl=en-US"
"stephen curry","2K+","October 7, 2026 at 3:00:00 AM UTC","October 7, 2026 at 6:40:00 AM UTC","stephen curry","https://trends.google.com/trends/explore?q=stephen%20curry&geo=US&hl=en-US"
"sydney sweeney","5K+","October 6, 2026 at 11:00:00 AM UTC","October 7, 2026 at 4:20:00 AM UTC","sydney sweeney,scooter braun","https://trends.google.com/trends/explore?q=sydney%20sweeney&geo=US&hl=en-US"
"ejército mexicano","5K+","October 5, 2026 at 7:00:00 PM UTC","October 6, 2026 at 12:50:00 AM UTC","ejército mexicano","https://trends.google.com/trends/explore?q=ej%C3%A9rcito%20mexicano&geo=US&hl=en-US"
"jim farley ford skilled trades ai","10K+","October 2, 2026 at 5:10:00 PM UTC","October 3, 2026 at 1:00:00 AM UTC","jim farley ford skilled trades ai","https://trends.google.com/trends/explore?q=jim%20farley%20ford%20skilled%20trades%20ai&geo=US&hl=en-US"
"kings vs sharks","10K+","October 4, 2026 at 1:10:00 AM UTC","October 4, 2026 at 7:20:00 AM UTC","kings vs sharks,san jose sharks,la kings,sj sharks,igor chernyshov","https://trends.google.com/trends/explore?q=kings%20vs%20sharks&geo=US&hl=en-US"
"matisse thybulle","2K+","October 6, 2026 at 2:40:00 AM UTC","October 6, 2026 at 10:00:00 AM UTC","matisse thybulle","https://trends.google.com/trends/explore?q=matisse%20thybulle&geo=US&hl=en-US"
"max muncy","5K+","October 5, 2026 at 1:50:00 AM UTC","October 5, 2026 at 12:00:00 PM UTC","max muncy,miguel rojas","https://trends.google.com/trends/explore?q=max%20muncy&geo=US&hl=en-US"
"bosnia and herzegovina vs sweden","20K+","October 2, 2026 at 5:50:00 PM UTC","October 2, 2026 at 10:40:00 PM UTC","bosnia and herzegovina vs sweden,bosnia vs sweden","https://trends.google.com/trends/explore?q=bosnia%20and%20herzegovina%20vs%20sweden&geo=US&hl=en-US"
"margaret qualley","1K+","October 7, 2026 at 2:20:00 PM UTC","October 7, 2026 at 4:30:00 PM UTC","margaret qualley","https://trends.google.com/trends/explore?q=margaret%20qualley&geo=US&hl=en-US"
"amber riley dwts","2K+","October 7, 2026 at 12:20:00 AM UTC","October 7, 2026 at 4:30:00 AM UTC","amber riley dwts","https://trends.google.com/trends/explore?q=amber%20riley%20dwts&geo=US&hl=en-US"
"college football power rankings","5K+","October 5, 2026 at 8:10:00 PM UTC","October 6, 2026 at 1:10:00 AM UTC","college football power rankings","https://trends.google.com/trends/explore?q=college%20football%20power%20rankings&geo=US&hl=en-US"
"novak djokovic","20K+","October 2, 2026 at 12:50:00 PM UTC","October 2, 2026 at 5:00:00 PM UTC","novak djokovic,aryna sabalenka,china open,djokovic","https://trends.google.com/trends/explore?q=novak%20djokovic&geo=US&hl=en-US"
"united states senate","5K+","October 5, 2026 at 11:40:00 AM UTC","October 5, 2026 at 4:40:00 PM UTC","united states senate","https://trends.google.com/trends/explore?q=united%20states%20senate&geo=US&hl=en-US"
"cleveland cavaliers","5K+","October 5, 2026 at 2:10:00 PM UTC","October 5, 2026 at 7:50:00 PM UTC","cleveland cavaliers","https://trends.google.com/trends/explore?q=cleveland%20cavaliers&geo=US&hl=en-US"
"cancer prevention","2K+","October 6, 2026 at 9:50:00 PM UTC","October 7, 2026 at 11:10:00 AM UTC","cancer prevention","https://trends.google.com/trends/explore?q=cancer%20prevention&geo=US&hl=en-US"
"marshall vs james madison","10K+","October 3, 2026 at 6:50:00 PM UTC","October 4, 2026 at 12:40:00 AM UTC","marshall vs james madison","https://trends.google.com/trends/explore?q=marshall%20vs%20james%20madison&geo=US&hl=en-US"
"famous birthdays","2K+","October 6, 2026 at 10:30:00 PM UTC","October 7, 2026 at 1:40:00 AM UTC","famous birthdays","https://trends.google.com/trends/explore?q=famous%20birthdays&geo=US&hl=en-US"
"medicare advantage","10K+","October 3, 2026 at 10:50:00 AM UTC","October 3, 2026 at 11:30:00 PM UTC","medicare advantage,medicare advantage plan reductions unitedhealth humana","https://trends.google.com/trends/explore?q=medicare%20advantage&geo=US&hl=en-US"
"fernando tatis jr","2K+","October 7, 2026 at 2:30:00 AM UTC","October 7, 2026 at 5:40:00 AM UTC","fernando tatis jr,tatis jr","https://trends.google.com/trends/explore?q=fernando%20tatis%20jr&geo=US&hl=en-US"
"brandon williams","2K+","October 7, 2026 at 3:30:00 AM UTC","October 7, 2026 at 11:00:00 AM UTC","brandon williams","https://trends.google.com/trends/explore?q=brandon%20williams&geo=US&hl=en-US"
"mortgage rates","10K+","October 6, 2026 at 10:30:00 AM UTC","October 6, 2026 at 11:50:00 AM UTC","mortgage rates,current mortgage rates,refinance rates,mortgage interest rates,mortgage refinance rates,30 year mortgage rate,mortgages","https://trends.google.com/trends/explore?q=mortgage%20rates&geo=US&hl=en-US"
"ohio vs kent state","10K+","October 3, 2026 at 6:40:00 PM UTC","October 3, 2026 at 11:50:00 PM UTC","ohio vs kent state","https://trends.google.com/trends/explore?q=ohio%20vs%20kent%20state&geo=US&hl=en-US"
"public loan forgiveness","2K+","October 6, 2026 at 9:20:00 PM UTC","October 7, 2026 at 12:00:00 AM UTC","public loan forgiveness","https://trends.google.com/trends/explore?q=public%20loan%20forgiveness&geo=US&hl=en-US"
"dj moore","10K+","October 4, 2026 at 6:10:00 PM UTC","October 4, 2026 at 8:50:00 PM UTC","dj moore,dj moore injury","https://trends.google.com/trends/explore?q=dj%20moore&geo=US&hl=en-US"
"homelessness","10K+","October 2, 2026 at 2:50:00 PM UTC","October 3, 2026 at 12:00:00 AM UTC","homelessness","https://trends.google.com/trends/explore?q=homelessness&geo=US&hl=en-US"
"capitals vs hurricanes","10K+","October 2, 2026 at 10:10:00 PM UTC","October 3, 2026 at 3:30:00 AM UTC","capitals vs hurricanes,alex tuch","https://trends.google.com/trends/explore?q=capitals%20vs%20hurricanes&geo=US&hl=en-US"
"rajeev malhotra lioness tribute","2K+","October 6, 2026 at 2:20:00 PM UTC","October 6, 2026 at 7:40:00 PM UTC","rajeev malhotra lioness tribute","https://trends.google.com/trends/explore?q=rajeev%20malhotra%20lioness%20tribute&geo=US&hl=en-US"
"nebraska volleyball indiana wisconsin match","1K+","October 7, 2026 at 8:50:00 PM UTC","October 7, 2026 at 11:30:00 PM UTC","nebraska volleyball indiana wisconsin match","https://trends.google.com/trends/explore?q=nebraska%20volleyball%20indiana%20wisconsin%20match&geo=US&hl=en-US"
"beni rae harmony","5K+","October 3, 2026 at 4:50:00 PM UTC","October 4, 2026 at 1:00:00 PM UTC","beni rae harmony","https://trends.google.com/trends/explore?q=beni%20rae%20harmony&geo=US&hl=en-US"
"parker washington","10K+","October 4, 2026 at 6:00:00 PM UTC","October 4, 2026 at 9:10:00 PM UTC","parker washington","https://trends.google.com/trends/explore?q=parker%20washington&geo=US&hl=en-US"
"what time does dancing with the stars start","2K+","October 6, 2026 at 10:20:00 PM UTC","October 7, 2026 at 1:30:00 AM UTC","what time does dancing with the stars start","https://trends.google.com/trends/explore?q=what%20time%20does%20dancing%20with%20the%20stars%20start&geo=US&hl=en-US"
"ukraine","10K+","October 2, 2026 at 5:50:00 PM UTC","October 3, 2026 at 1:10:00 AM UTC","ukraine","https://trends.google.com/trends/explore?q=ukraine&geo=US&hl=en-US"
"roberto soldić","20K+","October 3, 2026 at 10:50:00 PM UTC","October 4, 2026 at 2:20:00 AM UTC","roberto soldić,roberto soldic,khaos williams,soldic","https://trends.google.com/trends/explore?q=roberto%20soldi%C4%87&geo=US&hl=en-US"
"noah fant","5K+","October 5, 2026 at 10:10:00 PM UTC","October 6, 2026 at 1:40:00 AM UTC","noah fant","https://trends.google.com/trends/explore?q=noah%20fant&geo=US&hl=en-US"
"warren buffett","2K+","October 6, 2026 at 11:20:00 AM UTC","October 6, 2026 at 3:20:00 PM UTC","warren buffett,warren buffett retirement youtube viewing","https://trends.google.com/trends/explore?q=warren%20buffett&geo=US&hl=en-US"
"ben affleck jennifer lopez oscar comments","500+","October 7, 2026 at 11:30:00 PM UTC","October 8, 2026 at 1:40:00 AM UTC","ben affleck jennifer lopez oscar comments","https://trends.google.com/trends/explore?q=ben%20affleck%20jennifer%20lopez%20oscar%20comments&geo=US&hl=en-US"
"anna kendrick","2K+","October 6, 2026 at 3:50:00 AM UTC","October 6, 2026 at 8:40:00 AM UTC","anna kendrick","https://trends.google.com/trends/explore?q=anna%20kendrick&geo=US&hl=en-US"
"grecia - alemania","10K+","October 4, 2026 at 6:00:00 PM UTC","October 4, 2026 at 10:00:00 PM UTC","grecia - alemania","https://trends.google.com/trends/explore?q=grecia%20-%20alemania&geo=US&hl=en-US"
"gavin mckenna","5K+","October 7, 2026 at 12:40:00 AM UTC","October 7, 2026 at 2:40:00 AM UTC","gavin mckenna,maple leafs,nashville predators,toronto maple leafs","https://trends.google.com/trends/explore?q=gavin%20mckenna&geo=US&hl=en-US"
"amazing race","500+","October 8, 2026 at 1:40:00 AM UTC","October 8, 2026 at 2:40:00 AM UTC","amazing race","https://trends.google.com/trends/explore?q=amazing%20race&geo=US&hl=en-US"
"criminal referral","20K+","October 1, 2026 at 1:40:00 PM UTC","October 1, 2026 at 6:50:00 PM UTC","criminal referral","https://trends.google.com/trends/explore?q=criminal%20referral&geo=US&hl=en-US"
"s&p 500","10K+","October 6, 2026 at 9:20:00 PM UTC","October 6, 2026 at 11:00:00 PM UTC","s&p 500,focus,reuters","https://trends.google.com/trends/explore?q=s%26p%20500&geo=US&hl=en-US"
"adam levine","2K+","October 7, 2026 at 12:50:00 AM UTC","October 7, 2026 at 2:30:00 AM UTC","adam levine","https://trends.google.com/trends/explore?q=adam%20levine&geo=US&hl=en-US"
"super bowl halftime show 2027","2K+","October 6, 2026 at 11:50:00 PM UTC","October 7, 2026 at 3:00:00 AM UTC","super bowl halftime show 2027,miley cyrus super bowl","https://trends.google.com/trends/explore?q=super%20bowl%20halftime%20show%202027&geo=US&hl=en-US"
"california lottery","500+","October 8, 2026 at 3:50:00 AM UTC","October 8, 2026 at 6:50:00 AM UTC","california lottery","https://trends.google.com/trends/explore?q=california%20lottery&geo=US&hl=en-US"
"prop 44","1K+","October 7, 2026 at 7:00:00 PM UTC","October 7, 2026 at 9:40:00 PM UTC","prop 44","https://trends.google.com/trends/explore?q=prop%2044&geo=US&hl=en-US"
"andy ashby","500+","October 8, 2026 at 4:00:00 AM UTC","October 8, 2026 at 5:30:00 AM UTC","andy ashby","https://trends.google.com/trends/explore?q=andy%20ashby&geo=US&hl=en-US"
"miguel rojas","2K+","October 6, 2026 at 11:00:00 PM UTC","October 7, 2026 at 6:40:00 AM UTC","miguel rojas","https://trends.google.com/trends/explore?q=miguel%20rojas&geo=US&hl=en-US"
"index","20K+","October 2, 2026 at 10:00:00 AM UTC","October 2, 2026 at 6:00:00 PM UTC","index,jobs report,unemployment rate,jobs report today,forex factory","https://trends.google.com/trends/explore?q=index&geo=US&hl=en-US"
"ghost computer ai","2K+","October 6, 2026 at 8:50:00 AM UTC","October 6, 2026 at 12:40:00 PM UTC","ghost computer ai,ghost seed round","https://trends.google.com/trends/explore?q=ghost%20computer%20ai&geo=US&hl=en-US"
"nascar standings","10K+","October 5, 2026 at 12:40:00 AM UTC","October 5, 2026 at 12:30:00 PM UTC","nascar standings,nascar results,chase briscoe,nascar points standings,kyle larson,who won the nascar race today","https://trends.google.com/trends/explore?q=nascar%20standings&geo=US&hl=en-US"
"dragon ball super beerus","2K+","October 6, 2026 at 4:20:00 AM UTC","October 6, 2026 at 9:10:00 PM UTC","dragon ball super beerus","https://trends.google.com/trends/explore?q=dragon%20ball%20super%20beerus&geo=US&hl=en-US"
"travis kelce chiefs raiders game outfit","2K+","October 6, 2026 at 9:20:00 AM UTC","October 6, 2026 at 3:10:00 PM UTC","travis kelce chiefs raiders game outfit","https://trends.google.com/trends/explore?q=travis%20kelce%20chiefs%20raiders%20game%20outfit&geo=US&hl=en-US"
"avengers doomsday","5K+","October 6, 2026 at 9:50:00 PM UTC","October 6, 2026 at 11:40:00 PM UTC","avengers doomsday","https://trends.google.com/trends/explore?q=avengers%20doomsday&geo=US&hl=en-US"
"tudn","2K+","October 6, 2026 at 10:30:00 PM UTC","October 7, 2026 at 12:50:00 AM UTC","tudn","https://trends.google.com/trends/explore?q=tudn&geo=US&hl=en-US"
"apuracao eleicoes 2026","10K+","October 4, 2026 at 8:10:00 PM UTC","October 5, 2026 at 12:40:00 AM UTC","apuracao eleicoes 2026,resultados das eleições,apuração eleições 2026,apuração eleição 2026","https://trends.google.com/trends/explore?q=apuracao%20eleicoes%202026&geo=US&hl=en-US"
"paul goldschmidt","500+","October 8, 2026 at 3:10:00 AM UTC","October 8, 2026 at 3:50:00 AM UTC","paul goldschmidt","https://trends.google.com/trends/explore?q=paul%20goldschmidt&geo=US&hl=en-US"
"wales vs denmark","5K+","October 4, 2026 at 5:50:00 PM UTC","October 4, 2026 at 9:50:00 PM UTC","wales vs denmark","https://trends.google.com/trends/explore?q=wales%20vs%20denmark&geo=US&hl=en-US"
"brit hume","1K+","October 7, 2026 at 12:30:00 PM UTC","October 8, 2026 at 12:00:00 AM UTC","brit hume","https://trends.google.com/trends/explore?q=brit%20hume&geo=US&hl=en-US"
"temple vs south florida","10K+","October 3, 2026 at 10:50:00 PM UTC","October 4, 2026 at 4:10:00 AM UTC","temple vs south florida,south florida football,usf football","https://trends.google.com/trends/explore?q=temple%20vs%20south%20florida&geo=US&hl=en-US"
"petróleo","2K+","October 6, 2026 at 6:40:00 PM UTC","October 6, 2026 at 11:20:00 PM UTC","petróleo","https://trends.google.com/trends/explore?q=petr%C3%B3leo&geo=US&hl=en-US"
"jay huff","500+","October 8, 2026 at 1:10:00 AM UTC","October 8, 2026 at 2:40:00 AM UTC","jay huff","https://trends.google.com/trends/explore?q=jay%20huff&geo=US&hl=en-US"
"sam laporta","5K+","October 4, 2026 at 11:40:00 PM UTC","October 5, 2026 at 4:40:00 AM UTC","sam laporta,brian branch","https://trends.google.com/trends/explore?q=sam%20laporta&geo=US&hl=en-US"
"rib","10K+","October 2, 2026 at 8:40:00 AM UTC","October 2, 2026 at 6:00:00 PM UTC","rib,is mike evans playing week 4","https://trends.google.com/trends/explore?q=rib&geo=US&hl=en-US"
"ga southern vs coastal carolina","10K+","October 3, 2026 at 10:10:00 PM UTC","October 4, 2026 at 3:40:00 AM UTC","ga southern vs coastal carolina","https://trends.google.com/trends/explore?q=ga%20southern%20vs%20coastal%20carolina&geo=US&hl=en-US"
"noah centineo","5K+","October 7, 2026 at 1:20:00 PM UTC","October 7, 2026 at 3:30:00 PM UTC","noah centineo,street fighter movie","https://trends.google.com/trends/explore?q=noah%20centineo&geo=US&hl=en-US"
"alcorn state vs grambling st","5K+","October 3, 2026 at 6:10:00 PM UTC","October 4, 2026 at 12:30:00 AM UTC","alcorn state vs grambling st","https://trends.google.com/trends/explore?q=alcorn%20state%20vs%20grambling%20st&geo=US&hl=en-US"
"school bus","5K+","October 4, 2026 at 11:00:00 AM UTC","October 4, 2026 at 9:40:00 PM UTC","school bus","https://trends.google.com/trends/explore?q=school%20bus&geo=US&hl=en-US"
"pokemon tcg valentines box release","10K+","October 1, 2026 at 8:00:00 PM UTC","October 2, 2026 at 1:50:00 PM UTC","pokemon tcg valentines box release","https://trends.google.com/trends/explore?q=pokemon%20tcg%20valentines%20box%20release&geo=US&hl=en-US"
"xbox game pass","5K+","October 5, 2026 at 2:10:00 PM UTC","October 5, 2026 at 8:30:00 PM UTC","xbox game pass","https://trends.google.com/trends/explore?q=xbox%20game%20pass&geo=US&hl=en-US"
"blackhawks vs mammoth","10K+","October 2, 2026 at 12:40:00 AM UTC","October 2, 2026 at 11:40:00 AM UTC","blackhawks vs mammoth,utah mammoth,chicago blackhawks","https://trends.google.com/trends/explore?q=blackhawks%20vs%20mammoth&geo=US&hl=en-US"
"everardo lópez","1K+","October 7, 2026 at 2:30:00 AM UTC","October 7, 2026 at 5:40:00 AM UTC","everardo lópez","https://trends.google.com/trends/explore?q=everardo%20l%C3%B3pez&geo=US&hl=en-US"
"pokemon 30th anniversary","5K+","October 2, 2026 at 6:50:00 AM UTC","October 3, 2026 at 1:00:00 AM UTC","pokemon 30th anniversary,30th anniversary pokemon","https://trends.google.com/trends/explore?q=pokemon%2030th%20anniversary&geo=US&hl=en-US"
"raheim sanders","10K+","October 2, 2026 at 12:10:00 AM UTC","October 2, 2026 at 12:10:00 PM UTC","raheim sanders","https://trends.google.com/trends/explore?q=raheim%20sanders&geo=US&hl=en-US"
"joey cantillo","1K+","October 7, 2026 at 9:50:00 PM UTC","October 7, 2026 at 11:20:00 PM UTC","joey cantillo","https://trends.google.com/trends/explore?q=joey%20cantillo&geo=US&hl=en-US"
"the widower netflix reviews","10K+","October 3, 2026 at 12:00:00 AM UTC","October 3, 2026 at 6:30:00 AM UTC","the widower netflix reviews,thomas randolph","https://trends.google.com/trends/explore?q=the%20widower%20netflix%20reviews&geo=US&hl=en-US"
"david ortiz","2K+","October 7, 2026 at 1:10:00 AM UTC","October 7, 2026 at 7:00:00 AM UTC","david ortiz","https://trends.google.com/trends/explore?q=david%20ortiz&geo=US&hl=en-US"
"steve hilton ad","2K+","October 6, 2026 at 9:10:00 PM UTC","October 7, 2026 at 1:30:00 PM UTC","steve hilton ad","https://trends.google.com/trends/explore?q=steve%20hilton%20ad&geo=US&hl=en-US"
"jets vs red wings","10K+","October 4, 2026 at 4:40:00 PM UTC","October 4, 2026 at 9:20:00 PM UTC","jets vs red wings,red wings","https://trends.google.com/trends/explore?q=jets%20vs%20red%20wings&geo=US&hl=en-US"
"quien gano la casa de los famosos","5K+","October 5, 2026 at 4:50:00 AM UTC","October 5, 2026 at 12:20:00 PM UTC","quien gano la casa de los famosos,la casa de los famosos méxico,la casa de los famosos,quien gano la casa de los famosos 2026,mariana ochoa","https://trends.google.com/trends/explore?q=quien%20gano%20la%20casa%20de%20los%20famosos&geo=US&hl=en-US"
"nolan wells","20K+","October 3, 2026 at 11:30:00 AM UTC","October 3, 2026 at 3:20:00 PM UTC","nolan wells,nolan wells case,nolan wells update,what happened to nolan wells","https://trends.google.com/trends/explore?q=nolan%20wells&geo=US&hl=en-US"
"medicare advantage","10K+","October 4, 2026 at 4:10:00 PM UTC","October 4, 2026 at 8:20:00 PM UTC","medicare advantage","https://trends.google.com/trends/explore?q=medicare%20advantage&geo=US&hl=en-US"
"kyle pitts","10K+","October 6, 2026 at 12:30:00 AM UTC","October 6, 2026 at 2:00:00 AM UTC","kyle pitts,kyle pitts stats","https://trends.google.com/trends/explore?q=kyle%20pitts&geo=US&hl=en-US"
"ireland vs israel","5K+","October 4, 2026 at 6:00:00 PM UTC","October 4, 2026 at 9:50:00 PM UTC","ireland vs israel","https://trends.google.com/trends/explore?q=ireland%20vs%20israel&geo=US&hl=en-US"
"ny knicks","2K+","October 5, 2026 at 11:40:00 PM UTC","October 6, 2026 at 11:30:00 AM UTC","ny knicks","https://trends.google.com/trends/explore?q=ny%20knicks&geo=US&hl=en-US"
"tbs","5K+","October 3, 2026 at 4:50:00 PM UTC","October 4, 2026 at 1:30:00 AM UTC","tbs","https://trends.google.com/trends/explore?q=tbs&geo=US&hl=en-US"
"greece vs netherlands","20K+","October 1, 2026 at 6:00:00 PM UTC","October 1, 2026 at 10:30:00 PM UTC","greece vs netherlands,netherlands vs greece","https://trends.google.com/trends/explore?q=greece%20vs%20netherlands&geo=US&hl=en-US"
"scott bessent","500+","October 7, 2026 at 11:10:00 PM UTC","October 8, 2026 at 11:30:00 AM UTC","scott bessent","https://trends.google.com/trends/explore?q=scott%20bessent&geo=US&hl=en-US"
"gina hinojosa","500+","October 8, 2026 at 3:10:00 AM UTC","October 8, 2026 at 4:10:00 AM UTC","gina hinojosa","https://trends.google.com/trends/explore?q=gina%20hinojosa&geo=US&hl=en-US"
"beckett sennecke","500+","October 8, 2026 at 2:40:00 AM UTC","October 8, 2026 at 3:50:00 AM UTC","beckett sennecke","https://trends.google.com/trends/explore?q=beckett%20sennecke&geo=US&hl=en-US"
"austin ekeler","10K+","October 4, 2026 at 1:10:00 PM UTC","October 4, 2026 at 5:20:00 PM UTC","austin ekeler,kaytron allen","https://trends.google.com/trends/explore?q=austin%20ekeler&geo=US&hl=en-US"
"kevin harvick","1K+","October 7, 2026 at 1:20:00 PM UTC","October 7, 2026 at 4:50:00 PM UTC","kevin harvick","https://trends.google.com/trends/explore?q=kevin%20harvick&geo=US&hl=en-US"
"fauthoux","500+","October 8, 2026 at 1:40:00 AM UTC","October 8, 2026 at 2:50:00 AM UTC","fauthoux","https://trends.google.com/trends/explore?q=fauthoux&geo=US&hl=en-US"
"moving services","2K+","October 5, 2026 at 3:30:00 AM UTC","October 5, 2026 at 9:00:00 AM UTC","moving services","https://trends.google.com/trends/explore?q=moving%20services&geo=US&hl=en-US"
"justin herbert","10K+","October 4, 2026 at 9:50:00 PM UTC","October 5, 2026 at 12:50:00 AM UTC","justin herbert,mike mcdaniel","https://trends.google.com/trends/explore?q=justin%20herbert&geo=US&hl=en-US"
"spike lee","1K+","October 8, 2026 at 1:00:00 AM UTC","October 8, 2026 at 1:30:00 AM UTC","spike lee","https://trends.google.com/trends/explore?q=spike%20lee&geo=US&hl=en-US"
"zachariah branch","2K+","October 6, 2026 at 12:30:00 AM UTC","October 6, 2026 at 4:10:00 AM UTC","zachariah branch","https://trends.google.com/trends/explore?q=zachariah%20branch&geo=US&hl=en-US"
"jim justice","10K+","October 1, 2026 at 4:00:00 PM UTC","October 2, 2026 at 1:10:00 AM UTC","jim justice","https://trends.google.com/trends/explore?q=jim%20justice&geo=US&hl=en-US"
"braves","10K+","October 5, 2026 at 3:20:00 AM UTC","October 5, 2026 at 11:00:00 AM UTC","braves,where to watch dodgers vs atlanta braves,where to watch atlanta braves vs dodgers","https://trends.google.com/trends/explore?q=braves&geo=US&hl=en-US"
"allison hsu","2K+","October 6, 2026 at 10:30:00 PM UTC","October 7, 2026 at 7:30:00 AM UTC","allison hsu","https://trends.google.com/trends/explore?q=allison%20hsu&geo=US&hl=en-US"
"toledo vs ball state","10K+","October 3, 2026 at 5:10:00 PM UTC","October 3, 2026 at 10:30:00 PM UTC","toledo vs ball state","https://trends.google.com/trends/explore?q=toledo%20vs%20ball%20state&geo=US&hl=en-US"
"planet labs","2K+","October 6, 2026 at 3:40:00 AM UTC","October 6, 2026 at 2:10:00 PM UTC","planet labs","https://trends.google.com/trends/explore?q=planet%20labs&geo=US&hl=en-US"
"walker buehler","2K+","October 7, 2026 at 1:50:00 AM UTC","October 7, 2026 at 8:00:00 AM UTC","walker buehler,padres schedule","https://trends.google.com/trends/explore?q=walker%20buehler&geo=US&hl=en-US"
"surfing","2K+","October 6, 2026 at 12:20:00 AM UTC","October 6, 2026 at 6:50:00 AM UTC","surfing","https://trends.google.com/trends/explore?q=surfing&geo=US&hl=en-US"
"salad dressing recall","5K+","October 4, 2026 at 3:20:00 AM UTC","October 4, 2026 at 9:20:00 AM UTC","salad dressing recall","https://trends.google.com/trends/explore?q=salad%20dressing%20recall&geo=US&hl=en-US"
"google play","100+","October 8, 2026 at 9:30:00 AM UTC","October 8, 2026 at 10:10:00 AM UTC","google play","https://trends.google.com/trends/explore?q=google%20play&geo=US&hl=en-US"
"cade smith","500+","October 7, 2026 at 11:00:00 PM UTC","October 8, 2026 at 12:30:00 AM UTC","cade smith","https://trends.google.com/trends/explore?q=cade%20smith&geo=US&hl=en-US"
"sabres","10K+","October 3, 2026 at 11:20:00 PM UTC","October 4, 2026 at 2:50:00 AM UTC","sabres,buffalo sabres,sabres game,jiri kulich","https://trends.google.com/trends/explore?q=sabres&geo=US&hl=en-US"
"eleições brasil 2026","5K+","October 4, 2026 at 8:40:00 PM UTC","October 5, 2026 at 1:00:00 AM UTC","eleições brasil 2026,eleições 2026 brasil","https://trends.google.com/trends/explore?q=elei%C3%A7%C3%B5es%20brasil%202026&geo=US&hl=en-US"
"judge judy","500+","October 7, 2026 at 11:40:00 PM UTC","October 8, 2026 at 8:50:00 AM UTC","judge judy","https://trends.google.com/trends/explore?q=judge%20judy&geo=US&hl=en-US"
"maricarmen","1K+","October 7, 2026 at 7:10:00 PM UTC","October 7, 2026 at 10:30:00 PM UTC","maricarmen","https://trends.google.com/trends/explore?q=maricarmen&geo=US&hl=en-US"
"naomi osaka","10K+","October 4, 2026 at 11:10:00 AM UTC","October 4, 2026 at 2:10:00 PM UTC","naomi osaka,elena rybakina,alina charaeva,beijing open,rybakina","https://trends.google.com/trends/explore?q=naomi%20osaka&geo=US&hl=en-US"
"ezra frech","10K+","October 7, 2026 at 1:00:00 AM UTC","October 7, 2026 at 4:20:00 AM UTC","ezra frech,what happened to ezra frech","https://trends.google.com/trends/explore?q=ezra%20frech&geo=US&hl=en-US"
"meteor shower","2K+","October 6, 2026 at 3:30:00 AM UTC","October 6, 2026 at 1:20:00 PM UTC","meteor shower","https://trends.google.com/trends/explore?q=meteor%20shower&geo=US&hl=en-US"
"jaden hardy","1K+","October 7, 2026 at 3:10:00 AM UTC","October 7, 2026 at 8:20:00 AM UTC","jaden hardy","https://trends.google.com/trends/explore?q=jaden%20hardy&geo=US&hl=en-US"
"benjamin hall","5K+","October 4, 2026 at 4:30:00 PM UTC","October 4, 2026 at 9:30:00 PM UTC","benjamin hall","https://trends.google.com/trends/explore?q=benjamin%20hall&geo=US&hl=en-US"
"harold fannin jr","10K+","October 1, 2026 at 10:00:00 PM UTC","October 2, 2026 at 4:40:00 AM UTC","harold fannin jr,harold fannin jr.","https://trends.google.com/trends/explore?q=harold%20fannin%20jr&geo=US&hl=en-US"
"rays score","5K+","October 6, 2026 at 1:10:00 AM UTC","October 6, 2026 at 11:30:00 AM UTC","rays score,yandy diaz","https://trends.google.com/trends/explore?q=rays%20score&geo=US&hl=en-US"
"mike tyson","2K+","October 7, 2026 at 12:30:00 AM UTC","October 7, 2026 at 6:50:00 AM UTC","mike tyson","https://trends.google.com/trends/explore?q=mike%20tyson&geo=US&hl=en-US"
"álex padilla","2K+","October 7, 2026 at 2:30:00 AM UTC","October 7, 2026 at 5:10:00 AM UTC","álex padilla,germán berterame,alex padilla portero","https://trends.google.com/trends/explore?q=%C3%A1lex%20padilla&geo=US&hl=en-US"
"stephanie vaquer","500+","October 7, 2026 at 8:00:00 AM UTC","October 7, 2026 at 12:30:00 PM UTC","stephanie vaquer","https://trends.google.com/trends/explore?q=stephanie%20vaquer&geo=US&hl=en-US"
"rupert murdoch","2K+","October 7, 2026 at 12:50:00 PM UTC","October 7, 2026 at 6:00:00 PM UTC","rupert murdoch,lauren green,lauren green fox news,brian kilmeade,steve doocy","https://trends.google.com/trends/explore?q=rupert%20murdoch&geo=US&hl=en-US"
"josh downs","5K+","October 4, 2026 at 1:10:00 PM UTC","October 4, 2026 at 5:30:00 PM UTC","josh downs","https://trends.google.com/trends/explore?q=josh%20downs&geo=US&hl=en-US"
"parke","10K+","October 1, 2026 at 12:20:00 PM UTC","October 1, 2026 at 6:40:00 PM UTC","parke","https://trends.google.com/trends/explore?q=parke&geo=US&hl=en-US"
"nba games today","2K+","October 5, 2026 at 11:20:00 PM UTC","October 6, 2026 at 4:20:00 AM UTC","nba games today","https://trends.google.com/trends/explore?q=nba%20games%20today&geo=US&hl=en-US"
"anthony wint","10K+","October 3, 2026 at 9:20:00 PM UTC","October 4, 2026 at 1:00:00 AM UTC","anthony wint,lucas armand,anthony wint nfl","https://trends.google.com/trends/explore?q=anthony%20wint&geo=US&hl=en-US"
"will forte","5K+","October 2, 2026 at 2:50:00 AM UTC","October 2, 2026 at 2:40:00 PM UTC","will forte","https://trends.google.com/trends/explore?q=will%20forte&geo=US&hl=en-US"
"canada","2K+","October 4, 2026 at 3:40:00 AM UTC","October 4, 2026 at 1:20:00 PM UTC","canada","https://trends.google.com/trends/explore?q=canada&geo=US&hl=en-US"
"covid test","500+","October 8, 2026 at 2:40:00 AM UTC","October 8, 2026 at 3:50:00 AM UTC","covid test","https://trends.google.com/trends/explore?q=covid%20test&geo=US&hl=en-US"
"spy magazine","500+","October 8, 2026 at 2:40:00 AM UTC","October 8, 2026 at 4:00:00 AM UTC","spy magazine","https://trends.google.com/trends/explore?q=spy%20magazine&geo=US&hl=en-US"
"twin cities marathon 2026","5K+","October 4, 2026 at 11:10:00 AM UTC","October 4, 2026 at 5:20:00 PM UTC","twin cities marathon 2026,twin cities marathon","https://trends.google.com/trends/explore?q=twin%20cities%20marathon%202026&geo=US&hl=en-US"
"isaac teslaa","5K+","October 5, 2026 at 12:20:00 AM UTC","October 5, 2026 at 4:50:00 AM UTC","isaac teslaa,teslaa,teslaa lions","https://trends.google.com/trends/explore?q=isaac%20teslaa&geo=US&hl=en-US"
"darius acuff jr.","2K+","October 6, 2026 at 3:00:00 AM UTC","October 6, 2026 at 9:30:00 AM UTC","darius acuff jr.","https://trends.google.com/trends/explore?q=darius%20acuff%20jr.&geo=US&hl=en-US"
"alex padilla soccer","1K+","October 7, 2026 at 2:30:00 AM UTC","October 7, 2026 at 5:10:00 AM UTC","alex padilla soccer","https://trends.google.com/trends/explore?q=alex%20padilla%20soccer&geo=US&hl=en-US"
"wmu vs buffalo","5K+","October 3, 2026 at 4:20:00 PM UTC","October 3, 2026 at 9:20:00 PM UTC","wmu vs buffalo","https://trends.google.com/trends/explore?q=wmu%20vs%20buffalo&geo=US&hl=en-US"
"lane thomas","2K+","October 6, 2026 at 10:50:00 PM UTC","October 7, 2026 at 1:50:00 AM UTC","lane thomas,ha-seong kim","https://trends.google.com/trends/explore?q=lane%20thomas&geo=US&hl=en-US"
"weather channel","20K+","October 1, 2026 at 12:40:00 PM UTC","October 1, 2026 at 7:40:00 PM UTC","weather channel","https://trends.google.com/trends/explore?q=weather%20channel&geo=US&hl=en-US"
"will forte","2K+","October 8, 2026 at 2:20:00 AM UTC","October 8, 2026 at 2:40:00 AM UTC","will forte","https://trends.google.com/trends/explore?q=will%20forte&geo=US&hl=en-US"
"damian pinas","10K+","October 3, 2026 at 9:50:00 PM UTC","October 4, 2026 at 1:00:00 AM UTC","damian pinas,andrey pulyaev","https://trends.google.com/trends/explore?q=damian%20pinas&geo=US&hl=en-US"
"alex jones","1K+","October 7, 2026 at 3:40:00 AM UTC","October 7, 2026 at 12:00:00 PM UTC","alex jones","https://trends.google.com/trends/explore?q=alex%20jones&geo=US&hl=en-US"
"mcneese football","10K+","October 3, 2026 at 11:10:00 PM UTC","October 4, 2026 at 3:50:00 AM UTC","mcneese football,lsu game today,mcneese","https://trends.google.com/trends/explore?q=mcneese%20football&geo=US&hl=en-US"
"bryce lance","5K+","October 6, 2026 at 12:20:00 AM UTC","October 6, 2026 at 3:50:00 AM UTC","bryce lance,trey lance","https://trends.google.com/trends/explore?q=bryce%20lance&geo=US&hl=en-US"
"liam hicks","200+","October 8, 2026 at 3:00:00 AM UTC","October 8, 2026 at 4:10:00 AM UTC","liam hicks","https://trends.google.com/trends/explore?q=liam%20hicks&geo=US&hl=en-US"
"shedeur sanders","10K+","October 2, 2026 at 12:10:00 AM UTC","October 2, 2026 at 4:50:00 AM UTC","shedeur sanders,cleveland browns quarterback roster decision","https://trends.google.com/trends/explore?q=shedeur%20sanders&geo=US&hl=en-US"
"honduras vs","10K+","October 3, 2026 at 12:00:00 AM UTC","October 3, 2026 at 3:40:00 AM UTC","honduras vs,liga de naciones concacaf","https://trends.google.com/trends/explore?q=honduras%20vs&geo=US&hl=en-US"
"jennifer garner","500+","October 8, 2026 at 12:20:00 AM UTC","October 8, 2026 at 1:30:00 AM UTC","jennifer garner","https://trends.google.com/trends/explore?q=jennifer%20garner&geo=US&hl=en-US"
"james gunn peter safran dcu future","10K+","October 2, 2026 at 3:00:00 PM UTC","October 2, 2026 at 11:20:00 PM UTC","james gunn peter safran dcu future,james gunn","https://trends.google.com/trends/explore?q=james%20gunn%20peter%20safran%20dcu%20future&geo=US&hl=en-US"
"bonmati","1K+","October 7, 2026 at 10:30:00 AM UTC","October 7, 2026 at 2:20:00 PM UTC","bonmati","https://trends.google.com/trends/explore?q=bonmati&geo=US&hl=en-US"
"canadian armed forces","2K+","October 6, 2026 at 1:40:00 PM UTC","October 6, 2026 at 5:30:00 PM UTC","canadian armed forces","https://trends.google.com/trends/explore?q=canadian%20armed%20forces&geo=US&hl=en-US"
"putellas","2K+","October 7, 2026 at 10:40:00 AM UTC","October 7, 2026 at 2:20:00 PM UTC","putellas,tottenham hotspur","https://trends.google.com/trends/explore?q=putellas&geo=US&hl=en-US"
"sox game today","5K+","October 5, 2026 at 9:50:00 PM UTC","October 6, 2026 at 1:20:00 AM UTC","sox game today,nlds schedule","https://trends.google.com/trends/explore?q=sox%20game%20today&geo=US&hl=en-US"
"measles symptoms","2K+","October 6, 2026 at 1:30:00 AM UTC","October 6, 2026 at 12:50:00 PM UTC","measles symptoms","https://trends.google.com/trends/explore?q=measles%20symptoms&geo=US&hl=en-US"
"melissa barrera departure scream franchise","2K+","October 6, 2026 at 7:10:00 PM UTC","October 6, 2026 at 10:10:00 PM UTC","melissa barrera departure scream franchise,melissa barrera","https://trends.google.com/trends/explore?q=melissa%20barrera%20departure%20scream%20franchise&geo=US&hl=en-US"
"ken paxton","10K+","October 4, 2026 at 4:00:00 PM UTC","October 4, 2026 at 8:30:00 PM UTC","ken paxton,james talarico,ken paxton james talarico polls","https://trends.google.com/trends/explore?q=ken%20paxton&geo=US&hl=en-US"
"gigi hadid","500+","October 8, 2026 at 9:50:00 AM UTC","October 8, 2026 at 10:20:00 AM UTC","gigi hadid","https://trends.google.com/trends/explore?q=gigi%20hadid&geo=US&hl=en-US"
"airpods pro 3","1K+","October 8, 2026 at 4:10:00 AM UTC","October 8, 2026 at 5:20:00 AM UTC","airpods pro 3,hp,best tv prices","https://trends.google.com/trends/explore?q=airpods%20pro%203&geo=US&hl=en-US"
"where is college gameday this week","10K+","October 3, 2026 at 10:40:00 AM UTC","October 3, 2026 at 4:50:00 PM UTC","where is college gameday this week,caitlin clark,college gameday this week","https://trends.google.com/trends/explore?q=where%20is%20college%20gameday%20this%20week&geo=US&hl=en-US"
"flyers vs devils","20K+","October 1, 2026 at 10:10:00 PM UTC","October 2, 2026 at 3:00:00 AM UTC","flyers vs devils,nj devils,devils,flyers score,philadelphia flyers,new jersey devils","https://trends.google.com/trends/explore?q=flyers%20vs%20devils&geo=US&hl=en-US"
"smu volleyball","500+","October 8, 2026 at 1:30:00 AM UTC","October 8, 2026 at 2:50:00 AM UTC","smu volleyball","https://trends.google.com/trends/explore?q=smu%20volleyball&geo=US&hl=en-US"
"rowdy tellez","10K+","October 5, 2026 at 1:50:00 AM UTC","October 5, 2026 at 4:00:00 AM UTC","rowdy tellez,tellez braves","https://trends.google.com/trends/explore?q=rowdy%20tellez&geo=US&hl=en-US"
"cricinfo","5K+","October 3, 2026 at 4:50:00 AM UTC","October 3, 2026 at 2:10:00 PM UTC","cricinfo","https://trends.google.com/trends/explore?q=cricinfo&geo=US&hl=en-US"
"trinidad and tobago vs curaçao","10K+","October 4, 2026 at 9:40:00 PM UTC","October 5, 2026 at 1:00:00 AM UTC","trinidad and tobago vs curaçao,curaçao vs trinidad and tobago","https://trends.google.com/trends/explore?q=trinidad%20and%20tobago%20vs%20cura%C3%A7ao&geo=US&hl=en-US"
"países bajos - serbia","5K+","October 4, 2026 at 6:00:00 PM UTC","October 4, 2026 at 9:40:00 PM UTC","países bajos - serbia","https://trends.google.com/trends/explore?q=pa%C3%ADses%20bajos%20-%20serbia&geo=US&hl=en-US"
"lightning vs rangers","20K+","October 1, 2026 at 10:10:00 PM UTC","October 2, 2026 at 3:30:00 AM UTC","lightning vs rangers,tampa bay lightning,igor shesterkin","https://trends.google.com/trends/explore?q=lightning%20vs%20rangers&geo=US&hl=en-US"
"mark carney canada defense planning","5K+","October 4, 2026 at 10:20:00 AM UTC","October 4, 2026 at 5:00:00 PM UTC","mark carney canada defense planning","https://trends.google.com/trends/explore?q=mark%20carney%20canada%20defense%20planning&geo=US&hl=en-US"
"ed burns","5K+","October 5, 2026 at 12:30:00 PM UTC","October 5, 2026 at 4:20:00 PM UTC","ed burns","https://trends.google.com/trends/explore?q=ed%20burns&geo=US&hl=en-US"
"citadel vs sc state","5K+","October 3, 2026 at 5:20:00 PM UTC","October 3, 2026 at 10:30:00 PM UTC","citadel vs sc state,sc state football","https://trends.google.com/trends/explore?q=citadel%20vs%20sc%20state&geo=US&hl=en-US"
"pete hegseth","5K+","October 4, 2026 at 11:00:00 AM UTC","October 4, 2026 at 5:00:00 PM UTC","pete hegseth,snl cold open last night,snl cold open,snl last night","https://trends.google.com/trends/explore?q=pete%20hegseth&geo=US&hl=en-US"
"cle vs cws","500+","October 7, 2026 at 8:50:00 PM UTC","October 7, 2026 at 10:40:00 PM UTC","cle vs cws","https://trends.google.com/trends/explore?q=cle%20vs%20cws&geo=US&hl=en-US"
"huracán nolo","2K+","October 6, 2026 at 6:00:00 PM UTC","October 6, 2026 at 9:30:00 PM UTC","huracán nolo","https://trends.google.com/trends/explore?q=hurac%C3%A1n%20nolo&geo=US&hl=en-US"
"t-mobile new t-mix tiers","5K+","October 2, 2026 at 1:00:00 AM UTC","October 2, 2026 at 12:20:00 PM UTC","t-mobile new t-mix tiers","https://trends.google.com/trends/explore?q=t-mobile%20new%20t-mix%20tiers&geo=US&hl=en-US"
"cancer","10K+","October 2, 2026 at 6:50:00 PM UTC","October 3, 2026 at 12:20:00 AM UTC","cancer","https://trends.google.com/trends/explore?q=cancer&geo=US&hl=en-US"
"friendlies","10K+","October 4, 2026 at 1:50:00 AM UTC","October 4, 2026 at 5:00:00 AM UTC","friendlies","https://trends.google.com/trends/explore?q=friendlies&geo=US&hl=en-US"
"crime","5K+","October 5, 2026 at 3:30:00 PM UTC","October 5, 2026 at 7:10:00 PM UTC","crime","https://trends.google.com/trends/explore?q=crime&geo=US&hl=en-US"
"fernando mendoza","5K+","October 4, 2026 at 8:40:00 PM UTC","October 5, 2026 at 12:30:00 AM UTC","fernando mendoza","https://trends.google.com/trends/explore?q=fernando%20mendoza&geo=US&hl=en-US"
"hasan nawaz","5K+","October 3, 2026 at 7:00:00 AM UTC","October 3, 2026 at 3:30:00 PM UTC","hasan nawaz","https://trends.google.com/trends/explore?q=hasan%20nawaz&geo=US&hl=en-US"
"seahawks depth chart","5K+","October 3, 2026 at 7:50:00 PM UTC","October 4, 2026 at 2:00:00 PM UTC","seahawks depth chart,seahawks rb depth chart","https://trends.google.com/trends/explore?q=seahawks%20depth%20chart&geo=US&hl=en-US"
"johnny walker","10K+","October 3, 2026 at 9:00:00 PM UTC","October 4, 2026 at 12:40:00 AM UTC","johnny walker,mick parkin,johnny walker ufc","https://trends.google.com/trends/explore?q=johnny%20walker&geo=US&hl=en-US"
"chip kelly","10K+","October 3, 2026 at 12:20:00 AM UTC","October 3, 2026 at 4:00:00 AM UTC","chip kelly","https://trends.google.com/trends/explore?q=chip%20kelly&geo=US&hl=en-US"
"bezos earth fund","10K+","October 1, 2026 at 1:10:00 PM UTC","October 1, 2026 at 8:40:00 PM UTC","bezos earth fund,jeff bezos","https://trends.google.com/trends/explore?q=bezos%20earth%20fund&geo=US&hl=en-US"
"kyle chandler","2K+","October 5, 2026 at 1:40:00 AM UTC","October 5, 2026 at 8:00:00 AM UTC","kyle chandler","https://trends.google.com/trends/explore?q=kyle%20chandler&geo=US&hl=en-US"
"cooper manning","5K+","October 6, 2026 at 2:40:00 AM UTC","October 6, 2026 at 4:20:00 AM UTC","cooper manning","https://trends.google.com/trends/explore?q=cooper%20manning&geo=US&hl=en-US"
"austin simmons","5K+","October 3, 2026 at 8:10:00 PM UTC","October 4, 2026 at 12:20:00 AM UTC","austin simmons","https://trends.google.com/trends/explore?q=austin%20simmons&geo=US&hl=en-US"
"november 13","5K+","October 2, 2026 at 6:20:00 AM UTC","October 2, 2026 at 4:50:00 PM UTC","november 13","https://trends.google.com/trends/explore?q=november%2013&geo=US&hl=en-US"
"laura rutledge","5K+","October 6, 2026 at 2:00:00 AM UTC","October 6, 2026 at 4:40:00 AM UTC","laura rutledge","https://trends.google.com/trends/explore?q=laura%20rutledge&geo=US&hl=en-US"
"nicaragua vs dominican republic","5K+","October 5, 2026 at 1:50:00 AM UTC","October 5, 2026 at 5:20:00 AM UTC","nicaragua vs dominican republic","https://trends.google.com/trends/explore?q=nicaragua%20vs%20dominican%20republic&geo=US&hl=en-US"
"howard vs hampton","5K+","October 3, 2026 at 6:10:00 PM UTC","October 3, 2026 at 11:50:00 PM UTC","howard vs hampton","https://trends.google.com/trends/explore?q=howard%20vs%20hampton&geo=US&hl=en-US"
"ufc 333","5K+","October 4, 2026 at 1:10:00 AM UTC","October 4, 2026 at 8:20:00 AM UTC","ufc 333","https://trends.google.com/trends/explore?q=ufc%20333&geo=US&hl=en-US"
"bryson dechambeau","2K+","October 4, 2026 at 10:10:00 AM UTC","October 4, 2026 at 5:00:00 PM UTC","bryson dechambeau","https://trends.google.com/trends/explore?q=bryson%20dechambeau&geo=US&hl=en-US"
"iga świątek","1K+","October 7, 2026 at 5:20:00 AM UTC","October 7, 2026 at 11:20:00 AM UTC","iga świątek","https://trends.google.com/trends/explore?q=iga%20%C5%9Bwi%C4%85tek&geo=US&hl=en-US"
"t.j. maxx","10K+","October 3, 2026 at 10:20:00 AM UTC","October 4, 2026 at 12:50:00 AM UTC","t.j. maxx,tj maxx closing stores","https://trends.google.com/trends/explore?q=t.j.%20maxx&geo=US&hl=en-US"
"tank dell","2K+","October 7, 2026 at 6:30:00 PM UTC","October 7, 2026 at 7:30:00 PM UTC","tank dell","https://trends.google.com/trends/explore?q=tank%20dell&geo=US&hl=en-US"
"white sox game today","10K+","October 3, 2026 at 5:00:00 PM UTC","October 3, 2026 at 9:20:00 PM UTC","white sox game today,white sox score,baseball games today","https://trends.google.com/trends/explore?q=white%20sox%20game%20today&geo=US&hl=en-US"
"kyle maclachlan","1K+","October 7, 2026 at 4:20:00 AM UTC","October 7, 2026 at 8:30:00 AM UTC","kyle maclachlan","https://trends.google.com/trends/explore?q=kyle%20maclachlan&geo=US&hl=en-US"
"christian bale","2K+","October 5, 2026 at 7:00:00 PM UTC","October 6, 2026 at 4:20:00 AM UTC","christian bale","https://trends.google.com/trends/explore?q=christian%20bale&geo=US&hl=en-US"
"xavier legette","5K+","October 5, 2026 at 12:40:00 AM UTC","October 5, 2026 at 4:30:00 AM UTC","xavier legette,jalen coker","https://trends.google.com/trends/explore?q=xavier%20legette&geo=US&hl=en-US"
"ageing","1K+","October 6, 2026 at 9:10:00 PM UTC","October 7, 2026 at 11:20:00 AM UTC","ageing","https://trends.google.com/trends/explore?q=ageing&geo=US&hl=en-US"
"wnba scores","10K+","October 2, 2026 at 1:50:00 AM UTC","October 2, 2026 at 11:20:00 AM UTC","wnba scores","https://trends.google.com/trends/explore?q=wnba%20scores&geo=US&hl=en-US"
"marcus mcghee","10K+","October 3, 2026 at 9:20:00 PM UTC","October 4, 2026 at 12:30:00 AM UTC","marcus mcghee,anthony romero","https://trends.google.com/trends/explore?q=marcus%20mcghee&geo=US&hl=en-US"
"aaron rodgers age","10K+","October 2, 2026 at 12:20:00 AM UTC","October 2, 2026 at 4:50:00 AM UTC","aaron rodgers age","https://trends.google.com/trends/explore?q=aaron%20rodgers%20age&geo=US&hl=en-US"
"raisel iglesias","1K+","October 8, 2026 at 1:00:00 AM UTC","October 8, 2026 at 2:00:00 AM UTC","raisel iglesias","https://trends.google.com/trends/explore?q=raisel%20iglesias&geo=US&hl=en-US"
"raiders qb","5K+","October 4, 2026 at 8:20:00 PM UTC","October 5, 2026 at 12:40:00 AM UTC","raiders qb","https://trends.google.com/trends/explore?q=raiders%20qb&geo=US&hl=en-US"
"thunder","2K+","October 7, 2026 at 12:40:00 AM UTC","October 7, 2026 at 3:40:00 AM UTC","thunder,thunder game","https://trends.google.com/trends/explore?q=thunder&geo=US&hl=en-US"
"mikey madison","2K+","October 6, 2026 at 12:30:00 PM UTC","October 6, 2026 at 2:50:00 PM UTC","mikey madison","https://trends.google.com/trends/explore?q=mikey%20madison&geo=US&hl=en-US"
"donald trump jos a bank suit","200+","October 8, 2026 at 2:40:00 AM UTC","October 8, 2026 at 3:40:00 AM UTC","donald trump jos a bank suit","https://trends.google.com/trends/explore?q=donald%20trump%20jos%20a%20bank%20suit&geo=US&hl=en-US"
"montreal canadiens","1K+","October 6, 2026 at 11:30:00 PM UTC","October 7, 2026 at 2:30:00 AM UTC","montreal canadiens","https://trends.google.com/trends/explore?q=montreal%20canadiens&geo=US&hl=en-US"
"alex molcan","1K+","October 7, 2026 at 6:30:00 AM UTC","October 7, 2026 at 8:40:00 AM UTC","alex molcan,leolia jeanjean","https://trends.google.com/trends/explore?q=alex%20molcan&geo=US&hl=en-US"
"dave portnoy","5K+","October 3, 2026 at 2:50:00 AM UTC","October 3, 2026 at 8:30:00 PM UTC","dave portnoy,fox sports","https://trends.google.com/trends/explore?q=dave%20portnoy&geo=US&hl=en-US"
"california state university, northridge","2K+","October 5, 2026 at 12:00:00 AM UTC","October 5, 2026 at 7:00:00 AM UTC","california state university, northridge,northridge shooting","https://trends.google.com/trends/explore?q=california%20state%20university%2C%20northridge&geo=US&hl=en-US"
"fed minutes","1K+","October 7, 2026 at 6:00:00 PM UTC","October 7, 2026 at 7:10:00 PM UTC","fed minutes,fomc minutes,fomc","https://trends.google.com/trends/explore?q=fed%20minutes&geo=US&hl=en-US"
"kai cenat reggie","10K+","October 1, 2026 at 12:30:00 PM UTC","October 1, 2026 at 8:40:00 PM UTC","kai cenat reggie","https://trends.google.com/trends/explore?q=kai%20cenat%20reggie&geo=US&hl=en-US"
"max crosby","5K+","October 4, 2026 at 8:30:00 PM UTC","October 5, 2026 at 12:40:00 AM UTC","max crosby,eric bieniemy","https://trends.google.com/trends/explore?q=max%20crosby&geo=US&hl=en-US"
"brycen tremayne","5K+","October 4, 2026 at 11:20:00 PM UTC","October 5, 2026 at 3:40:00 AM UTC","brycen tremayne","https://trends.google.com/trends/explore?q=brycen%20tremayne&geo=US&hl=en-US"
"arvell reese","5K+","October 4, 2026 at 6:10:00 PM UTC","October 5, 2026 at 12:10:00 PM UTC","arvell reese","https://trends.google.com/trends/explore?q=arvell%20reese&geo=US&hl=en-US"
"florida panthers","10K+","October 2, 2026 at 2:40:00 AM UTC","October 2, 2026 at 12:00:00 PM UTC","florida panthers,barkov,sharks game,barkov injury","https://trends.google.com/trends/explore?q=florida%20panthers&geo=US&hl=en-US"
"irán","2K+","October 5, 2026 at 3:10:00 AM UTC","October 5, 2026 at 1:20:00 PM UTC","irán","https://trends.google.com/trends/explore?q=ir%C3%A1n&geo=US&hl=en-US"
"rockstar games gta vi","2K+","October 5, 2026 at 8:50:00 AM UTC","October 5, 2026 at 1:30:00 PM UTC","rockstar games gta vi","https://trends.google.com/trends/explore?q=rockstar%20games%20gta%20vi&geo=US&hl=en-US"
"jonathan aranda","5K+","October 3, 2026 at 11:30:00 PM UTC","October 4, 2026 at 3:10:00 AM UTC","jonathan aranda","https://trends.google.com/trends/explore?q=jonathan%20aranda&geo=US&hl=en-US"
"poland vs romania","10K+","October 2, 2026 at 6:00:00 PM UTC","October 2, 2026 at 10:10:00 PM UTC","poland vs romania","https://trends.google.com/trends/explore?q=poland%20vs%20romania&geo=US&hl=en-US"
"aion 2 maintenance","1K+","October 7, 2026 at 6:30:00 AM UTC","October 7, 2026 at 9:50:00 AM UTC","aion 2 maintenance,aion 2 server status","https://trends.google.com/trends/explore?q=aion%202%20maintenance&geo=US&hl=en-US"
"asics","1K+","October 7, 2026 at 8:00:00 AM UTC","October 7, 2026 at 11:50:00 AM UTC","asics","https://trends.google.com/trends/explore?q=asics&geo=US&hl=en-US"
"arthur gea","1K+","October 7, 2026 at 4:40:00 AM UTC","October 7, 2026 at 6:50:00 AM UTC","arthur gea,arthur fery","https://trends.google.com/trends/explore?q=arthur%20gea&geo=US&hl=en-US"
"el niño","2K+","October 5, 2026 at 11:00:00 AM UTC","October 5, 2026 at 4:20:00 PM UTC","el niño","https://trends.google.com/trends/explore?q=el%20ni%C3%B1o&geo=US&hl=en-US"
"capcom re engine ai plans","5K+","October 3, 2026 at 4:50:00 AM UTC","October 3, 2026 at 3:40:00 PM UTC","capcom re engine ai plans,capcom next generation re engine","https://trends.google.com/trends/explore?q=capcom%20re%20engine%20ai%20plans&geo=US&hl=en-US"
"san jose state football","5K+","October 4, 2026 at 3:40:00 AM UTC","October 4, 2026 at 8:20:00 AM UTC","san jose state football,hawaii football,hawaii vs san jose state,hawaii,san jose vs hawaii","https://trends.google.com/trends/explore?q=san%20jose%20state%20football&geo=US&hl=en-US"
"borderlands mmo","2K+","October 6, 2026 at 2:10:00 AM UTC","October 6, 2026 at 2:20:00 PM UTC","borderlands mmo","https://trends.google.com/trends/explore?q=borderlands%20mmo&geo=US&hl=en-US"
"adamari lópez","2K+","October 6, 2026 at 8:40:00 PM UTC","October 7, 2026 at 12:00:00 AM UTC","adamari lópez","https://trends.google.com/trends/explore?q=adamari%20l%C3%B3pez&geo=US&hl=en-US"
"elina svitolina","2K+","October 7, 2026 at 2:10:00 PM UTC","October 7, 2026 at 3:00:00 PM UTC","elina svitolina,ann li","https://trends.google.com/trends/explore?q=elina%20svitolina&geo=US&hl=en-US"
"clayton iley","1K+","October 6, 2026 at 8:30:00 AM UTC","October 6, 2026 at 1:50:00 PM UTC","clayton iley","https://trends.google.com/trends/explore?q=clayton%20iley&geo=US&hl=en-US"
"acl lineup 2026","5K+","October 2, 2026 at 9:50:00 PM UTC","October 3, 2026 at 6:30:00 AM UTC","acl lineup 2026,acl lineup","https://trends.google.com/trends/explore?q=acl%20lineup%202026&geo=US&hl=en-US"
"h-1b visa","2K+","October 6, 2026 at 5:30:00 PM UTC","October 6, 2026 at 10:40:00 PM UTC","h-1b visa","https://trends.google.com/trends/explore?q=h-1b%20visa&geo=US&hl=en-US"
"emma slater","2K+","October 7, 2026 at 1:10:00 AM UTC","October 7, 2026 at 2:20:00 AM UTC","emma slater,alan bersten","https://trends.google.com/trends/explore?q=emma%20slater&geo=US&hl=en-US"
"한국 대 우즈베키스탄","2K+","October 6, 2026 at 11:00:00 AM UTC","October 6, 2026 at 2:20:00 PM UTC","한국 대 우즈베키스탄","https://trends.google.com/trends/explore?q=%ED%95%9C%EA%B5%AD%20%EB%8C%80%20%EC%9A%B0%EC%A6%88%EB%B2%A0%ED%82%A4%EC%8A%A4%ED%83%84&geo=US&hl=en-US"
"student loan","2K+","October 5, 2026 at 11:40:00 AM UTC","October 5, 2026 at 2:40:00 PM UTC","student loan","https://trends.google.com/trends/explore?q=student%20loan&geo=US&hl=en-US"
"estados unidos","2K+","October 5, 2026 at 6:10:00 AM UTC","October 5, 2026 at 12:00:00 PM UTC","estados unidos","https://trends.google.com/trends/explore?q=estados%20unidos&geo=US&hl=en-US"
"hyeseong kim","500+","October 8, 2026 at 1:10:00 AM UTC","October 8, 2026 at 2:10:00 AM UTC","hyeseong kim","https://trends.google.com/trends/explore?q=hyeseong%20kim&geo=US&hl=en-US"
"bowling green vs miami oh","5K+","October 3, 2026 at 7:00:00 PM UTC","October 3, 2026 at 11:50:00 PM UTC","bowling green vs miami oh,miami ohio football","https://trends.google.com/trends/explore?q=bowling%20green%20vs%20miami%20oh&geo=US&hl=en-US"
"renan santos","5K+","October 4, 2026 at 11:00:00 PM UTC","October 5, 2026 at 4:30:00 AM UTC","renan santos","https://trends.google.com/trends/explore?q=renan%20santos&geo=US&hl=en-US"
"diamond brown","1K+","October 6, 2026 at 6:00:00 AM UTC","October 6, 2026 at 1:00:00 PM UTC","diamond brown","https://trends.google.com/trends/explore?q=diamond%20brown&geo=US&hl=en-US"
"내일 날씨","500+","October 8, 2026 at 6:50:00 AM UTC","October 8, 2026 at 7:30:00 AM UTC","내일 날씨","https://trends.google.com/trends/explore?q=%EB%82%B4%EC%9D%BC%20%EB%82%A0%EC%94%A8&geo=US&hl=en-US"
"coco gauff","5K+","October 3, 2026 at 3:10:00 AM UTC","October 3, 2026 at 1:10:00 PM UTC","coco gauff,iva jovic,paula badosa,harriet dart","https://trends.google.com/trends/explore?q=coco%20gauff&geo=US&hl=en-US"
"stephen colbert","2K+","October 6, 2026 at 4:40:00 PM UTC","October 6, 2026 at 7:30:00 PM UTC","stephen colbert","https://trends.google.com/trends/explore?q=stephen%20colbert&geo=US&hl=en-US"
"japan","100+","October 8, 2026 at 8:50:00 AM UTC","October 8, 2026 at 9:20:00 AM UTC","japan","https://trends.google.com/trends/explore?q=japan&geo=US&hl=en-US"
"bill belichick","5K+","October 3, 2026 at 4:40:00 PM UTC","October 3, 2026 at 8:10:00 PM UTC","bill belichick","https://trends.google.com/trends/explore?q=bill%20belichick&geo=US&hl=en-US"
"sam antonacci","500+","October 7, 2026 at 9:00:00 PM UTC","October 7, 2026 at 11:10:00 PM UTC","sam antonacci","https://trends.google.com/trends/explore?q=sam%20antonacci&geo=US&hl=en-US"
"kenneth walker stats","5K+","October 4, 2026 at 8:10:00 PM UTC","October 5, 2026 at 1:10:00 AM UTC","kenneth walker stats","https://trends.google.com/trends/explore?q=kenneth%20walker%20stats&geo=US&hl=en-US"
"loans","100+","October 8, 2026 at 7:10:00 AM UTC","October 8, 2026 at 8:10:00 AM UTC","loans","https://trends.google.com/trends/explore?q=loans&geo=US&hl=en-US"
"peru vs canada","5K+","October 3, 2026 at 5:10:00 PM UTC","October 3, 2026 at 10:10:00 PM UTC","peru vs canada","https://trends.google.com/trends/explore?q=peru%20vs%20canada&geo=US&hl=en-US"
"north carolina","2K+","October 5, 2026 at 10:00:00 PM UTC","October 6, 2026 at 1:10:00 AM UTC","north carolina","https://trends.google.com/trends/explore?q=north%20carolina&geo=US&hl=en-US"
"old dominion vs georgia state","5K+","October 3, 2026 at 6:50:00 PM UTC","October 3, 2026 at 11:50:00 PM UTC","old dominion vs georgia state","https://trends.google.com/trends/explore?q=old%20dominion%20vs%20georgia%20state&geo=US&hl=en-US"
"demacia cup","500+","October 8, 2026 at 8:00:00 AM UTC","October 8, 2026 at 8:40:00 AM UTC","demacia cup","https://trends.google.com/trends/explore?q=demacia%20cup&geo=US&hl=en-US"
"ryan seacrest","1K+","October 7, 2026 at 11:50:00 PM UTC","October 8, 2026 at 12:30:00 AM UTC","ryan seacrest","https://trends.google.com/trends/explore?q=ryan%20seacrest&geo=US&hl=en-US"
"apple tv small prophets comedy show","1K+","October 6, 2026 at 10:10:00 PM UTC","October 7, 2026 at 11:40:00 AM UTC","apple tv small prophets comedy show","https://trends.google.com/trends/explore?q=apple%20tv%20small%20prophets%20comedy%20show&geo=US&hl=en-US"
"alden coria","10K+","October 3, 2026 at 9:50:00 PM UTC","October 4, 2026 at 12:50:00 AM UTC","alden coria,imanol rodriguez","https://trends.google.com/trends/explore?q=alden%20coria&geo=US&hl=en-US"
"aew dynamite","500+","October 8, 2026 at 12:00:00 AM UTC","October 8, 2026 at 1:10:00 AM UTC","aew dynamite","https://trends.google.com/trends/explore?q=aew%20dynamite&geo=US&hl=en-US"
"nicaragua vs costa rica","10K+","October 2, 2026 at 1:30:00 AM UTC","October 2, 2026 at 10:50:00 AM UTC","nicaragua vs costa rica,nicaragua - costa rica,costa rica vs nicaragua","https://trends.google.com/trends/explore?q=nicaragua%20vs%20costa%20rica&geo=US&hl=en-US"
"evil dead","5K+","October 4, 2026 at 12:20:00 AM UTC","October 4, 2026 at 7:20:00 AM UTC","evil dead","https://trends.google.com/trends/explore?q=evil%20dead&geo=US&hl=en-US"
"namibia vs usa","500+","October 7, 2026 at 10:40:00 PM UTC","October 7, 2026 at 11:40:00 PM UTC","namibia vs usa","https://trends.google.com/trends/explore?q=namibia%20vs%20usa&geo=US&hl=en-US"
"kylie jenner timothée chalamet pumpkin","2K+","October 6, 2026 at 4:00:00 AM UTC","October 6, 2026 at 8:00:00 AM UTC","kylie jenner timothée chalamet pumpkin","https://trends.google.com/trends/explore?q=kylie%20jenner%20timoth%C3%A9e%20chalamet%20pumpkin&geo=US&hl=en-US"
"switzerland vs slovenia","5K+","October 3, 2026 at 6:10:00 PM UTC","October 3, 2026 at 9:40:00 PM UTC","switzerland vs slovenia","https://trends.google.com/trends/explore?q=switzerland%20vs%20slovenia&geo=US&hl=en-US"
"emirates","10K+","October 1, 2026 at 3:50:00 PM UTC","October 1, 2026 at 8:20:00 PM UTC","emirates","https://trends.google.com/trends/explore?q=emirates&geo=US&hl=en-US"
"kazakhstan vs faroe islands","2K+","October 6, 2026 at 1:30:00 PM UTC","October 6, 2026 at 4:50:00 PM UTC","kazakhstan vs faroe islands","https://trends.google.com/trends/explore?q=kazakhstan%20vs%20faroe%20islands&geo=US&hl=en-US"
"mount whitney","500+","October 7, 2026 at 8:10:00 PM UTC","October 7, 2026 at 9:40:00 PM UTC","mount whitney","https://trends.google.com/trends/explore?q=mount%20whitney&geo=US&hl=en-US"
"dolly parton los angeles home sale","500+","October 7, 2026 at 9:40:00 AM UTC","October 7, 2026 at 6:10:00 PM UTC","dolly parton los angeles home sale","https://trends.google.com/trends/explore?q=dolly%20parton%20los%20angeles%20home%20sale&geo=US&hl=en-US"
"formula 1","5K+","October 4, 2026 at 7:10:00 AM UTC","October 4, 2026 at 12:00:00 PM UTC","formula 1,bahrain gp,f1 live","https://trends.google.com/trends/explore?q=formula%201&geo=US&hl=en-US"
"ainsley earhardt","500+","October 7, 2026 at 11:00:00 AM UTC","October 7, 2026 at 1:50:00 PM UTC","ainsley earhardt","https://trends.google.com/trends/explore?q=ainsley%20earhardt&geo=US&hl=en-US"
"bryce harper","10K+","October 2, 2026 at 12:20:00 AM UTC","October 2, 2026 at 4:10:00 AM UTC","bryce harper,kyle schwarber","https://trends.google.com/trends/explore?q=bryce%20harper&geo=US&hl=en-US"
"eric kendricks","2K+","October 6, 2026 at 4:50:00 PM UTC","October 6, 2026 at 11:00:00 PM UTC","eric kendricks","https://trends.google.com/trends/explore?q=eric%20kendricks&geo=US&hl=en-US"
"c n n news","2K+","October 4, 2026 at 2:40:00 PM UTC","October 4, 2026 at 7:20:00 PM UTC","c n n news","https://trends.google.com/trends/explore?q=c%20n%20n%20news&geo=US&hl=en-US"
"iga swiatek","5K+","October 5, 2026 at 3:30:00 AM UTC","October 5, 2026 at 7:00:00 AM UTC","iga swiatek,donna vekic,donna vekić","https://trends.google.com/trends/explore?q=iga%20swiatek&geo=US&hl=en-US"
"emma d'arcy","1K+","October 7, 2026 at 4:10:00 AM UTC","October 7, 2026 at 8:20:00 AM UTC","emma d'arcy,emma darcy","https://trends.google.com/trends/explore?q=emma%20d%27arcy&geo=US&hl=en-US"
"grayson allen","1K+","October 6, 2026 at 11:30:00 PM UTC","October 7, 2026 at 1:40:00 AM UTC","grayson allen","https://trends.google.com/trends/explore?q=grayson%20allen&geo=US&hl=en-US"
"devils vs islanders","5K+","October 3, 2026 at 11:10:00 PM UTC","October 4, 2026 at 3:50:00 AM UTC","devils vs islanders,islanders","https://trends.google.com/trends/explore?q=devils%20vs%20islanders&geo=US&hl=en-US"
"portugal national football team","10K+","October 1, 2026 at 7:10:00 PM UTC","October 1, 2026 at 10:30:00 PM UTC","portugal national football team","https://trends.google.com/trends/explore?q=portugal%20national%20football%20team&geo=US&hl=en-US"
"martinique vs honduras","10K+","October 2, 2026 at 11:30:00 PM UTC","October 3, 2026 at 3:20:00 AM UTC","martinique vs honduras,honduras vs martinique,honduras","https://trends.google.com/trends/explore?q=martinique%20vs%20honduras&geo=US&hl=en-US"
"oliver bjorkstrand","1K+","October 7, 2026 at 12:10:00 AM UTC","October 7, 2026 at 3:10:00 AM UTC","oliver bjorkstrand","https://trends.google.com/trends/explore?q=oliver%20bjorkstrand&geo=US&hl=en-US"
"iheart","2K+","October 5, 2026 at 10:50:00 AM UTC","October 5, 2026 at 2:20:00 PM UTC","iheart","https://trends.google.com/trends/explore?q=iheart&geo=US&hl=en-US"
"nebraska volleyball","10K+","October 3, 2026 at 11:00:00 PM UTC","October 4, 2026 at 1:30:00 AM UTC","nebraska volleyball,nebraska volleyball schedule,husker volleyball schedule,nebraska football schedule","https://trends.google.com/trends/explore?q=nebraska%20volleyball&geo=US&hl=en-US"
"klay thompson","2K+","October 4, 2026 at 12:10:00 AM UTC","October 4, 2026 at 9:30:00 AM UTC","klay thompson","https://trends.google.com/trends/explore?q=klay%20thompson&geo=US&hl=en-US"
"julio iglesias","500+","October 7, 2026 at 5:50:00 AM UTC","October 7, 2026 at 10:50:00 AM UTC","julio iglesias","https://trends.google.com/trends/explore?q=julio%20iglesias&geo=US&hl=en-US"
"general conference 2026","5K+","October 4, 2026 at 3:50:00 PM UTC","October 4, 2026 at 9:10:00 PM UTC","general conference 2026,lds general conference,general conference","https://trends.google.com/trends/explore?q=general%20conference%202026&geo=US&hl=en-US"
"dallas clark","10K+","October 3, 2026 at 2:50:00 PM UTC","October 3, 2026 at 5:20:00 PM UTC","dallas clark","https://trends.google.com/trends/explore?q=dallas%20clark&geo=US&hl=en-US"
"brett mcgurk","2K+","October 4, 2026 at 6:50:00 PM UTC","October 4, 2026 at 11:10:00 PM UTC","brett mcgurk","https://trends.google.com/trends/explore?q=brett%20mcgurk&geo=US&hl=en-US"
"dalton kincaid","5K+","October 4, 2026 at 6:00:00 PM UTC","October 4, 2026 at 9:00:00 PM UTC","dalton kincaid","https://trends.google.com/trends/explore?q=dalton%20kincaid&geo=US&hl=en-US"
"southern charm","2K+","October 5, 2026 at 8:40:00 PM UTC","October 6, 2026 at 12:20:00 AM UTC","southern charm","https://trends.google.com/trends/explore?q=southern%20charm&geo=US&hl=en-US"
"kraken game","1K+","October 7, 2026 at 2:40:00 AM UTC","October 7, 2026 at 5:50:00 AM UTC","kraken game","https://trends.google.com/trends/explore?q=kraken%20game&geo=US&hl=en-US"
"xrp news","5K+","October 4, 2026 at 11:00:00 AM UTC","October 4, 2026 at 4:30:00 PM UTC","xrp news","https://trends.google.com/trends/explore?q=xrp%20news&geo=US&hl=en-US"
"mack hollins","5K+","October 4, 2026 at 5:50:00 PM UTC","October 4, 2026 at 9:10:00 PM UTC","mack hollins,rhamondre stevenson","https://trends.google.com/trends/explore?q=mack%20hollins&geo=US&hl=en-US"
"is taylor swift at the chiefs game today","5K+","October 4, 2026 at 8:30:00 PM UTC","October 5, 2026 at 12:10:00 AM UTC","is taylor swift at the chiefs game today","https://trends.google.com/trends/explore?q=is%20taylor%20swift%20at%20the%20chiefs%20game%20today&geo=US&hl=en-US"
"robert suarez","500+","October 8, 2026 at 12:20:00 AM UTC","October 8, 2026 at 1:20:00 AM UTC","robert suarez","https://trends.google.com/trends/explore?q=robert%20suarez&geo=US&hl=en-US"
"jacory croskey-merritt","2K+","October 4, 2026 at 12:40:00 PM UTC","October 4, 2026 at 5:20:00 PM UTC","jacory croskey-merritt","https://trends.google.com/trends/explore?q=jacory%20croskey-merritt&geo=US&hl=en-US"
"matteo berrettini","1K+","October 7, 2026 at 4:30:00 AM UTC","October 7, 2026 at 7:10:00 AM UTC","matteo berrettini","https://trends.google.com/trends/explore?q=matteo%20berrettini&geo=US&hl=en-US"
"southwest notification vacation","1K+","October 7, 2026 at 4:00:00 PM UTC","October 7, 2026 at 5:10:00 PM UTC","southwest notification vacation,notification vacation southwest","https://trends.google.com/trends/explore?q=southwest%20notification%20vacation&geo=US&hl=en-US"
"sue bird","200+","October 8, 2026 at 4:10:00 AM UTC","October 8, 2026 at 5:10:00 AM UTC","sue bird","https://trends.google.com/trends/explore?q=sue%20bird&geo=US&hl=en-US"
"imanol rodríguez","5K+","October 3, 2026 at 9:50:00 PM UTC","October 4, 2026 at 1:00:00 AM UTC","imanol rodríguez","https://trends.google.com/trends/explore?q=imanol%20rodr%C3%ADguez&geo=US&hl=en-US"
"di","500+","October 7, 2026 at 10:20:00 AM UTC","October 7, 2026 at 2:00:00 PM UTC","di","https://trends.google.com/trends/explore?q=di&geo=US&hl=en-US"
"matt rhule","2K+","October 5, 2026 at 1:40:00 AM UTC","October 5, 2026 at 7:00:00 AM UTC","matt rhule","https://trends.google.com/trends/explore?q=matt%20rhule&geo=US&hl=en-US"
"clear","500+","October 7, 2026 at 12:20:00 PM UTC","October 7, 2026 at 2:30:00 PM UTC","clear","https://trends.google.com/trends/explore?q=clear&geo=US&hl=en-US"
"val chmerkovskiy","2K+","October 7, 2026 at 12:30:00 AM UTC","October 7, 2026 at 4:30:00 AM UTC","val chmerkovskiy","https://trends.google.com/trends/explore?q=val%20chmerkovskiy&geo=US&hl=en-US"
"jason garrett troy aikman cowboys","5K+","October 3, 2026 at 7:30:00 PM UTC","October 3, 2026 at 11:20:00 PM UTC","jason garrett troy aikman cowboys","https://trends.google.com/trends/explore?q=jason%20garrett%20troy%20aikman%20cowboys&geo=US&hl=en-US"
"alemania - serbia","10K+","October 1, 2026 at 6:00:00 PM UTC","October 1, 2026 at 11:40:00 PM UTC","alemania - serbia","https://trends.google.com/trends/explore?q=alemania%20-%20serbia&geo=US&hl=en-US"
"sinja kraus","1K+","October 6, 2026 at 8:50:00 AM UTC","October 6, 2026 at 12:50:00 PM UTC","sinja kraus,nikola bartunkova","https://trends.google.com/trends/explore?q=sinja%20kraus&geo=US&hl=en-US"
"covid tests","1K+","October 8, 2026 at 3:00:00 AM UTC","October 8, 2026 at 3:50:00 AM UTC","covid tests,covid test","https://trends.google.com/trends/explore?q=covid%20tests&geo=US&hl=en-US"
"denzel ward","5K+","October 2, 2026 at 12:20:00 AM UTC","October 2, 2026 at 5:20:00 AM UTC","denzel ward","https://trends.google.com/trends/explore?q=denzel%20ward&geo=US&hl=en-US"
"war hbo","10K+","October 2, 2026 at 11:40:00 PM UTC","October 3, 2026 at 4:50:00 AM UTC","war hbo","https://trends.google.com/trends/explore?q=war%20hbo&geo=US&hl=en-US"
"jacob coxon","1K+","October 6, 2026 at 4:00:00 AM UTC","October 6, 2026 at 8:40:00 AM UTC","jacob coxon","https://trends.google.com/trends/explore?q=jacob%20coxon&geo=US&hl=en-US"
"rivers gleason","1K+","October 7, 2026 at 1:20:00 AM UTC","October 7, 2026 at 6:30:00 AM UTC","rivers gleason","https://trends.google.com/trends/explore?q=rivers%20gleason&geo=US&hl=en-US"
"walt weiss","500+","October 8, 2026 at 12:10:00 AM UTC","October 8, 2026 at 12:40:00 AM UTC","walt weiss","https://trends.google.com/trends/explore?q=walt%20weiss&geo=US&hl=en-US"
"ashton jeanty","10K+","October 4, 2026 at 9:10:00 PM UTC","October 5, 2026 at 12:30:00 AM UTC","ashton jeanty,jeanty","https://trends.google.com/trends/explore?q=ashton%20jeanty&geo=US&hl=en-US"
"north macedonia vs scotland","5K+","October 3, 2026 at 6:00:00 PM UTC","October 3, 2026 at 9:50:00 PM UTC","north macedonia vs scotland,north macedonia national football team vs scotland national football team standings","https://trends.google.com/trends/explore?q=north%20macedonia%20vs%20scotland&geo=US&hl=en-US"
"taylor kinney","500+","October 7, 2026 at 1:30:00 PM UTC","October 8, 2026 at 2:20:00 AM UTC","taylor kinney","https://trends.google.com/trends/explore?q=taylor%20kinney&geo=US&hl=en-US"
"ukraine vs hungary","2K+","October 5, 2026 at 6:20:00 PM UTC","October 5, 2026 at 9:30:00 PM UTC","ukraine vs hungary","https://trends.google.com/trends/explore?q=ukraine%20vs%20hungary&geo=US&hl=en-US"
"junior caminero","2K+","October 6, 2026 at 12:50:00 AM UTC","October 6, 2026 at 3:30:00 AM UTC","junior caminero,caminero","https://trends.google.com/trends/explore?q=junior%20caminero&geo=US&hl=en-US"
"jalen hurts contract","1K+","October 7, 2026 at 5:20:00 PM UTC","October 7, 2026 at 6:40:00 PM UTC","jalen hurts contract","https://trends.google.com/trends/explore?q=jalen%20hurts%20contract&geo=US&hl=en-US"
"santiago sandoval","5K+","October 4, 2026 at 1:50:00 AM UTC","October 4, 2026 at 5:00:00 AM UTC","santiago sandoval","https://trends.google.com/trends/explore?q=santiago%20sandoval&geo=US&hl=en-US"
"the walking dead","5K+","October 2, 2026 at 2:00:00 PM UTC","October 2, 2026 at 6:50:00 PM UTC","the walking dead","https://trends.google.com/trends/explore?q=the%20walking%20dead&geo=US&hl=en-US"
"saudi arabia vs united arab emirates","1K+","October 6, 2026 at 5:50:00 PM UTC","October 6, 2026 at 9:10:00 PM UTC","saudi arabia vs united arab emirates","https://trends.google.com/trends/explore?q=saudi%20arabia%20vs%20united%20arab%20emirates&geo=US&hl=en-US"
"malik tillman","5K+","October 4, 2026 at 2:10:00 AM UTC","October 4, 2026 at 6:00:00 AM UTC","malik tillman","https://trends.google.com/trends/explore?q=malik%20tillman&geo=US&hl=en-US"
"special victims unit","5K+","October 2, 2026 at 10:50:00 AM UTC","October 3, 2026 at 2:50:00 PM UTC","special victims unit","https://trends.google.com/trends/explore?q=special%20victims%20unit&geo=US&hl=en-US"
"ice new traffic stop rules","5K+","October 1, 2026 at 9:20:00 PM UTC","October 2, 2026 at 10:40:00 AM UTC","ice new traffic stop rules","https://trends.google.com/trends/explore?q=ice%20new%20traffic%20stop%20rules&geo=US&hl=en-US"
"north west","1K+","October 6, 2026 at 8:00:00 AM UTC","October 6, 2026 at 12:20:00 PM UTC","north west","https://trends.google.com/trends/explore?q=north%20west&geo=US&hl=en-US"
"algeria vs niger","1K+","October 6, 2026 at 5:20:00 PM UTC","October 6, 2026 at 7:30:00 PM UTC","algeria vs niger","https://trends.google.com/trends/explore?q=algeria%20vs%20niger&geo=US&hl=en-US"
"bill burr","2K+","October 6, 2026 at 1:30:00 PM UTC","October 6, 2026 at 3:40:00 PM UTC","bill burr","https://trends.google.com/trends/explore?q=bill%20burr&geo=US&hl=en-US"
"santa clarita fire","5K+","October 4, 2026 at 2:50:00 AM UTC","October 4, 2026 at 7:50:00 AM UTC","santa clarita fire,bouquet fire","https://trends.google.com/trends/explore?q=santa%20clarita%20fire&geo=US&hl=en-US"
"mike yastrzemski","2K+","October 7, 2026 at 1:00:00 AM UTC","October 7, 2026 at 2:10:00 AM UTC","mike yastrzemski,yastrzemski","https://trends.google.com/trends/explore?q=mike%20yastrzemski&geo=US&hl=en-US"
"kalshi","2K+","October 7, 2026 at 12:10:00 AM UTC","October 7, 2026 at 5:00:00 AM UTC","kalshi","https://trends.google.com/trends/explore?q=kalshi&geo=US&hl=en-US"
"rahm emanuel","5K+","October 4, 2026 at 1:20:00 PM UTC","October 4, 2026 at 5:00:00 PM UTC","rahm emanuel","https://trends.google.com/trends/explore?q=rahm%20emanuel&geo=US&hl=en-US"
"julian sayin","5K+","October 3, 2026 at 7:40:00 PM UTC","October 3, 2026 at 11:40:00 PM UTC","julian sayin","https://trends.google.com/trends/explore?q=julian%20sayin&geo=US&hl=en-US"
"espn fpi top 25 week 5","5K+","October 4, 2026 at 4:50:00 PM UTC","October 4, 2026 at 8:10:00 PM UTC","espn fpi top 25 week 5,ga game today,college football playoff top 12 projections,notre dame game today,alabama game today","https://trends.google.com/trends/explore?q=espn%20fpi%20top%2025%20week%205&geo=US&hl=en-US"
"d'andre swift","5K+","October 4, 2026 at 7:20:00 PM UTC","October 4, 2026 at 9:00:00 PM UTC","d'andre swift","https://trends.google.com/trends/explore?q=d%27andre%20swift&geo=US&hl=en-US"
"laura ingraham","200+","October 7, 2026 at 11:50:00 PM UTC","October 8, 2026 at 1:00:00 AM UTC","laura ingraham","https://trends.google.com/trends/explore?q=laura%20ingraham&geo=US&hl=en-US"
"peter thiel","2K+","October 5, 2026 at 1:20:00 PM UTC","October 5, 2026 at 5:30:00 PM UTC","peter thiel","https://trends.google.com/trends/explore?q=peter%20thiel&geo=US&hl=en-US"
"drummer","2K+","October 4, 2026 at 12:40:00 PM UTC","October 4, 2026 at 4:40:00 PM UTC","drummer","https://trends.google.com/trends/explore?q=drummer&geo=US&hl=en-US"
"tnf tonight","10K+","October 1, 2026 at 11:00:00 PM UTC","October 2, 2026 at 3:50:00 AM UTC","tnf tonight","https://trends.google.com/trends/explore?q=tnf%20tonight&geo=US&hl=en-US"
"abuhashish smoke shop","2K+","October 3, 2026 at 9:10:00 AM UTC","October 3, 2026 at 4:40:00 PM UTC","abuhashish smoke shop","https://trends.google.com/trends/explore?q=abuhashish%20smoke%20shop&geo=US&hl=en-US"
"marimar martinez civil suit government","1K+","October 6, 2026 at 9:20:00 AM UTC","October 6, 2026 at 1:50:00 PM UTC","marimar martinez civil suit government","https://trends.google.com/trends/explore?q=marimar%20martinez%20civil%20suit%20government&geo=US&hl=en-US"
"fleet week sf","100+","October 8, 2026 at 5:50:00 AM UTC","October 8, 2026 at 7:00:00 AM UTC","fleet week sf","https://trends.google.com/trends/explore?q=fleet%20week%20sf&geo=US&hl=en-US"
"thom tillis","5K+","October 5, 2026 at 12:10:00 AM UTC","October 5, 2026 at 12:20:00 PM UTC","thom tillis","https://trends.google.com/trends/explore?q=thom%20tillis&geo=US&hl=en-US"
"atlanta braves vs dodgers match player stats","5K+","October 5, 2026 at 1:10:00 AM UTC","October 5, 2026 at 4:20:00 AM UTC","atlanta braves vs dodgers match player stats,dylan dodd","https://trends.google.com/trends/explore?q=atlanta%20braves%20vs%20dodgers%20match%20player%20stats&geo=US&hl=en-US"
"paul mccartney","5K+","October 3, 2026 at 3:50:00 AM UTC","October 3, 2026 at 8:20:00 AM UTC","paul mccartney","https://trends.google.com/trends/explore?q=paul%20mccartney&geo=US&hl=en-US"
"darío osorio","1K+","October 7, 2026 at 2:50:00 AM UTC","October 7, 2026 at 5:50:00 AM UTC","darío osorio","https://trends.google.com/trends/explore?q=dar%C3%ADo%20osorio&geo=US&hl=en-US"
"contreras brewers","1K+","October 7, 2026 at 2:40:00 AM UTC","October 7, 2026 at 6:00:00 AM UTC","contreras brewers","https://trends.google.com/trends/explore?q=contreras%20brewers&geo=US&hl=en-US"
"carnell tate","2K+","October 4, 2026 at 6:20:00 PM UTC","October 4, 2026 at 10:30:00 PM UTC","carnell tate","https://trends.google.com/trends/explore?q=carnell%20tate&geo=US&hl=en-US"
"fbi show","2K+","October 6, 2026 at 12:00:00 AM UTC","October 6, 2026 at 2:40:00 AM UTC","fbi show","https://trends.google.com/trends/explore?q=fbi%20show&geo=US&hl=en-US"
"tommy tremble","2K+","October 5, 2026 at 12:00:00 AM UTC","October 5, 2026 at 4:00:00 AM UTC","tommy tremble","https://trends.google.com/trends/explore?q=tommy%20tremble&geo=US&hl=en-US"
"amanda peet","5K+","October 1, 2026 at 12:10:00 PM UTC","October 1, 2026 at 10:20:00 PM UTC","amanda peet","https://trends.google.com/trends/explore?q=amanda%20peet&geo=US&hl=en-US"
"são paulo vs santos","5K+","October 2, 2026 at 10:30:00 PM UTC","October 3, 2026 at 2:10:00 AM UTC","são paulo vs santos,são paulo x santos","https://trends.google.com/trends/explore?q=s%C3%A3o%20paulo%20vs%20santos&geo=US&hl=en-US"
"weber state vs cal poly","5K+","October 3, 2026 at 11:40:00 PM UTC","October 4, 2026 at 4:40:00 AM UTC","weber state vs cal poly,cal poly football,weber state football","https://trends.google.com/trends/explore?q=weber%20state%20vs%20cal%20poly&geo=US&hl=en-US"
"final destination","2K+","October 6, 2026 at 12:20:00 AM UTC","October 6, 2026 at 5:10:00 AM UTC","final destination","https://trends.google.com/trends/explore?q=final%20destination&geo=US&hl=en-US"
"weight loss","2K+","October 4, 2026 at 1:00:00 PM UTC","October 4, 2026 at 6:40:00 PM UTC","weight loss","https://trends.google.com/trends/explore?q=weight%20loss&geo=US&hl=en-US"
"ford mustang mach 1","1K+","October 6, 2026 at 9:10:00 PM UTC","October 6, 2026 at 11:50:00 PM UTC","ford mustang mach 1","https://trends.google.com/trends/explore?q=ford%20mustang%20mach%201&geo=US&hl=en-US"
"toyota grand highlander woodland edition","5K+","October 1, 2026 at 5:10:00 PM UTC","October 1, 2026 at 11:10:00 PM UTC","toyota grand highlander woodland edition","https://trends.google.com/trends/explore?q=toyota%20grand%20highlander%20woodland%20edition&geo=US&hl=en-US"
"national night out","1K+","October 6, 2026 at 9:40:00 PM UTC","October 7, 2026 at 12:40:00 AM UTC","national night out","https://trends.google.com/trends/explore?q=national%20night%20out&geo=US&hl=en-US"
"mr irrelevant movie","5K+","October 4, 2026 at 5:50:00 PM UTC","October 4, 2026 at 7:30:00 PM UTC","mr irrelevant movie","https://trends.google.com/trends/explore?q=mr%20irrelevant%20movie&geo=US&hl=en-US"
"new york giants jj mccarthy trade","5K+","October 4, 2026 at 11:10:00 AM UTC","October 4, 2026 at 4:30:00 PM UTC","new york giants jj mccarthy trade,is jj mccarthy starting,jj mccarthy vikings trade comments","https://trends.google.com/trends/explore?q=new%20york%20giants%20jj%20mccarthy%20trade&geo=US&hl=en-US"
"tanner scott","1K+","October 7, 2026 at 12:40:00 AM UTC","October 7, 2026 at 2:00:00 AM UTC","tanner scott","https://trends.google.com/trends/explore?q=tanner%20scott&geo=US&hl=en-US"
"tomorrows-top 25 today","2K+","October 4, 2026 at 10:00:00 AM UTC","October 4, 2026 at 4:10:00 PM UTC","tomorrows-top 25 today","https://trends.google.com/trends/explore?q=tomorrows-top%2025%20today&geo=US&hl=en-US"
"amazon.com","5K+","October 5, 2026 at 6:20:00 PM UTC","October 6, 2026 at 9:40:00 AM UTC","amazon.com","https://trends.google.com/trends/explore?q=amazon.com&geo=US&hl=en-US"
"chile","1K+","October 7, 2026 at 3:10:00 AM UTC","October 7, 2026 at 11:10:00 AM UTC","chile","https://trends.google.com/trends/explore?q=chile&geo=US&hl=en-US"
"boca juniors - unión","10K+","October 3, 2026 at 12:10:00 AM UTC","October 3, 2026 at 3:30:00 AM UTC","boca juniors - unión,boca vs unión,posiciones de boca juniors contra club atlético unión","https://trends.google.com/trends/explore?q=boca%20juniors%20-%20uni%C3%B3n&geo=US&hl=en-US"
"za'darius smith","5K+","October 6, 2026 at 12:30:00 AM UTC","October 6, 2026 at 1:40:00 AM UTC","za'darius smith,jake matthews","https://trends.google.com/trends/explore?q=za%27darius%20smith&geo=US&hl=en-US"
"spencer rattler","2K+","October 6, 2026 at 12:40:00 AM UTC","October 6, 2026 at 3:50:00 AM UTC","spencer rattler","https://trends.google.com/trends/explore?q=spencer%20rattler&geo=US&hl=en-US"
"javonte williams","5K+","October 4, 2026 at 7:10:00 PM UTC","October 4, 2026 at 9:20:00 PM UTC","javonte williams","https://trends.google.com/trends/explore?q=javonte%20williams&geo=US&hl=en-US"
"titans vs ravens where to watch","2K+","October 4, 2026 at 5:20:00 PM UTC","October 4, 2026 at 9:00:00 PM UTC","titans vs ravens where to watch","https://trends.google.com/trends/explore?q=titans%20vs%20ravens%20where%20to%20watch&geo=US&hl=en-US"
"willson contreras","2K+","October 7, 2026 at 3:20:00 AM UTC","October 7, 2026 at 6:00:00 AM UTC","willson contreras,sonny gray pine tar","https://trends.google.com/trends/explore?q=willson%20contreras&geo=US&hl=en-US"
"jalen ramsey","5K+","October 1, 2026 at 11:50:00 PM UTC","October 2, 2026 at 8:20:00 AM UTC","jalen ramsey","https://trends.google.com/trends/explore?q=jalen%20ramsey&geo=US&hl=en-US"
"dazn","2K+","October 5, 2026 at 11:10:00 PM UTC","October 6, 2026 at 1:20:00 AM UTC","dazn","https://trends.google.com/trends/explore?q=dazn&geo=US&hl=en-US"
"jalen smith","200+","October 8, 2026 at 12:50:00 AM UTC","October 8, 2026 at 5:00:00 AM UTC","jalen smith","https://trends.google.com/trends/explore?q=jalen%20smith&geo=US&hl=en-US"
"ciara","5K+","October 1, 2026 at 8:50:00 PM UTC","October 2, 2026 at 2:00:00 AM UTC","ciara","https://trends.google.com/trends/explore?q=ciara&geo=US&hl=en-US"
"trump motorcade speed oklahoma rally","5K+","October 2, 2026 at 7:40:00 PM UTC","October 3, 2026 at 12:00:00 AM UTC","trump motorcade speed oklahoma rally,donald trump super pac campaign spending","https://trends.google.com/trends/explore?q=trump%20motorcade%20speed%20oklahoma%20rally&geo=US&hl=en-US"
"michael pittman jr","10K+","October 1, 2026 at 11:40:00 PM UTC","October 2, 2026 at 4:30:00 AM UTC","michael pittman jr,michael pittman","https://trends.google.com/trends/explore?q=michael%20pittman%20jr&geo=US&hl=en-US"
"cam newton","5K+","October 5, 2026 at 12:40:00 AM UTC","October 5, 2026 at 4:20:00 AM UTC","cam newton,fs1","https://trends.google.com/trends/explore?q=cam%20newton&geo=US&hl=en-US"
"snf tonight","5K+","October 4, 2026 at 11:20:00 PM UTC","October 5, 2026 at 2:10:00 AM UTC","snf tonight","https://trends.google.com/trends/explore?q=snf%20tonight&geo=US&hl=en-US"
"rocco becht","5K+","October 3, 2026 at 12:20:00 AM UTC","October 3, 2026 at 4:10:00 AM UTC","rocco becht,northwestern football coach,matt campbell","https://trends.google.com/trends/explore?q=rocco%20becht&geo=US&hl=en-US"
"joe davis","1K+","October 6, 2026 at 10:00:00 PM UTC","October 7, 2026 at 12:10:00 AM UTC","joe davis,kenny albert","https://trends.google.com/trends/explore?q=joe%20davis&geo=US&hl=en-US"
"hubspot layoffs","2K+","October 6, 2026 at 4:00:00 PM UTC","October 7, 2026 at 12:20:00 AM UTC","hubspot layoffs","https://trends.google.com/trends/explore?q=hubspot%20layoffs&geo=US&hl=en-US"
"east of eden netflix cast","5K+","October 1, 2026 at 11:50:00 PM UTC","October 2, 2026 at 6:30:00 AM UTC","east of eden netflix cast","https://trends.google.com/trends/explore?q=east%20of%20eden%20netflix%20cast&geo=US&hl=en-US"
"rxo","2K+","October 5, 2026 at 12:00:00 PM UTC","October 5, 2026 at 3:40:00 PM UTC","rxo","https://trends.google.com/trends/explore?q=rxo&geo=US&hl=en-US"
"dungeon crawler carl expansion release","5K+","October 2, 2026 at 5:50:00 AM UTC","October 2, 2026 at 3:40:00 PM UTC","dungeon crawler carl expansion release","https://trends.google.com/trends/explore?q=dungeon%20crawler%20carl%20expansion%20release&geo=US&hl=en-US"
"larry nassar","2K+","October 2, 2026 at 1:20:00 AM UTC","October 2, 2026 at 5:50:00 PM UTC","larry nassar","https://trends.google.com/trends/explore?q=larry%20nassar&geo=US&hl=en-US"
"mauricio dubón","1K+","October 7, 2026 at 12:00:00 AM UTC","October 7, 2026 at 2:10:00 AM UTC","mauricio dubón","https://trends.google.com/trends/explore?q=mauricio%20dub%C3%B3n&geo=US&hl=en-US"
"tellez","200+","October 8, 2026 at 1:00:00 AM UTC","October 8, 2026 at 2:00:00 AM UTC","tellez","https://trends.google.com/trends/explore?q=tellez&geo=US&hl=en-US"
"fire near me","1K+","October 6, 2026 at 11:30:00 PM UTC","October 7, 2026 at 1:20:00 AM UTC","fire near me","https://trends.google.com/trends/explore?q=fire%20near%20me&geo=US&hl=en-US"
"shakira","2K+","October 3, 2026 at 8:20:00 PM UTC","October 4, 2026 at 8:00:00 AM UTC","shakira","https://trends.google.com/trends/explore?q=shakira&geo=US&hl=en-US"
"youtube tv","10K+","October 6, 2026 at 12:30:00 AM UTC","October 6, 2026 at 1:10:00 AM UTC","youtube tv","https://trends.google.com/trends/explore?q=youtube%20tv&geo=US&hl=en-US"
"nick folk","2K+","October 6, 2026 at 1:30:00 AM UTC","October 6, 2026 at 2:40:00 AM UTC","nick folk","https://trends.google.com/trends/explore?q=nick%20folk&geo=US&hl=en-US"
"uh football","2K+","October 3, 2026 at 5:20:00 PM UTC","October 4, 2026 at 8:00:00 AM UTC","uh football","https://trends.google.com/trends/explore?q=uh%20football&geo=US&hl=en-US"
"dwts theme nights","1K+","October 7, 2026 at 12:40:00 AM UTC","October 7, 2026 at 3:10:00 AM UTC","dwts theme nights","https://trends.google.com/trends/explore?q=dwts%20theme%20nights&geo=US&hl=en-US"
"bill belichick girlfriend","5K+","October 3, 2026 at 4:20:00 PM UTC","October 3, 2026 at 8:00:00 PM UTC","bill belichick girlfriend","https://trends.google.com/trends/explore?q=bill%20belichick%20girlfriend&geo=US&hl=en-US"
"amber guyger","5K+","October 1, 2026 at 5:10:00 PM UTC","October 2, 2026 at 12:40:00 PM UTC","amber guyger","https://trends.google.com/trends/explore?q=amber%20guyger&geo=US&hl=en-US"
"treylon burks","5K+","October 4, 2026 at 3:30:00 PM UTC","October 4, 2026 at 5:30:00 PM UTC","treylon burks","https://trends.google.com/trends/explore?q=treylon%20burks&geo=US&hl=en-US"
"baker mayfield injury","5K+","October 4, 2026 at 5:40:00 PM UTC","October 4, 2026 at 8:20:00 PM UTC","baker mayfield injury","https://trends.google.com/trends/explore?q=baker%20mayfield%20injury&geo=US&hl=en-US"
"cameron douglas","2K+","October 6, 2026 at 12:10:00 PM UTC","October 6, 2026 at 2:20:00 PM UTC","cameron douglas,kirk douglas","https://trends.google.com/trends/explore?q=cameron%20douglas&geo=US&hl=en-US"
"grief verified","2K+","October 5, 2026 at 2:10:00 AM UTC","October 5, 2026 at 1:10:00 PM UTC","grief verified","https://trends.google.com/trends/explore?q=grief%20verified&geo=US&hl=en-US"
"shane beamer","5K+","October 4, 2026 at 12:10:00 AM UTC","October 4, 2026 at 1:40:00 PM UTC","shane beamer","https://trends.google.com/trends/explore?q=shane%20beamer&geo=US&hl=en-US"
"andy pages","1K+","October 6, 2026 at 11:20:00 PM UTC","October 7, 2026 at 1:40:00 AM UTC","andy pages","https://trends.google.com/trends/explore?q=andy%20pages&geo=US&hl=en-US"
"russia vs nigeria","1K+","October 6, 2026 at 4:10:00 PM UTC","October 6, 2026 at 7:00:00 PM UTC","russia vs nigeria","https://trends.google.com/trends/explore?q=russia%20vs%20nigeria&geo=US&hl=en-US"
"monterrey - américa","2K+","October 3, 2026 at 5:40:00 AM UTC","October 3, 2026 at 1:30:00 PM UTC","monterrey - américa,liga mx femenil","https://trends.google.com/trends/explore?q=monterrey%20-%20am%C3%A9rica&geo=US&hl=en-US"
"sherrod brown","1K+","October 7, 2026 at 11:10:00 PM UTC","October 7, 2026 at 11:50:00 PM UTC","sherrod brown","https://trends.google.com/trends/explore?q=sherrod%20brown&geo=US&hl=en-US"
"tyler warren","2K+","October 4, 2026 at 1:00:00 PM UTC","October 4, 2026 at 4:40:00 PM UTC","tyler warren","https://trends.google.com/trends/explore?q=tyler%20warren&geo=US&hl=en-US"
"vicente pizarro","1K+","October 7, 2026 at 4:10:00 AM UTC","October 7, 2026 at 5:40:00 AM UTC","vicente pizarro,lawrence vigouroux","https://trends.google.com/trends/explore?q=vicente%20pizarro&geo=US&hl=en-US"
"kenrich williams","1K+","October 7, 2026 at 12:50:00 AM UTC","October 7, 2026 at 3:20:00 AM UTC","kenrich williams","https://trends.google.com/trends/explore?q=kenrich%20williams&geo=US&hl=en-US"
"cam jordan","2K+","October 6, 2026 at 12:00:00 AM UTC","October 6, 2026 at 5:30:00 AM UTC","cam jordan","https://trends.google.com/trends/explore?q=cam%20jordan&geo=US&hl=en-US"
"brewers score today","1K+","October 7, 2026 at 2:10:00 AM UTC","October 7, 2026 at 5:40:00 AM UTC","brewers score today","https://trends.google.com/trends/explore?q=brewers%20score%20today&geo=US&hl=en-US"
"robert de niro","2K+","October 5, 2026 at 4:20:00 PM UTC","October 5, 2026 at 6:30:00 PM UTC","robert de niro,mark ruffalo","https://trends.google.com/trends/explore?q=robert%20de%20niro&geo=US&hl=en-US"
"sporting kc vs seattle sounders","5K+","October 2, 2026 at 12:50:00 AM UTC","October 2, 2026 at 5:00:00 AM UTC","sporting kc vs seattle sounders,sounders,sporting kc - seattle sounders","https://trends.google.com/trends/explore?q=sporting%20kc%20vs%20seattle%20sounders&geo=US&hl=en-US"
"crunchyroll","5K+","October 3, 2026 at 6:20:00 AM UTC","October 4, 2026 at 9:20:00 AM UTC","crunchyroll","https://trends.google.com/trends/explore?q=crunchyroll&geo=US&hl=en-US"
"nicaragua - república dominicana","2K+","October 5, 2026 at 2:00:00 AM UTC","October 5, 2026 at 5:10:00 AM UTC","nicaragua - república dominicana","https://trends.google.com/trends/explore?q=nicaragua%20-%20rep%C3%BAblica%20dominicana&geo=US&hl=en-US"
"ladd mcconkey","5K+","October 4, 2026 at 10:30:00 PM UTC","October 5, 2026 at 12:10:00 AM UTC","ladd mcconkey,ladd mcconkey injury","https://trends.google.com/trends/explore?q=ladd%20mcconkey&geo=US&hl=en-US"
"christian yelich","2K+","October 4, 2026 at 1:10:00 AM UTC","October 4, 2026 at 5:00:00 AM UTC","christian yelich","https://trends.google.com/trends/explore?q=christian%20yelich&geo=US&hl=en-US"
"action thriller","2K+","October 5, 2026 at 7:40:00 PM UTC","October 5, 2026 at 10:50:00 PM UTC","action thriller","https://trends.google.com/trends/explore?q=action%20thriller&geo=US&hl=en-US"
"mike tirico","2K+","October 6, 2026 at 12:50:00 AM UTC","October 6, 2026 at 2:00:00 AM UTC","mike tirico","https://trends.google.com/trends/explore?q=mike%20tirico&geo=US&hl=en-US"
"remo vs grêmio","500+","October 7, 2026 at 10:30:00 PM UTC","October 7, 2026 at 11:30:00 PM UTC","remo vs grêmio","https://trends.google.com/trends/explore?q=remo%20vs%20gr%C3%AAmio&geo=US&hl=en-US"
"f1 schedule","2K+","October 4, 2026 at 5:40:00 AM UTC","October 4, 2026 at 11:30:00 AM UTC","f1 schedule,f1 tv,sepang weather","https://trends.google.com/trends/explore?q=f1%20schedule&geo=US&hl=en-US"
"arby's","1K+","October 7, 2026 at 6:30:00 AM UTC","October 7, 2026 at 7:40:00 AM UTC","arby's","https://trends.google.com/trends/explore?q=arby%27s&geo=US&hl=en-US"
"supplemental nutrition assistance program changes","5K+","October 1, 2026 at 8:20:00 PM UTC","October 2, 2026 at 1:50:00 AM UTC","supplemental nutrition assistance program changes","https://trends.google.com/trends/explore?q=supplemental%20nutrition%20assistance%20program%20changes&geo=US&hl=en-US"
"raiders quarterback","2K+","October 4, 2026 at 8:50:00 PM UTC","October 5, 2026 at 12:30:00 AM UTC","raiders quarterback","https://trends.google.com/trends/explore?q=raiders%20quarterback&geo=US&hl=en-US"
"tx southern vs fl atlantic","2K+","October 3, 2026 at 9:40:00 PM UTC","October 4, 2026 at 2:30:00 AM UTC","tx southern vs fl atlantic","https://trends.google.com/trends/explore?q=tx%20southern%20vs%20fl%20atlantic&geo=US&hl=en-US"
"s27 ultra","2K+","October 5, 2026 at 10:20:00 AM UTC","October 5, 2026 at 2:20:00 PM UTC","s27 ultra","https://trends.google.com/trends/explore?q=s27%20ultra&geo=US&hl=en-US"
"darius wabbington","1K+","October 6, 2026 at 9:00:00 PM UTC","October 6, 2026 at 11:10:00 PM UTC","darius wabbington","https://trends.google.com/trends/explore?q=darius%20wabbington&geo=US&hl=en-US"
"apple tv","2K+","October 4, 2026 at 6:30:00 AM UTC","October 4, 2026 at 10:00:00 AM UTC","apple tv","https://trends.google.com/trends/explore?q=apple%20tv&geo=US&hl=en-US"
"josnely alvarez","500+","October 7, 2026 at 2:40:00 AM UTC","October 7, 2026 at 11:50:00 AM UTC","josnely alvarez","https://trends.google.com/trends/explore?q=josnely%20alvarez&geo=US&hl=en-US"
"washington spirit vs houston dash","2K+","October 4, 2026 at 10:40:00 PM UTC","October 5, 2026 at 1:30:00 AM UTC","washington spirit vs houston dash","https://trends.google.com/trends/explore?q=washington%20spirit%20vs%20houston%20dash&geo=US&hl=en-US"
"cbs","5K+","October 4, 2026 at 8:30:00 PM UTC","October 4, 2026 at 10:10:00 PM UTC","cbs,tom tillis","https://trends.google.com/trends/explore?q=cbs&geo=US&hl=en-US"
"jeremiyah love","2K+","October 4, 2026 at 5:40:00 PM UTC","October 4, 2026 at 8:50:00 PM UTC","jeremiyah love","https://trends.google.com/trends/explore?q=jeremiyah%20love&geo=US&hl=en-US"
"alison hammond","2K+","October 3, 2026 at 12:40:00 AM UTC","October 3, 2026 at 6:00:00 AM UTC","alison hammond","https://trends.google.com/trends/explore?q=alison%20hammond&geo=US&hl=en-US"
"france – belgique","2K+","October 5, 2026 at 6:40:00 PM UTC","October 5, 2026 at 9:30:00 PM UTC","france – belgique","https://trends.google.com/trends/explore?q=france%20%E2%80%93%20belgique&geo=US&hl=en-US"
"kamil pooran","2K+","October 6, 2026 at 1:40:00 PM UTC","October 6, 2026 at 3:30:00 PM UTC","kamil pooran,india national cricket team vs west indies cricket team players,shreyas iyer,mayank yadav,naman dhir","https://trends.google.com/trends/explore?q=kamil%20pooran&geo=US&hl=en-US"
"fire country","2K+","October 3, 2026 at 1:50:00 AM UTC","October 3, 2026 at 11:10:00 PM UTC","fire country","https://trends.google.com/trends/explore?q=fire%20country&geo=US&hl=en-US"
"charlotte flair","5K+","October 5, 2026 at 12:20:00 AM UTC","October 5, 2026 at 3:10:00 AM UTC","charlotte flair,carolina panthers stadium","https://trends.google.com/trends/explore?q=charlotte%20flair&geo=US&hl=en-US"
"drake baldwin","1K+","October 6, 2026 at 11:10:00 PM UTC","October 7, 2026 at 1:10:00 AM UTC","drake baldwin","https://trends.google.com/trends/explore?q=drake%20baldwin&geo=US&hl=en-US"
"japan vs new zealand","2K+","October 5, 2026 at 10:30:00 AM UTC","October 5, 2026 at 1:40:00 PM UTC","japan vs new zealand","https://trends.google.com/trends/explore?q=japan%20vs%20new%20zealand&geo=US&hl=en-US"
"jupiter behind the moon","2K+","October 6, 2026 at 2:40:00 PM UTC","October 6, 2026 at 4:50:00 PM UTC","jupiter behind the moon,the moon jupiter,star above the moon,crescent moon jupiter","https://trends.google.com/trends/explore?q=jupiter%20behind%20the%20moon&geo=US&hl=en-US"
"tom kim","5K+","October 3, 2026 at 10:50:00 AM UTC","October 3, 2026 at 3:30:00 PM UTC","tom kim,asian games","https://trends.google.com/trends/explore?q=tom%20kim&geo=US&hl=en-US"
"october 4 2026 horoscope","2K+","October 4, 2026 at 3:10:00 PM UTC","October 4, 2026 at 6:00:00 PM UTC","october 4 2026 horoscope","https://trends.google.com/trends/explore?q=october%204%202026%20horoscope&geo=US&hl=en-US"
"arthur blank","2K+","October 5, 2026 at 11:30:00 PM UTC","October 6, 2026 at 2:10:00 AM UTC","arthur blank","https://trends.google.com/trends/explore?q=arthur%20blank&geo=US&hl=en-US"
"naomi osaka","5K+","October 2, 2026 at 8:40:00 AM UTC","October 2, 2026 at 1:30:00 PM UTC","naomi osaka,maria timofeeva","https://trends.google.com/trends/explore?q=naomi%20osaka&geo=US&hl=en-US"
"competitive senate races midterms","1K+","October 6, 2026 at 5:30:00 PM UTC","October 6, 2026 at 8:10:00 PM UTC","competitive senate races midterms","https://trends.google.com/trends/explore?q=competitive%20senate%20races%20midterms&geo=US&hl=en-US"
"medellín - santa fe","2K+","October 5, 2026 at 11:50:00 PM UTC","October 6, 2026 at 2:50:00 AM UTC","medellín - santa fe","https://trends.google.com/trends/explore?q=medell%C3%ADn%20-%20santa%20fe&geo=US&hl=en-US"
"dylan sprouse","100+","October 8, 2026 at 6:00:00 AM UTC","October 8, 2026 at 6:40:00 AM UTC","dylan sprouse","https://trends.google.com/trends/explore?q=dylan%20sprouse&geo=US&hl=en-US"
"ireland vs austria","5K+","October 1, 2026 at 6:10:00 PM UTC","October 1, 2026 at 9:50:00 PM UTC","ireland vs austria","https://trends.google.com/trends/explore?q=ireland%20vs%20austria&geo=US&hl=en-US"
"eleições 2026","2K+","October 4, 2026 at 9:00:00 PM UTC","October 5, 2026 at 12:40:00 AM UTC","eleições 2026,eleicoes 2026,globo","https://trends.google.com/trends/explore?q=elei%C3%A7%C3%B5es%202026&geo=US&hl=en-US"
"gsv","200+","October 8, 2026 at 3:50:00 AM UTC","October 8, 2026 at 4:40:00 AM UTC","gsv","https://trends.google.com/trends/explore?q=gsv&geo=US&hl=en-US"
"mountain dew pitch black","5K+","October 2, 2026 at 3:20:00 PM UTC","October 2, 2026 at 7:10:00 PM UTC","mountain dew pitch black","https://trends.google.com/trends/explore?q=mountain%20dew%20pitch%20black&geo=US&hl=en-US"
"metallica sphere","2K+","October 2, 2026 at 12:00:00 PM UTC","October 3, 2026 at 5:00:00 AM UTC","metallica sphere","https://trends.google.com/trends/explore?q=metallica%20sphere&geo=US&hl=en-US"
"joey votto","5K+","October 2, 2026 at 12:00:00 AM UTC","October 2, 2026 at 12:10:00 PM UTC","joey votto","https://trends.google.com/trends/explore?q=joey%20votto&geo=US&hl=en-US"
"finland vs albania","2K+","October 3, 2026 at 12:10:00 PM UTC","October 3, 2026 at 4:00:00 PM UTC","finland vs albania","https://trends.google.com/trends/explore?q=finland%20vs%20albania&geo=US&hl=en-US"
"brandin podziemski","500+","October 7, 2026 at 3:00:00 AM UTC","October 7, 2026 at 7:30:00 AM UTC","brandin podziemski","https://trends.google.com/trends/explore?q=brandin%20podziemski&geo=US&hl=en-US"
"jared mccain","1K+","October 7, 2026 at 12:40:00 AM UTC","October 7, 2026 at 3:10:00 AM UTC","jared mccain","https://trends.google.com/trends/explore?q=jared%20mccain&geo=US&hl=en-US"
"erin andrews","2K+","October 4, 2026 at 8:50:00 PM UTC","October 5, 2026 at 2:50:00 AM UTC","erin andrews","https://trends.google.com/trends/explore?q=erin%20andrews&geo=US&hl=en-US"
"rui hachimura","2K+","October 5, 2026 at 12:20:00 AM UTC","October 5, 2026 at 3:20:00 AM UTC","rui hachimura","https://trends.google.com/trends/explore?q=rui%20hachimura&geo=US&hl=en-US"
"demanda judicial","1K+","October 6, 2026 at 10:20:00 AM UTC","October 6, 2026 at 2:00:00 PM UTC","demanda judicial","https://trends.google.com/trends/explore?q=demanda%20judicial&geo=US&hl=en-US"
"digger movie 2026","5K+","October 5, 2026 at 9:50:00 AM UTC","October 5, 2026 at 1:30:00 PM UTC","digger movie 2026,digger,digger reviews","https://trends.google.com/trends/explore?q=digger%20movie%202026&geo=US&hl=en-US"
"keon coleman","2K+","October 4, 2026 at 7:40:00 PM UTC","October 4, 2026 at 9:40:00 PM UTC","keon coleman","https://trends.google.com/trends/explore?q=keon%20coleman&geo=US&hl=en-US"
"jenna johnson","2K+","October 7, 2026 at 12:20:00 AM UTC","October 7, 2026 at 1:40:00 AM UTC","jenna johnson","https://trends.google.com/trends/explore?q=jenna%20johnson&geo=US&hl=en-US"
"boston bruins","5K+","October 3, 2026 at 12:40:00 AM UTC","October 3, 2026 at 12:10:00 PM UTC","boston bruins","https://trends.google.com/trends/explore?q=boston%20bruins&geo=US&hl=en-US"
"below deck mediterranean","500+","October 7, 2026 at 10:30:00 AM UTC","October 7, 2026 at 1:20:00 PM UTC","below deck mediterranean","https://trends.google.com/trends/explore?q=below%20deck%20mediterranean&geo=US&hl=en-US"
"man city vs arsenal","2K+","October 4, 2026 at 2:50:00 PM UTC","October 4, 2026 at 6:00:00 PM UTC","man city vs arsenal","https://trends.google.com/trends/explore?q=man%20city%20vs%20arsenal&geo=US&hl=en-US"
"marvin vettori","5K+","October 3, 2026 at 8:10:00 PM UTC","October 3, 2026 at 10:10:00 PM UTC","marvin vettori,ismail naurdiev","https://trends.google.com/trends/explore?q=marvin%20vettori&geo=US&hl=en-US"
"ivan perišić","1K+","October 6, 2026 at 7:20:00 PM UTC","October 6, 2026 at 9:30:00 PM UTC","ivan perišić","https://trends.google.com/trends/explore?q=ivan%20peri%C5%A1i%C4%87&geo=US&hl=en-US"
"ethan grunkemeyer","5K+","October 2, 2026 at 11:20:00 PM UTC","October 3, 2026 at 3:40:00 AM UTC","ethan grunkemeyer,grunkemeyer","https://trends.google.com/trends/explore?q=ethan%20grunkemeyer&geo=US&hl=en-US"
"connor heyward","2K+","October 4, 2026 at 9:10:00 PM UTC","October 5, 2026 at 12:20:00 AM UTC","connor heyward","https://trends.google.com/trends/explore?q=connor%20heyward&geo=US&hl=en-US"
"aidan hutchinson","2K+","October 5, 2026 at 12:50:00 AM UTC","October 5, 2026 at 4:30:00 AM UTC","aidan hutchinson","https://trends.google.com/trends/explore?q=aidan%20hutchinson&geo=US&hl=en-US"
"uc davis football","2K+","October 4, 2026 at 2:50:00 AM UTC","October 4, 2026 at 7:00:00 AM UTC","uc davis football,eagles record","https://trends.google.com/trends/explore?q=uc%20davis%20football&geo=US&hl=en-US"
"armando gonzález","1K+","October 7, 2026 at 2:50:00 AM UTC","October 7, 2026 at 4:20:00 AM UTC","armando gonzález,santi gimenez","https://trends.google.com/trends/explore?q=armando%20gonz%C3%A1lez&geo=US&hl=en-US"
"resultado eleições 2026","2K+","October 4, 2026 at 8:50:00 PM UTC","October 5, 2026 at 12:30:00 AM UTC","resultado eleições 2026","https://trends.google.com/trends/explore?q=resultado%20elei%C3%A7%C3%B5es%202026&geo=US&hl=en-US"
"channing tatum","1K+","October 7, 2026 at 12:30:00 AM UTC","October 7, 2026 at 1:40:00 AM UTC","channing tatum","https://trends.google.com/trends/explore?q=channing%20tatum&geo=US&hl=en-US"
"dutton ranch season 2","2K+","October 6, 2026 at 12:10:00 AM UTC","October 6, 2026 at 2:20:00 AM UTC","dutton ranch season 2","https://trends.google.com/trends/explore?q=dutton%20ranch%20season%202&geo=US&hl=en-US"
"ai data center","1K+","October 6, 2026 at 8:40:00 PM UTC","October 6, 2026 at 11:10:00 PM UTC","ai data center","https://trends.google.com/trends/explore?q=ai%20data%20center&geo=US&hl=en-US"
"nba 2k25","2K+","October 5, 2026 at 8:20:00 PM UTC","October 6, 2026 at 1:20:00 AM UTC","nba 2k25","https://trends.google.com/trends/explore?q=nba%202k25&geo=US&hl=en-US"
"grecia - países bajos","5K+","October 1, 2026 at 6:20:00 PM UTC","October 1, 2026 at 10:00:00 PM UTC","grecia - países bajos","https://trends.google.com/trends/explore?q=grecia%20-%20pa%C3%ADses%20bajos&geo=US&hl=en-US"
"nikoloz basilashvili","500+","October 7, 2026 at 5:50:00 AM UTC","October 7, 2026 at 7:30:00 AM UTC","nikoloz basilashvili,adrian mannarino","https://trends.google.com/trends/explore?q=nikoloz%20basilashvili&geo=US&hl=en-US"
"south cottage grove avenue","2K+","October 4, 2026 at 10:20:00 AM UTC","October 4, 2026 at 4:10:00 PM UTC","south cottage grove avenue","https://trends.google.com/trends/explore?q=south%20cottage%20grove%20avenue&geo=US&hl=en-US"
"teoscar hernández","5K+","October 3, 2026 at 9:10:00 PM UTC","October 3, 2026 at 11:40:00 PM UTC","teoscar hernández,teoscar hernandez","https://trends.google.com/trends/explore?q=teoscar%20hern%C3%A1ndez&geo=US&hl=en-US"
"georges niang","500+","October 7, 2026 at 3:10:00 AM UTC","October 7, 2026 at 5:50:00 AM UTC","georges niang","https://trends.google.com/trends/explore?q=georges%20niang&geo=US&hl=en-US"
"cyprus vs latvia","2K+","October 5, 2026 at 4:20:00 PM UTC","October 5, 2026 at 6:40:00 PM UTC","cyprus vs latvia","https://trends.google.com/trends/explore?q=cyprus%20vs%20latvia&geo=US&hl=en-US"
"oj simpson","2K+","October 6, 2026 at 1:30:00 AM UTC","October 6, 2026 at 3:10:00 AM UTC","oj simpson","https://trends.google.com/trends/explore?q=oj%20simpson&geo=US&hl=en-US"
"project meridian","5K+","October 2, 2026 at 11:30:00 PM UTC","October 3, 2026 at 12:50:00 PM UTC","project meridian,palmer luckey","https://trends.google.com/trends/explore?q=project%20meridian&geo=US&hl=en-US"
"wolf stock","500+","October 7, 2026 at 8:30:00 PM UTC","October 7, 2026 at 9:30:00 PM UTC","wolf stock","https://trends.google.com/trends/explore?q=wolf%20stock&geo=US&hl=en-US"
"murray state vs north dakota","2K+","October 3, 2026 at 5:40:00 PM UTC","October 3, 2026 at 9:00:00 PM UTC","murray state vs north dakota","https://trends.google.com/trends/explore?q=murray%20state%20vs%20north%20dakota&geo=US&hl=en-US"
"ari emanuel","2K+","October 5, 2026 at 1:30:00 AM UTC","October 5, 2026 at 5:30:00 AM UTC","ari emanuel","https://trends.google.com/trends/explore?q=ari%20emanuel&geo=US&hl=en-US"
"wyndham clark","200+","October 8, 2026 at 12:00:00 AM UTC","October 8, 2026 at 12:50:00 AM UTC","wyndham clark","https://trends.google.com/trends/explore?q=wyndham%20clark&geo=US&hl=en-US"
"kamil majchrzak","200+","October 7, 2026 at 7:20:00 AM UTC","October 7, 2026 at 10:30:00 AM UTC","kamil majchrzak","https://trends.google.com/trends/explore?q=kamil%20majchrzak&geo=US&hl=en-US"
"ruby rose","10K+","October 2, 2026 at 1:30:00 AM UTC","October 2, 2026 at 5:40:00 AM UTC","ruby rose","https://trends.google.com/trends/explore?q=ruby%20rose&geo=US&hl=en-US"
"the exorcist martyrs","500+","October 7, 2026 at 4:10:00 AM UTC","October 7, 2026 at 9:30:00 AM UTC","the exorcist martyrs","https://trends.google.com/trends/explore?q=the%20exorcist%20martyrs&geo=US&hl=en-US"
"kirk herbstreit","5K+","October 3, 2026 at 2:50:00 PM UTC","October 3, 2026 at 5:00:00 PM UTC","kirk herbstreit","https://trends.google.com/trends/explore?q=kirk%20herbstreit&geo=US&hl=en-US"
"new top 25 college football rankings","2K+","October 4, 2026 at 6:10:00 PM UTC","October 4, 2026 at 9:10:00 PM UTC","new top 25 college football rankings","https://trends.google.com/trends/explore?q=new%20top%2025%20college%20football%20rankings&geo=US&hl=en-US"
"freddie freeman","2K+","October 3, 2026 at 8:10:00 PM UTC","October 3, 2026 at 11:30:00 PM UTC","freddie freeman","https://trends.google.com/trends/explore?q=freddie%20freeman&geo=US&hl=en-US"
"bucaramanga - junior","2K+","October 4, 2026 at 11:00:00 PM UTC","October 5, 2026 at 1:40:00 AM UTC","bucaramanga - junior","https://trends.google.com/trends/explore?q=bucaramanga%20-%20junior&geo=US&hl=en-US"
"dl hall","2K+","October 7, 2026 at 4:00:00 AM UTC","October 7, 2026 at 5:30:00 AM UTC","dl hall,gary sanchez","https://trends.google.com/trends/explore?q=dl%20hall&geo=US&hl=en-US"
"xavier worthy","2K+","October 4, 2026 at 9:00:00 PM UTC","October 5, 2026 at 12:20:00 AM UTC","xavier worthy","https://trends.google.com/trends/explore?q=xavier%20worthy&geo=US&hl=en-US"
"nebraska cornhuskers football","1K+","October 6, 2026 at 9:50:00 AM UTC","October 6, 2026 at 1:20:00 PM UTC","nebraska cornhuskers football","https://trends.google.com/trends/explore?q=nebraska%20cornhuskers%20football&geo=US&hl=en-US"
"kenyon sadiq","2K+","October 4, 2026 at 1:20:00 PM UTC","October 4, 2026 at 4:30:00 PM UTC","kenyon sadiq","https://trends.google.com/trends/explore?q=kenyon%20sadiq&geo=US&hl=en-US"
"matt burke","500+","October 7, 2026 at 8:30:00 PM UTC","October 7, 2026 at 9:20:00 PM UTC","matt burke,demeco ryans","https://trends.google.com/trends/explore?q=matt%20burke&geo=US&hl=en-US"
"camera trap","2K+","October 4, 2026 at 7:00:00 PM UTC","October 4, 2026 at 9:50:00 PM UTC","camera trap","https://trends.google.com/trends/explore?q=camera%20trap&geo=US&hl=en-US"
"novig sports","10K+","October 3, 2026 at 11:40:00 PM UTC","October 4, 2026 at 3:30:00 AM UTC","novig sports,sydney sweeney,novig commercial,novig sydney sweeney","https://trends.google.com/trends/explore?q=novig%20sports&geo=US&hl=en-US"
"soap opera","5K+","October 1, 2026 at 7:40:00 PM UTC","October 2, 2026 at 12:30:00 AM UTC","soap opera","https://trends.google.com/trends/explore?q=soap%20opera&geo=US&hl=en-US"
"ar state vs louisiana","2K+","October 3, 2026 at 11:40:00 PM UTC","October 4, 2026 at 4:00:00 AM UTC","ar state vs louisiana","https://trends.google.com/trends/explore?q=ar%20state%20vs%20louisiana&geo=US&hl=en-US"
"cnbc","1K+","October 7, 2026 at 11:20:00 AM UTC","October 7, 2026 at 12:10:00 PM UTC","cnbc","https://trends.google.com/trends/explore?q=cnbc&geo=US&hl=en-US"
"salt lake city","1K+","October 6, 2026 at 4:40:00 AM UTC","October 6, 2026 at 7:30:00 AM UTC","salt lake city","https://trends.google.com/trends/explore?q=salt%20lake%20city&geo=US&hl=en-US"
"zach wilson","2K+","October 4, 2026 at 12:10:00 AM UTC","October 4, 2026 at 4:00:00 AM UTC","zach wilson","https://trends.google.com/trends/explore?q=zach%20wilson&geo=US&hl=en-US"
"ana de armas","500+","October 7, 2026 at 3:10:00 AM UTC","October 7, 2026 at 11:10:00 AM UTC","ana de armas","https://trends.google.com/trends/explore?q=ana%20de%20armas&geo=US&hl=en-US"
"white so","200+","October 7, 2026 at 9:40:00 PM UTC","October 7, 2026 at 11:50:00 PM UTC","white so","https://trends.google.com/trends/explore?q=white%20so&geo=US&hl=en-US"
"jamal roberts","2K+","October 3, 2026 at 10:20:00 PM UTC","October 4, 2026 at 1:00:00 AM UTC","jamal roberts","https://trends.google.com/trends/explore?q=jamal%20roberts&geo=US&hl=en-US"
"nell ariano","1K+","October 7, 2026 at 12:30:00 AM UTC","October 7, 2026 at 1:40:00 AM UTC","nell ariano,preston lagrange","https://trends.google.com/trends/explore?q=nell%20ariano&geo=US&hl=en-US"
"seiko panda","1K+","October 6, 2026 at 9:40:00 AM UTC","October 6, 2026 at 1:20:00 PM UTC","seiko panda","https://trends.google.com/trends/explore?q=seiko%20panda&geo=US&hl=en-US"
"david grodnick","2K+","October 6, 2026 at 7:40:00 PM UTC","October 7, 2026 at 11:20:00 AM UTC","david grodnick,ny post","https://trends.google.com/trends/explore?q=david%20grodnick&geo=US&hl=en-US"
"rafael dos anjos","5K+","October 3, 2026 at 8:20:00 PM UTC","October 3, 2026 at 10:20:00 PM UTC","rafael dos anjos,alexander hernandez","https://trends.google.com/trends/explore?q=rafael%20dos%20anjos&geo=US&hl=en-US"
"jeff bezos net worth","200+","October 7, 2026 at 10:30:00 PM UTC","October 7, 2026 at 11:20:00 PM UTC","jeff bezos net worth","https://trends.google.com/trends/explore?q=jeff%20bezos%20net%20worth&geo=US&hl=en-US"
"ollie gordon ii","5K+","October 4, 2026 at 10:20:00 PM UTC","October 5, 2026 at 12:00:00 AM UTC","ollie gordon ii,ollie gordon","https://trends.google.com/trends/explore?q=ollie%20gordon%20ii&geo=US&hl=en-US"
"connections hint","10K+","October 3, 2026 at 11:50:00 AM UTC","October 3, 2026 at 1:50:00 PM UTC","connections hint,connections hint today,connections hints today","https://trends.google.com/trends/explore?q=connections%20hint&geo=US&hl=en-US"
"jazzy davidson","1K+","October 6, 2026 at 10:00:00 AM UTC","October 6, 2026 at 1:00:00 PM UTC","jazzy davidson","https://trends.google.com/trends/explore?q=jazzy%20davidson&geo=US&hl=en-US"
"cruz azul vs la galaxy","2K+","October 5, 2026 at 12:50:00 AM UTC","October 5, 2026 at 3:50:00 AM UTC","cruz azul vs la galaxy","https://trends.google.com/trends/explore?q=cruz%20azul%20vs%20la%20galaxy&geo=US&hl=en-US"
"mike vrabel","2K+","October 4, 2026 at 5:50:00 PM UTC","October 4, 2026 at 9:10:00 PM UTC","mike vrabel","https://trends.google.com/trends/explore?q=mike%20vrabel&geo=US&hl=en-US"
"julie gonzalo","5K+","October 4, 2026 at 12:10:00 AM UTC","October 4, 2026 at 2:50:00 AM UTC","julie gonzalo,james trevena","https://trends.google.com/trends/explore?q=julie%20gonzalo&geo=US&hl=en-US"
"social security","10K+","October 5, 2026 at 3:30:00 PM UTC","October 5, 2026 at 4:00:00 PM UTC","social security","https://trends.google.com/trends/explore?q=social%20security&geo=US&hl=en-US"
"gilberto mora","5K+","October 4, 2026 at 2:10:00 AM UTC","October 4, 2026 at 4:00:00 AM UTC","gilberto mora,is gilberto mora playing today,is mora playing today,mora mexico","https://trends.google.com/trends/explore?q=gilberto%20mora&geo=US&hl=en-US"
"page six","1K+","October 6, 2026 at 4:20:00 PM UTC","October 6, 2026 at 6:20:00 PM UTC","page six","https://trends.google.com/trends/explore?q=page%20six&geo=US&hl=en-US"
"justine may","2K+","October 3, 2026 at 9:50:00 AM UTC","October 3, 2026 at 3:00:00 PM UTC","justine may","https://trends.google.com/trends/explore?q=justine%20may&geo=US&hl=en-US"
"iva jovic","2K+","October 5, 2026 at 5:40:00 AM UTC","October 5, 2026 at 11:30:00 AM UTC","iva jovic,kamilla rakhimova","https://trends.google.com/trends/explore?q=iva%20jovic&geo=US&hl=en-US"
"jordan vs venezuela","1K+","October 6, 2026 at 5:20:00 PM UTC","October 6, 2026 at 7:30:00 PM UTC","jordan vs venezuela","https://trends.google.com/trends/explore?q=jordan%20vs%20venezuela&geo=US&hl=en-US"
"hispanic","2K+","October 2, 2026 at 12:20:00 PM UTC","October 2, 2026 at 4:20:00 PM UTC","hispanic","https://trends.google.com/trends/explore?q=hispanic&geo=US&hl=en-US"
"tommy edman","2K+","October 7, 2026 at 12:30:00 AM UTC","October 7, 2026 at 1:40:00 AM UTC","tommy edman,edgardo henriquez,josue de paula","https://trends.google.com/trends/explore?q=tommy%20edman&geo=US&hl=en-US"
"moonshot ai","2K+","October 2, 2026 at 6:20:00 AM UTC","October 2, 2026 at 2:00:00 PM UTC","moonshot ai","https://trends.google.com/trends/explore?q=moonshot%20ai&geo=US&hl=en-US"
"nyrr","500+","October 7, 2026 at 5:50:00 PM UTC","October 7, 2026 at 7:00:00 PM UTC","nyrr","https://trends.google.com/trends/explore?q=nyrr&geo=US&hl=en-US"
"asha sharma xbox town hall","1K+","October 6, 2026 at 6:30:00 PM UTC","October 6, 2026 at 8:20:00 PM UTC","asha sharma xbox town hall","https://trends.google.com/trends/explore?q=asha%20sharma%20xbox%20town%20hall&geo=US&hl=en-US"
"mookie betts","2K+","October 3, 2026 at 8:10:00 PM UTC","October 3, 2026 at 11:10:00 PM UTC","mookie betts","https://trends.google.com/trends/explore?q=mookie%20betts&geo=US&hl=en-US"
"miranda lambert","2K+","October 4, 2026 at 3:00:00 AM UTC","October 4, 2026 at 1:30:00 PM UTC","miranda lambert","https://trends.google.com/trends/explore?q=miranda%20lambert&geo=US&hl=en-US"
"tyler linderbaum","500+","October 7, 2026 at 5:20:00 PM UTC","October 7, 2026 at 6:20:00 PM UTC","tyler linderbaum","https://trends.google.com/trends/explore?q=tyler%20linderbaum&geo=US&hl=en-US"
"kraft mac and cheese ramen","1K+","October 6, 2026 at 9:20:00 PM UTC","October 6, 2026 at 11:40:00 PM UTC","kraft mac and cheese ramen","https://trends.google.com/trends/explore?q=kraft%20mac%20and%20cheese%20ramen&geo=US&hl=en-US"
"usa","2K+","October 4, 2026 at 2:30:00 AM UTC","October 4, 2026 at 5:20:00 AM UTC","usa","https://trends.google.com/trends/explore?q=usa&geo=US&hl=en-US"
"gales - dinamarca","2K+","October 4, 2026 at 6:20:00 PM UTC","October 4, 2026 at 9:20:00 PM UTC","gales - dinamarca","https://trends.google.com/trends/explore?q=gales%20-%20dinamarca&geo=US&hl=en-US"
"bradley ritger wisconsin state patrol","2K+","October 4, 2026 at 10:20:00 AM UTC","October 4, 2026 at 3:00:00 PM UTC","bradley ritger wisconsin state patrol","https://trends.google.com/trends/explore?q=bradley%20ritger%20wisconsin%20state%20patrol&geo=US&hl=en-US"
"zimbabwe vs west indies","500+","October 7, 2026 at 11:10:00 AM UTC","October 7, 2026 at 1:30:00 PM UTC","zimbabwe vs west indies","https://trends.google.com/trends/explore?q=zimbabwe%20vs%20west%20indies&geo=US&hl=en-US"
"igor lichnovsky","500+","October 7, 2026 at 3:00:00 AM UTC","October 7, 2026 at 5:40:00 AM UTC","igor lichnovsky","https://trends.google.com/trends/explore?q=igor%20lichnovsky&geo=US&hl=en-US"
"luis campusano","200+","October 8, 2026 at 5:00:00 AM UTC","October 8, 2026 at 5:30:00 AM UTC","luis campusano","https://trends.google.com/trends/explore?q=luis%20campusano&geo=US&hl=en-US"
"carson beck","2K+","October 3, 2026 at 11:50:00 PM UTC","October 4, 2026 at 3:10:00 AM UTC","carson beck","https://trends.google.com/trends/explore?q=carson%20beck&geo=US&hl=en-US"
"matchbox the movie","2K+","October 6, 2026 at 1:30:00 AM UTC","October 6, 2026 at 2:40:00 AM UTC","matchbox the movie,sam richardson","https://trends.google.com/trends/explore?q=matchbox%20the%20movie&geo=US&hl=en-US"
"alcaraz","2K+","October 3, 2026 at 5:30:00 AM UTC","October 3, 2026 at 1:00:00 PM UTC","alcaraz,japan open,matteo berrettini,jiri lehecka,matteo arnaldi,ugo humbert","https://trends.google.com/trends/explore?q=alcaraz&geo=US&hl=en-US"
"trea turner","2K+","October 2, 2026 at 12:50:00 AM UTC","October 2, 2026 at 11:40:00 AM UTC","trea turner","https://trends.google.com/trends/explore?q=trea%20turner&geo=US&hl=en-US"
"ty france","500+","October 7, 2026 at 4:40:00 AM UTC","October 7, 2026 at 5:50:00 AM UTC","ty france","https://trends.google.com/trends/explore?q=ty%20france&geo=US&hl=en-US"
"foxnews","5K+","October 3, 2026 at 9:40:00 PM UTC","October 4, 2026 at 12:10:00 AM UTC","foxnews","https://trends.google.com/trends/explore?q=foxnews&geo=US&hl=en-US"
"penguins game","500+","October 8, 2026 at 12:00:00 AM UTC","October 8, 2026 at 12:30:00 AM UTC","penguins game,capitals schedule","https://trends.google.com/trends/explore?q=penguins%20game&geo=US&hl=en-US"
"jesse van rootselaar","500+","October 7, 2026 at 3:10:00 AM UTC","October 7, 2026 at 5:40:00 AM UTC","jesse van rootselaar","https://trends.google.com/trends/explore?q=jesse%20van%20rootselaar&geo=US&hl=en-US"
"friday the 13th","5K+","October 3, 2026 at 1:20:00 AM UTC","October 3, 2026 at 5:50:00 AM UTC","friday the 13th","https://trends.google.com/trends/explore?q=friday%20the%2013th&geo=US&hl=en-US"
"egypt vs south africa","2K+","October 4, 2026 at 6:20:00 PM UTC","October 4, 2026 at 9:00:00 PM UTC","egypt vs south africa","https://trends.google.com/trends/explore?q=egypt%20vs%20south%20africa&geo=US&hl=en-US"
"afc north standings","2K+","October 2, 2026 at 3:40:00 AM UTC","October 2, 2026 at 12:50:00 PM UTC","afc north standings","https://trends.google.com/trends/explore?q=afc%20north%20standings&geo=US&hl=en-US"
"husker volleyball","5K+","October 3, 2026 at 11:10:00 PM UTC","October 4, 2026 at 1:20:00 AM UTC","husker volleyball,nebraska volleyball","https://trends.google.com/trends/explore?q=husker%20volleyball&geo=US&hl=en-US"
"tre harris","2K+","October 4, 2026 at 10:40:00 PM UTC","October 5, 2026 at 12:40:00 AM UTC","tre harris","https://trends.google.com/trends/explore?q=tre%20harris&geo=US&hl=en-US"
"august hanning","1K+","October 6, 2026 at 10:50:00 AM UTC","October 6, 2026 at 1:50:00 PM UTC","august hanning","https://trends.google.com/trends/explore?q=august%20hanning&geo=US&hl=en-US"
"nfl power rankings week 5","1K+","October 6, 2026 at 10:50:00 AM UTC","October 6, 2026 at 1:50:00 PM UTC","nfl power rankings week 5,nfl week 5","https://trends.google.com/trends/explore?q=nfl%20power%20rankings%20week%205&geo=US&hl=en-US"
"uk football","5K+","October 4, 2026 at 12:00:00 AM UTC","October 4, 2026 at 1:30:00 AM UTC","uk football","https://trends.google.com/trends/explore?q=uk%20football&geo=US&hl=en-US"
"court mcgee","5K+","October 3, 2026 at 7:40:00 PM UTC","October 3, 2026 at 9:30:00 PM UTC","court mcgee,eric nolan","https://trends.google.com/trends/explore?q=court%20mcgee&geo=US&hl=en-US"
"joy behar","500+","October 7, 2026 at 3:00:00 PM UTC","October 7, 2026 at 4:10:00 PM UTC","joy behar","https://trends.google.com/trends/explore?q=joy%20behar&geo=US&hl=en-US"
"harvard football","2K+","October 4, 2026 at 2:40:00 AM UTC","October 4, 2026 at 1:30:00 PM UTC","harvard football","https://trends.google.com/trends/explore?q=harvard%20football&geo=US&hl=en-US"
"junior caminero","2K+","October 3, 2026 at 11:10:00 PM UTC","October 4, 2026 at 2:00:00 AM UTC","junior caminero","https://trends.google.com/trends/explore?q=junior%20caminero&geo=US&hl=en-US"
"daniel carlson","1K+","October 6, 2026 at 12:50:00 AM UTC","October 6, 2026 at 3:30:00 AM UTC","daniel carlson","https://trends.google.com/trends/explore?q=daniel%20carlson&geo=US&hl=en-US"
"kasey kahne","2K+","October 3, 2026 at 12:10:00 AM UTC","October 3, 2026 at 1:30:00 PM UTC","kasey kahne","https://trends.google.com/trends/explore?q=kasey%20kahne&geo=US&hl=en-US"
"matt araiza","2K+","October 4, 2026 at 8:30:00 PM UTC","October 5, 2026 at 12:10:00 AM UTC","matt araiza","https://trends.google.com/trends/explore?q=matt%20araiza&geo=US&hl=en-US"
"braden montgomery","500+","October 7, 2026 at 10:10:00 PM UTC","October 7, 2026 at 10:40:00 PM UTC","braden montgomery","https://trends.google.com/trends/explore?q=braden%20montgomery&geo=US&hl=en-US"
"bernie sanders","2K+","October 3, 2026 at 4:20:00 AM UTC","October 3, 2026 at 8:50:00 AM UTC","bernie sanders","https://trends.google.com/trends/explore?q=bernie%20sanders&geo=US&hl=en-US"
"apple tv imperfect women season 2","500+","October 6, 2026 at 10:30:00 AM UTC","October 6, 2026 at 1:10:00 PM UTC","apple tv imperfect women season 2","https://trends.google.com/trends/explore?q=apple%20tv%20imperfect%20women%20season%202&geo=US&hl=en-US"
"flames vs kraken","5K+","October 5, 2026 at 12:20:00 AM UTC","October 5, 2026 at 3:50:00 AM UTC","flames vs kraken,kraken vs flames,seattle kraken","https://trends.google.com/trends/explore?q=flames%20vs%20kraken&geo=US&hl=en-US"
"cuantos hijos tiene messi","500+","October 7, 2026 at 2:10:00 AM UTC","October 7, 2026 at 3:20:00 AM UTC","cuantos hijos tiene messi","https://trends.google.com/trends/explore?q=cuantos%20hijos%20tiene%20messi&geo=US&hl=en-US"
"usa","1K+","October 7, 2026 at 1:20:00 AM UTC","October 7, 2026 at 2:20:00 AM UTC","usa","https://trends.google.com/trends/explore?q=usa&geo=US&hl=en-US"
"nfl week 5","2K+","October 4, 2026 at 11:40:00 PM UTC","October 5, 2026 at 1:10:00 PM UTC","nfl week 5,will shipley","https://trends.google.com/trends/explore?q=nfl%20week%205&geo=US&hl=en-US"
"kirk ferentz","2K+","October 3, 2026 at 1:20:00 PM UTC","October 3, 2026 at 9:20:00 PM UTC","kirk ferentz","https://trends.google.com/trends/explore?q=kirk%20ferentz&geo=US&hl=en-US"
"laquon treadwell","2K+","October 4, 2026 at 3:50:00 PM UTC","October 4, 2026 at 5:30:00 PM UTC","laquon treadwell","https://trends.google.com/trends/explore?q=laquon%20treadwell&geo=US&hl=en-US"
"apothecary diaries season 3","2K+","October 2, 2026 at 7:10:00 AM UTC","October 3, 2026 at 6:00:00 AM UTC","apothecary diaries season 3","https://trends.google.com/trends/explore?q=apothecary%20diaries%20season%203&geo=US&hl=en-US"
"volodymyr zelenskyy","2K+","October 5, 2026 at 6:00:00 PM UTC","October 5, 2026 at 7:50:00 PM UTC","volodymyr zelenskyy","https://trends.google.com/trends/explore?q=volodymyr%20zelenskyy&geo=US&hl=en-US"
"livvy dunne","2K+","October 2, 2026 at 5:20:00 PM UTC","October 2, 2026 at 9:00:00 PM UTC","livvy dunne","https://trends.google.com/trends/explore?q=livvy%20dunne&geo=US&hl=en-US"
"raw milk","5K+","October 1, 2026 at 2:40:00 PM UTC","October 1, 2026 at 6:40:00 PM UTC","raw milk","https://trends.google.com/trends/explore?q=raw%20milk&geo=US&hl=en-US"
"usha vance","1K+","October 6, 2026 at 1:10:00 AM UTC","October 6, 2026 at 11:50:00 AM UTC","usha vance","https://trends.google.com/trends/explore?q=usha%20vance&geo=US&hl=en-US"
"paige bueckers","2K+","October 3, 2026 at 1:40:00 AM UTC","October 3, 2026 at 4:30:00 AM UTC","paige bueckers","https://trends.google.com/trends/explore?q=paige%20bueckers&geo=US&hl=en-US"
"miguel vargas","2K+","October 5, 2026 at 11:00:00 PM UTC","October 6, 2026 at 12:40:00 AM UTC","miguel vargas","https://trends.google.com/trends/explore?q=miguel%20vargas&geo=US&hl=en-US"
"melanie collins","2K+","October 4, 2026 at 8:20:00 PM UTC","October 4, 2026 at 11:40:00 PM UTC","melanie collins","https://trends.google.com/trends/explore?q=melanie%20collins&geo=US&hl=en-US"
"damar hamlin","2K+","October 4, 2026 at 6:00:00 PM UTC","October 4, 2026 at 8:50:00 PM UTC","damar hamlin","https://trends.google.com/trends/explore?q=damar%20hamlin&geo=US&hl=en-US"
"maggie gauger","200+","October 7, 2026 at 8:30:00 PM UTC","October 7, 2026 at 9:20:00 PM UTC","maggie gauger","https://trends.google.com/trends/explore?q=maggie%20gauger&geo=US&hl=en-US"
"james cook","2K+","October 4, 2026 at 5:30:00 PM UTC","October 4, 2026 at 8:20:00 PM UTC","james cook","https://trends.google.com/trends/explore?q=james%20cook&geo=US&hl=en-US"
"draw you out noah kahan","2K+","October 2, 2026 at 4:00:00 AM UTC","October 2, 2026 at 1:10:00 PM UTC","draw you out noah kahan","https://trends.google.com/trends/explore?q=draw%20you%20out%20noah%20kahan&geo=US&hl=en-US"
"jake matthews nfl","2K+","October 6, 2026 at 1:10:00 AM UTC","October 6, 2026 at 2:20:00 AM UTC","jake matthews nfl,afc east","https://trends.google.com/trends/explore?q=jake%20matthews%20nfl&geo=US&hl=en-US"
"whitney carson","2K+","October 7, 2026 at 1:00:00 AM UTC","October 7, 2026 at 2:10:00 AM UTC","whitney carson,witney carson","https://trends.google.com/trends/explore?q=whitney%20carson&geo=US&hl=en-US"
"first friday","2K+","October 3, 2026 at 5:50:00 AM UTC","October 3, 2026 at 9:30:00 AM UTC","first friday,first friday shooting,first friday las vegas,first friday las vegas shooting","https://trends.google.com/trends/explore?q=first%20friday&geo=US&hl=en-US"
"cupertino","2K+","October 4, 2026 at 9:00:00 PM UTC","October 5, 2026 at 12:20:00 AM UTC","cupertino","https://trends.google.com/trends/explore?q=cupertino&geo=US&hl=en-US"
"10 year treasury","500+","October 7, 2026 at 1:30:00 PM UTC","October 7, 2026 at 2:50:00 PM UTC","10 year treasury","https://trends.google.com/trends/explore?q=10%20year%20treasury&geo=US&hl=en-US"
"jake laravia","1K+","October 6, 2026 at 3:20:00 AM UTC","October 6, 2026 at 5:40:00 AM UTC","jake laravia","https://trends.google.com/trends/explore?q=jake%20laravia&geo=US&hl=en-US"
"logan henderson","2K+","October 4, 2026 at 8:10:00 PM UTC","October 4, 2026 at 10:20:00 PM UTC","logan henderson","https://trends.google.com/trends/explore?q=logan%20henderson&geo=US&hl=en-US"
"what is october 3rd","2K+","October 3, 2026 at 7:10:00 AM UTC","October 3, 2026 at 4:40:00 PM UTC","what is october 3rd,jonathan bennett","https://trends.google.com/trends/explore?q=what%20is%20october%203rd&geo=US&hl=en-US"
"fallout","2K+","October 1, 2026 at 10:00:00 PM UTC","October 2, 2026 at 2:20:00 AM UTC","fallout","https://trends.google.com/trends/explore?q=fallout&geo=US&hl=en-US"
"servicio de control de inmigración y aduanas","5K+","October 1, 2026 at 8:40:00 PM UTC","October 2, 2026 at 1:30:00 AM UTC","servicio de control de inmigración y aduanas","https://trends.google.com/trends/explore?q=servicio%20de%20control%20de%20inmigraci%C3%B3n%20y%20aduanas&geo=US&hl=en-US"
"big blue madness 2026","5K+","October 2, 2026 at 9:50:00 PM UTC","October 3, 2026 at 12:40:00 AM UTC","big blue madness 2026,big blue madness","https://trends.google.com/trends/explore?q=big%20blue%20madness%202026&geo=US&hl=en-US"
"ronaldo caiado","2K+","October 4, 2026 at 11:20:00 PM UTC","October 5, 2026 at 2:00:00 AM UTC","ronaldo caiado","https://trends.google.com/trends/explore?q=ronaldo%20caiado&geo=US&hl=en-US"
"erika hammond","500+","October 7, 2026 at 1:10:00 AM UTC","October 7, 2026 at 3:50:00 AM UTC","erika hammond","https://trends.google.com/trends/explore?q=erika%20hammond&geo=US&hl=en-US"
"luis romo","2K+","October 4, 2026 at 2:20:00 AM UTC","October 4, 2026 at 4:40:00 AM UTC","luis romo","https://trends.google.com/trends/explore?q=luis%20romo&geo=US&hl=en-US"
"midterm polls","2K+","October 4, 2026 at 4:20:00 PM UTC","October 4, 2026 at 7:40:00 PM UTC","midterm polls","https://trends.google.com/trends/explore?q=midterm%20polls&geo=US&hl=en-US"
"angel city fc vs gotham","2K+","October 4, 2026 at 4:50:00 PM UTC","October 4, 2026 at 7:40:00 PM UTC","angel city fc vs gotham","https://trends.google.com/trends/explore?q=angel%20city%20fc%20vs%20gotham&geo=US&hl=en-US"
"john wick","5K+","October 1, 2026 at 9:20:00 PM UTC","October 2, 2026 at 12:40:00 AM UTC","john wick","https://trends.google.com/trends/explore?q=john%20wick&geo=US&hl=en-US"
"tse","2K+","October 4, 2026 at 8:40:00 PM UTC","October 4, 2026 at 11:50:00 PM UTC","tse","https://trends.google.com/trends/explore?q=tse&geo=US&hl=en-US"
"marcus freeman","2K+","October 3, 2026 at 5:00:00 PM UTC","October 3, 2026 at 8:00:00 PM UTC","marcus freeman","https://trends.google.com/trends/explore?q=marcus%20freeman&geo=US&hl=en-US"
"matt olson","5K+","October 2, 2026 at 12:50:00 AM UTC","October 2, 2026 at 4:10:00 AM UTC","matt olson","https://trends.google.com/trends/explore?q=matt%20olson&geo=US&hl=en-US"
"nc a&t vs bryant","2K+","October 3, 2026 at 9:40:00 PM UTC","October 4, 2026 at 1:50:00 AM UTC","nc a&t vs bryant","https://trends.google.com/trends/explore?q=nc%20a%26t%20vs%20bryant&geo=US&hl=en-US"
"michael bunting","1K+","October 6, 2026 at 6:10:00 PM UTC","October 6, 2026 at 7:40:00 PM UTC","michael bunting","https://trends.google.com/trends/explore?q=michael%20bunting&geo=US&hl=en-US"
"xrp ledger","1K+","October 5, 2026 at 9:10:00 AM UTC","October 5, 2026 at 12:50:00 PM UTC","xrp ledger","https://trends.google.com/trends/explore?q=xrp%20ledger&geo=US&hl=en-US"
"travis kelce patrick mahomes restaurant lawsuit","2K+","October 3, 2026 at 11:40:00 AM UTC","October 3, 2026 at 3:20:00 PM UTC","travis kelce patrick mahomes restaurant lawsuit","https://trends.google.com/trends/explore?q=travis%20kelce%20patrick%20mahomes%20restaurant%20lawsuit&geo=US&hl=en-US"
"boston legacy vs portland thorns","2K+","October 4, 2026 at 12:40:00 AM UTC","October 4, 2026 at 3:20:00 AM UTC","boston legacy vs portland thorns","https://trends.google.com/trends/explore?q=boston%20legacy%20vs%20portland%20thorns&geo=US&hl=en-US"
"estadio monumental","1K+","October 7, 2026 at 1:40:00 AM UTC","October 7, 2026 at 2:50:00 AM UTC","estadio monumental,soledad pastorutti","https://trends.google.com/trends/explore?q=estadio%20monumental&geo=US&hl=en-US"
"checkers","500+","October 7, 2026 at 6:50:00 AM UTC","October 7, 2026 at 8:00:00 AM UTC","checkers","https://trends.google.com/trends/explore?q=checkers&geo=US&hl=en-US"
"nfl rankings","2K+","October 4, 2026 at 8:20:00 PM UTC","October 5, 2026 at 1:00:00 AM UTC","nfl rankings","https://trends.google.com/trends/explore?q=nfl%20rankings&geo=US&hl=en-US"
"maria avila chris brown settlement","2K+","October 2, 2026 at 1:20:00 AM UTC","October 2, 2026 at 1:40:00 PM UTC","maria avila chris brown settlement","https://trends.google.com/trends/explore?q=maria%20avila%20chris%20brown%20settlement&geo=US&hl=en-US"
"connor zary","2K+","October 5, 2026 at 6:20:00 PM UTC","October 5, 2026 at 8:00:00 PM UTC","connor zary","https://trends.google.com/trends/explore?q=connor%20zary&geo=US&hl=en-US"
"oilers","5K+","October 2, 2026 at 3:20:00 AM UTC","October 2, 2026 at 6:00:00 AM UTC","oilers,oilers vs canucks,edmonton oilers","https://trends.google.com/trends/explore?q=oilers&geo=US&hl=en-US"
"jose ramirez","1K+","October 5, 2026 at 10:00:00 PM UTC","October 6, 2026 at 1:00:00 AM UTC","jose ramirez","https://trends.google.com/trends/explore?q=jose%20ramirez&geo=US&hl=en-US"
"oliver hudson","5K+","October 2, 2026 at 1:30:00 AM UTC","October 2, 2026 at 6:00:00 AM UTC","oliver hudson","https://trends.google.com/trends/explore?q=oliver%20hudson&geo=US&hl=en-US"
"deandre swift","2K+","October 4, 2026 at 7:20:00 PM UTC","October 4, 2026 at 9:00:00 PM UTC","deandre swift,dandre swift","https://trends.google.com/trends/explore?q=deandre%20swift&geo=US&hl=en-US"
"brandon staley","1K+","October 6, 2026 at 1:30:00 AM UTC","October 6, 2026 at 3:40:00 AM UTC","brandon staley","https://trends.google.com/trends/explore?q=brandon%20staley&geo=US&hl=en-US"
"arike ogunbowale","5K+","October 3, 2026 at 1:50:00 AM UTC","October 3, 2026 at 4:10:00 AM UTC","arike ogunbowale","https://trends.google.com/trends/explore?q=arike%20ogunbowale&geo=US&hl=en-US"
"connor mcdavid","200+","October 8, 2026 at 3:50:00 AM UTC","October 8, 2026 at 4:20:00 AM UTC","connor mcdavid","https://trends.google.com/trends/explore?q=connor%20mcdavid&geo=US&hl=en-US"
"jacobe smith","2K+","October 3, 2026 at 8:50:00 PM UTC","October 3, 2026 at 10:40:00 PM UTC","jacobe smith","https://trends.google.com/trends/explore?q=jacobe%20smith&geo=US&hl=en-US"
"clover time codes","1K+","October 5, 2026 at 5:00:00 AM UTC","October 5, 2026 at 9:20:00 AM UTC","clover time codes","https://trends.google.com/trends/explore?q=clover%20time%20codes&geo=US&hl=en-US"
"nfc north","2K+","October 5, 2026 at 3:30:00 AM UTC","October 5, 2026 at 12:00:00 PM UTC","nfc north","https://trends.google.com/trends/explore?q=nfc%20north&geo=US&hl=en-US"
"índia x brasil","2K+","October 3, 2026 at 2:10:00 PM UTC","October 3, 2026 at 5:10:00 PM UTC","índia x brasil,vinícius júnior","https://trends.google.com/trends/explore?q=%C3%ADndia%20x%20brasil&geo=US&hl=en-US"
"will reichard","2K+","October 4, 2026 at 9:40:00 PM UTC","October 4, 2026 at 11:50:00 PM UTC","will reichard","https://trends.google.com/trends/explore?q=will%20reichard&geo=US&hl=en-US"
"leonard miller","200+","October 8, 2026 at 3:20:00 AM UTC","October 8, 2026 at 3:50:00 AM UTC","leonard miller","https://trends.google.com/trends/explore?q=leonard%20miller&geo=US&hl=en-US"
"too short","500+","October 6, 2026 at 9:30:00 AM UTC","October 6, 2026 at 12:00:00 PM UTC","too short","https://trends.google.com/trends/explore?q=too%20short&geo=US&hl=en-US"
"roberto fernández","2K+","October 3, 2026 at 6:10:00 PM UTC","October 3, 2026 at 8:40:00 PM UTC","roberto fernández","https://trends.google.com/trends/explore?q=roberto%20fern%C3%A1ndez&geo=US&hl=en-US"
"bo jackson","2K+","October 3, 2026 at 8:50:00 PM UTC","October 3, 2026 at 11:30:00 PM UTC","bo jackson","https://trends.google.com/trends/explore?q=bo%20jackson&geo=US&hl=en-US"
"anson williams","500+","October 6, 2026 at 9:50:00 PM UTC","October 7, 2026 at 11:40:00 AM UTC","anson williams","https://trends.google.com/trends/explore?q=anson%20williams&geo=US&hl=en-US"
"disneyland park","200+","October 7, 2026 at 8:00:00 PM UTC","October 7, 2026 at 8:50:00 PM UTC","disneyland park","https://trends.google.com/trends/explore?q=disneyland%20park&geo=US&hl=en-US"
"kelsey mitchell caitlin clark comments context","1K+","October 5, 2026 at 9:00:00 AM UTC","October 5, 2026 at 12:10:00 PM UTC","kelsey mitchell caitlin clark comments context,cheryl miller","https://trends.google.com/trends/explore?q=kelsey%20mitchell%20caitlin%20clark%20comments%20context&geo=US&hl=en-US"
"equifax","1K+","October 6, 2026 at 10:00:00 AM UTC","October 6, 2026 at 12:30:00 PM UTC","equifax","https://trends.google.com/trends/explore?q=equifax&geo=US&hl=en-US"
"rei sakamoto","200+","October 7, 2026 at 7:10:00 AM UTC","October 7, 2026 at 9:10:00 AM UTC","rei sakamoto","https://trends.google.com/trends/explore?q=rei%20sakamoto&geo=US&hl=en-US"
"daniel arcila","1K+","October 7, 2026 at 1:30:00 AM UTC","October 7, 2026 at 2:50:00 AM UTC","daniel arcila","https://trends.google.com/trends/explore?q=daniel%20arcila&geo=US&hl=en-US"
"portugal","10K+","October 1, 2026 at 8:30:00 PM UTC","October 1, 2026 at 9:50:00 PM UTC","portugal","https://trends.google.com/trends/explore?q=portugal&geo=US&hl=en-US"
"will venable","1K+","October 5, 2026 at 9:50:00 PM UTC","October 6, 2026 at 12:40:00 AM UTC","will venable","https://trends.google.com/trends/explore?q=will%20venable&geo=US&hl=en-US"
"social reckoning","2K+","October 4, 2026 at 7:10:00 PM UTC","October 4, 2026 at 8:30:00 PM UTC","social reckoning,aaron sorkin","https://trends.google.com/trends/explore?q=social%20reckoning&geo=US&hl=en-US"
"crime","2K+","October 4, 2026 at 2:20:00 PM UTC","October 4, 2026 at 5:10:00 PM UTC","crime","https://trends.google.com/trends/explore?q=crime&geo=US&hl=en-US"
"jay harbaugh","2K+","October 4, 2026 at 8:40:00 PM UTC","October 4, 2026 at 10:10:00 PM UTC","jay harbaugh","https://trends.google.com/trends/explore?q=jay%20harbaugh&geo=US&hl=en-US"
"golf","2K+","October 5, 2026 at 6:30:00 PM UTC","October 5, 2026 at 7:50:00 PM UTC","golf","https://trends.google.com/trends/explore?q=golf&geo=US&hl=en-US"
"kate middleton new hair scotland","2K+","October 2, 2026 at 11:10:00 PM UTC","October 3, 2026 at 2:10:00 AM UTC","kate middleton new hair scotland","https://trends.google.com/trends/explore?q=kate%20middleton%20new%20hair%20scotland&geo=US&hl=en-US"
"ric flair","2K+","October 5, 2026 at 12:20:00 AM UTC","October 5, 2026 at 1:30:00 AM UTC","ric flair","https://trends.google.com/trends/explore?q=ric%20flair&geo=US&hl=en-US"
"vote buying","1K+","October 5, 2026 at 11:40:00 PM UTC","October 6, 2026 at 1:20:00 AM UTC","vote buying","https://trends.google.com/trends/explore?q=vote%20buying&geo=US&hl=en-US"
"dua lipa","2K+","October 3, 2026 at 8:30:00 PM UTC","October 4, 2026 at 6:30:00 AM UTC","dua lipa","https://trends.google.com/trends/explore?q=dua%20lipa&geo=US&hl=en-US"
"euthanasia","2K+","October 4, 2026 at 12:30:00 AM UTC","October 4, 2026 at 2:50:00 AM UTC","euthanasia","https://trends.google.com/trends/explore?q=euthanasia&geo=US&hl=en-US"
"bay fc vs kc current","2K+","October 3, 2026 at 10:20:00 PM UTC","October 4, 2026 at 1:00:00 AM UTC","bay fc vs kc current","https://trends.google.com/trends/explore?q=bay%20fc%20vs%20kc%20current&geo=US&hl=en-US"
"coleman wong","200+","October 7, 2026 at 9:30:00 AM UTC","October 7, 2026 at 11:20:00 AM UTC","coleman wong","https://trends.google.com/trends/explore?q=coleman%20wong&geo=US&hl=en-US"
"supreme court of the united states","1K+","October 4, 2026 at 12:10:00 PM UTC","October 4, 2026 at 3:00:00 PM UTC","supreme court of the united states","https://trends.google.com/trends/explore?q=supreme%20court%20of%20the%20united%20states&geo=US&hl=en-US"
"money in the bank 2026","2K+","October 6, 2026 at 12:30:00 AM UTC","October 6, 2026 at 3:30:00 AM UTC","money in the bank 2026","https://trends.google.com/trends/explore?q=money%20in%20the%20bank%202026&geo=US&hl=en-US"
"peste","1K+","October 6, 2026 at 2:10:00 AM UTC","October 6, 2026 at 11:10:00 AM UTC","peste","https://trends.google.com/trends/explore?q=peste&geo=US&hl=en-US"
"minkah fitzpatrick","2K+","October 4, 2026 at 5:50:00 PM UTC","October 4, 2026 at 7:40:00 PM UTC","minkah fitzpatrick","https://trends.google.com/trends/explore?q=minkah%20fitzpatrick&geo=US&hl=en-US"
"spain fc","2K+","October 3, 2026 at 7:00:00 PM UTC","October 3, 2026 at 9:10:00 PM UTC","spain fc","https://trends.google.com/trends/explore?q=spain%20fc&geo=US&hl=en-US"
"xelajú mc - san pedro","2K+","October 4, 2026 at 2:00:00 AM UTC","October 4, 2026 at 5:10:00 AM UTC","xelajú mc - san pedro","https://trends.google.com/trends/explore?q=xelaj%C3%BA%20mc%20-%20san%20pedro&geo=US&hl=en-US"
"rocket launch today","5K+","October 1, 2026 at 3:00:00 PM UTC","October 2, 2026 at 5:00:00 AM UTC","rocket launch today,nasa spacex crew 13 launch,nasa,crew 13 launch","https://trends.google.com/trends/explore?q=rocket%20launch%20today&geo=US&hl=en-US"
"yannick hanfmann","200+","October 7, 2026 at 8:00:00 AM UTC","October 7, 2026 at 10:20:00 AM UTC","yannick hanfmann","https://trends.google.com/trends/explore?q=yannick%20hanfmann&geo=US&hl=en-US"
"otis wilson monterrey security altercation","500+","October 7, 2026 at 12:40:00 AM UTC","October 7, 2026 at 12:40:00 PM UTC","otis wilson monterrey security altercation","https://trends.google.com/trends/explore?q=otis%20wilson%20monterrey%20security%20altercation&geo=US&hl=en-US"
"cu buffs football","2K+","October 4, 2026 at 1:10:00 AM UTC","October 4, 2026 at 4:10:00 AM UTC","cu buffs football","https://trends.google.com/trends/explore?q=cu%20buffs%20football&geo=US&hl=en-US"
"1943 bronze lincoln cent houston","2K+","October 3, 2026 at 12:00:00 AM UTC","October 3, 2026 at 2:30:00 AM UTC","1943 bronze lincoln cent houston","https://trends.google.com/trends/explore?q=1943%20bronze%20lincoln%20cent%20houston&geo=US&hl=en-US"
"sebastian berhalter","2K+","October 4, 2026 at 2:30:00 AM UTC","October 4, 2026 at 4:50:00 AM UTC","sebastian berhalter","https://trends.google.com/trends/explore?q=sebastian%20berhalter&geo=US&hl=en-US"
"matt barnes","500+","October 7, 2026 at 3:00:00 AM UTC","October 7, 2026 at 4:20:00 AM UTC","matt barnes","https://trends.google.com/trends/explore?q=matt%20barnes&geo=US&hl=en-US"
"ryan seacrest","2K+","October 5, 2026 at 11:30:00 PM UTC","October 6, 2026 at 12:40:00 AM UTC","ryan seacrest","https://trends.google.com/trends/explore?q=ryan%20seacrest&geo=US&hl=en-US"
"simon edvinsson","2K+","October 4, 2026 at 1:10:00 AM UTC","October 4, 2026 at 3:30:00 AM UTC","simon edvinsson","https://trends.google.com/trends/explore?q=simon%20edvinsson&geo=US&hl=en-US"
"hagen smith","2K+","October 3, 2026 at 5:20:00 PM UTC","October 3, 2026 at 7:10:00 PM UTC","hagen smith","https://trends.google.com/trends/explore?q=hagen%20smith&geo=US&hl=en-US"
"colombia peru","500+","October 7, 2026 at 12:30:00 AM UTC","October 7, 2026 at 2:20:00 AM UTC","colombia peru","https://trends.google.com/trends/explore?q=colombia%20peru&geo=US&hl=en-US"
"estonia vs iceland","500+","October 6, 2026 at 6:40:00 PM UTC","October 6, 2026 at 9:10:00 PM UTC","estonia vs iceland","https://trends.google.com/trends/explore?q=estonia%20vs%20iceland&geo=US&hl=en-US"
"ufc 334","2K+","October 4, 2026 at 2:00:00 AM UTC","October 4, 2026 at 4:00:00 AM UTC","ufc 334","https://trends.google.com/trends/explore?q=ufc%20334&geo=US&hl=en-US"
"deshaun watson cleveland browns performance","2K+","October 1, 2026 at 3:10:00 PM UTC","October 1, 2026 at 6:30:00 PM UTC","deshaun watson cleveland browns performance","https://trends.google.com/trends/explore?q=deshaun%20watson%20cleveland%20browns%20performance&geo=US&hl=en-US"
"msft stock","2K+","October 5, 2026 at 1:50:00 PM UTC","October 5, 2026 at 3:10:00 PM UTC","msft stock,microsoft stock","https://trends.google.com/trends/explore?q=msft%20stock&geo=US&hl=en-US"
"owen coyne marblehead","2K+","October 2, 2026 at 7:20:00 PM UTC","October 2, 2026 at 10:30:00 PM UTC","owen coyne marblehead,owen coyne","https://trends.google.com/trends/explore?q=owen%20coyne%20marblehead&geo=US&hl=en-US"
"doug flutie","2K+","October 4, 2026 at 5:30:00 PM UTC","October 4, 2026 at 6:40:00 PM UTC","doug flutie","https://trends.google.com/trends/explore?q=doug%20flutie&geo=US&hl=en-US"
"carlie irsay-gordon","2K+","October 4, 2026 at 2:20:00 PM UTC","October 4, 2026 at 3:30:00 PM UTC","carlie irsay-gordon,colts owner,colts owner carlie","https://trends.google.com/trends/explore?q=carlie%20irsay-gordon&geo=US&hl=en-US"
"ufc rankings","2K+","October 4, 2026 at 1:50:00 AM UTC","October 4, 2026 at 3:50:00 AM UTC","ufc rankings","https://trends.google.com/trends/explore?q=ufc%20rankings&geo=US&hl=en-US"
"hotels","1K+","October 6, 2026 at 11:50:00 AM UTC","October 6, 2026 at 12:40:00 PM UTC","hotels","https://trends.google.com/trends/explore?q=hotels&geo=US&hl=en-US"
"longest field goal in nfl","2K+","October 4, 2026 at 6:30:00 PM UTC","October 4, 2026 at 7:40:00 PM UTC","longest field goal in nfl,longest field goal in nfl history","https://trends.google.com/trends/explore?q=longest%20field%20goal%20in%20nfl&geo=US&hl=en-US"
"glove","500+","October 6, 2026 at 9:50:00 PM UTC","October 6, 2026 at 11:30:00 PM UTC","glove","https://trends.google.com/trends/explore?q=glove&geo=US&hl=en-US"
"diego pavia","2K+","October 3, 2026 at 6:00:00 PM UTC","October 3, 2026 at 8:30:00 PM UTC","diego pavia","https://trends.google.com/trends/explore?q=diego%20pavia&geo=US&hl=en-US"
"josh allen wife","2K+","October 4, 2026 at 6:10:00 PM UTC","October 4, 2026 at 9:00:00 PM UTC","josh allen wife,hailee steinfeld","https://trends.google.com/trends/explore?q=josh%20allen%20wife&geo=US&hl=en-US"
"sirius","1K+","October 5, 2026 at 11:30:00 AM UTC","October 5, 2026 at 1:50:00 PM UTC","sirius","https://trends.google.com/trends/explore?q=sirius&geo=US&hl=en-US"
"república dominicana - haití","2K+","October 2, 2026 at 12:00:00 AM UTC","October 2, 2026 at 3:10:00 AM UTC","república dominicana - haití","https://trends.google.com/trends/explore?q=rep%C3%BAblica%20dominicana%20-%20hait%C3%AD&geo=US&hl=en-US"
"portland marathon 2026","2K+","October 4, 2026 at 2:20:00 PM UTC","October 4, 2026 at 4:50:00 PM UTC","portland marathon 2026","https://trends.google.com/trends/explore?q=portland%20marathon%202026&geo=US&hl=en-US"
"quebec","200+","October 7, 2026 at 7:30:00 PM UTC","October 7, 2026 at 8:20:00 PM UTC","quebec","https://trends.google.com/trends/explore?q=quebec&geo=US&hl=en-US"
"memo ochoa","500+","October 7, 2026 at 2:20:00 AM UTC","October 7, 2026 at 3:30:00 AM UTC","memo ochoa","https://trends.google.com/trends/explore?q=memo%20ochoa&geo=US&hl=en-US"
"bradgley rodriguez","500+","October 7, 2026 at 3:50:00 AM UTC","October 7, 2026 at 5:20:00 AM UTC","bradgley rodriguez","https://trends.google.com/trends/explore?q=bradgley%20rodriguez&geo=US&hl=en-US"
"winter storm","2K+","October 2, 2026 at 8:20:00 AM UTC","October 2, 2026 at 12:40:00 PM UTC","winter storm","https://trends.google.com/trends/explore?q=winter%20storm&geo=US&hl=en-US"
"shakira mebarak","1K+","October 6, 2026 at 4:00:00 PM UTC","October 6, 2026 at 5:50:00 PM UTC","shakira mebarak","https://trends.google.com/trends/explore?q=shakira%20mebarak&geo=US&hl=en-US"
"tommy pham","2K+","October 3, 2026 at 6:00:00 PM UTC","October 3, 2026 at 8:10:00 PM UTC","tommy pham,miguel vargas","https://trends.google.com/trends/explore?q=tommy%20pham&geo=US&hl=en-US"
"frances tiafoe","2K+","October 2, 2026 at 9:50:00 AM UTC","October 2, 2026 at 1:10:00 PM UTC","frances tiafoe,tiafoe","https://trends.google.com/trends/explore?q=frances%20tiafoe&geo=US&hl=en-US"
"democratic party","2K+","October 4, 2026 at 6:50:00 PM UTC","October 4, 2026 at 8:50:00 PM UTC","democratic party","https://trends.google.com/trends/explore?q=democratic%20party&geo=US&hl=en-US"
"ahmad hardy","2K+","October 3, 2026 at 8:10:00 PM UTC","October 3, 2026 at 11:30:00 PM UTC","ahmad hardy","https://trends.google.com/trends/explore?q=ahmad%20hardy&geo=US&hl=en-US"
"ukraine vs northern ireland","2K+","October 2, 2026 at 6:30:00 PM UTC","October 2, 2026 at 9:00:00 PM UTC","ukraine vs northern ireland","https://trends.google.com/trends/explore?q=ukraine%20vs%20northern%20ireland&geo=US&hl=en-US"
"michael zheng","500+","October 6, 2026 at 6:20:00 AM UTC","October 6, 2026 at 8:40:00 AM UTC","michael zheng","https://trends.google.com/trends/explore?q=michael%20zheng&geo=US&hl=en-US"
"aerosmith","1K+","October 6, 2026 at 2:00:00 PM UTC","October 6, 2026 at 3:30:00 PM UTC","aerosmith,aerosmith hollywood bowl","https://trends.google.com/trends/explore?q=aerosmith&geo=US&hl=en-US"
"freddie mercury","2K+","October 3, 2026 at 12:20:00 AM UTC","October 3, 2026 at 3:00:00 AM UTC","freddie mercury","https://trends.google.com/trends/explore?q=freddie%20mercury&geo=US&hl=en-US"
"rick ness","2K+","October 3, 2026 at 11:10:00 AM UTC","October 3, 2026 at 5:20:00 PM UTC","rick ness","https://trends.google.com/trends/explore?q=rick%20ness&geo=US&hl=en-US"
"puka nacua","5K+","October 4, 2026 at 5:20:00 PM UTC","October 4, 2026 at 5:50:00 PM UTC","puka nacua,britain covey,covey eagles","https://trends.google.com/trends/explore?q=puka%20nacua&geo=US&hl=en-US"
"it","2K+","October 3, 2026 at 11:40:00 PM UTC","October 4, 2026 at 2:10:00 AM UTC","it","https://trends.google.com/trends/explore?q=it&geo=US&hl=en-US"
"deforest buckner","1K+","October 4, 2026 at 2:10:00 PM UTC","October 4, 2026 at 5:40:00 PM UTC","deforest buckner","https://trends.google.com/trends/explore?q=deforest%20buckner&geo=US&hl=en-US"
"blaze berlowitz","2K+","October 3, 2026 at 5:30:00 PM UTC","October 3, 2026 at 7:50:00 PM UTC","blaze berlowitz","https://trends.google.com/trends/explore?q=blaze%20berlowitz&geo=US&hl=en-US"
"harry and meghan","2K+","October 3, 2026 at 1:00:00 AM UTC","October 3, 2026 at 4:30:00 AM UTC","harry and meghan","https://trends.google.com/trends/explore?q=harry%20and%20meghan&geo=US&hl=en-US"
"pj fleck","200+","October 7, 2026 at 10:20:00 AM UTC","October 7, 2026 at 11:30:00 AM UTC","pj fleck","https://trends.google.com/trends/explore?q=pj%20fleck&geo=US&hl=en-US"
"wolves","1K+","October 6, 2026 at 1:20:00 AM UTC","October 6, 2026 at 3:10:00 AM UTC","wolves","https://trends.google.com/trends/explore?q=wolves&geo=US&hl=en-US"
"pero antic on lebron james","1K+","October 4, 2026 at 8:20:00 AM UTC","October 4, 2026 at 12:50:00 PM UTC","pero antic on lebron james","https://trends.google.com/trends/explore?q=pero%20antic%20on%20lebron%20james&geo=US&hl=en-US"
"mirra andreeva","1K+","October 6, 2026 at 3:50:00 AM UTC","October 6, 2026 at 4:40:00 AM UTC","mirra andreeva,daria snigur","https://trends.google.com/trends/explore?q=mirra%20andreeva&geo=US&hl=en-US"
"naz reid","500+","October 6, 2026 at 11:50:00 PM UTC","October 7, 2026 at 1:10:00 AM UTC","naz reid","https://trends.google.com/trends/explore?q=naz%20reid&geo=US&hl=en-US"
"holei sea arch","2K+","October 2, 2026 at 10:10:00 PM UTC","October 3, 2026 at 1:30:00 PM UTC","holei sea arch","https://trends.google.com/trends/explore?q=holei%20sea%20arch&geo=US&hl=en-US"
"apple iphone duo","2K+","October 2, 2026 at 11:20:00 PM UTC","October 3, 2026 at 7:30:00 PM UTC","apple iphone duo","https://trends.google.com/trends/explore?q=apple%20iphone%20duo&geo=US&hl=en-US"
"chris stapleton kansas city","500+","October 7, 2026 at 1:10:00 AM UTC","October 7, 2026 at 2:30:00 AM UTC","chris stapleton kansas city","https://trends.google.com/trends/explore?q=chris%20stapleton%20kansas%20city&geo=US&hl=en-US"
"cártel de jalisco nueva generación","500+","October 6, 2026 at 6:00:00 PM UTC","October 6, 2026 at 11:00:00 PM UTC","cártel de jalisco nueva generación","https://trends.google.com/trends/explore?q=c%C3%A1rtel%20de%20jalisco%20nueva%20generaci%C3%B3n&geo=US&hl=en-US"
"qinwen zheng","500+","October 5, 2026 at 6:40:00 AM UTC","October 5, 2026 at 10:10:00 AM UTC","qinwen zheng","https://trends.google.com/trends/explore?q=qinwen%20zheng&geo=US&hl=en-US"
"abc fcc license review brendan carr","200+","October 7, 2026 at 10:10:00 AM UTC","October 7, 2026 at 12:20:00 PM UTC","abc fcc license review brendan carr","https://trends.google.com/trends/explore?q=abc%20fcc%20license%20review%20brendan%20carr&geo=US&hl=en-US"
"rashid shaheed","2K+","October 4, 2026 at 9:30:00 PM UTC","October 4, 2026 at 11:10:00 PM UTC","rashid shaheed","https://trends.google.com/trends/explore?q=rashid%20shaheed&geo=US&hl=en-US"
"naturalización","1K+","October 6, 2026 at 7:40:00 PM UTC","October 6, 2026 at 9:00:00 PM UTC","naturalización","https://trends.google.com/trends/explore?q=naturalizaci%C3%B3n&geo=US&hl=en-US"
"sean newcomb","1K+","October 5, 2026 at 9:30:00 PM UTC","October 5, 2026 at 10:50:00 PM UTC","sean newcomb","https://trends.google.com/trends/explore?q=sean%20newcomb&geo=US&hl=en-US"
"tnt","500+","October 8, 2026 at 12:10:00 AM UTC","October 8, 2026 at 12:30:00 AM UTC","tnt","https://trends.google.com/trends/explore?q=tnt&geo=US&hl=en-US"
"james wiseman","1K+","October 6, 2026 at 12:40:00 AM UTC","October 6, 2026 at 2:00:00 AM UTC","james wiseman","https://trends.google.com/trends/explore?q=james%20wiseman&geo=US&hl=en-US"
"hank brown","2K+","October 3, 2026 at 7:50:00 PM UTC","October 3, 2026 at 11:20:00 PM UTC","hank brown","https://trends.google.com/trends/explore?q=hank%20brown&geo=US&hl=en-US"
"japan open","1K+","October 4, 2026 at 5:30:00 AM UTC","October 4, 2026 at 2:50:00 PM UTC","japan open","https://trends.google.com/trends/explore?q=japan%20open&geo=US&hl=en-US"
"isaiah williams","2K+","October 4, 2026 at 7:30:00 PM UTC","October 4, 2026 at 8:50:00 PM UTC","isaiah williams","https://trends.google.com/trends/explore?q=isaiah%20williams&geo=US&hl=en-US"
"stray kids grammy boycott 2027","2K+","October 2, 2026 at 2:20:00 PM UTC","October 2, 2026 at 5:30:00 PM UTC","stray kids grammy boycott 2027","https://trends.google.com/trends/explore?q=stray%20kids%20grammy%20boycott%202027&geo=US&hl=en-US"
"cody bellinger","2K+","October 6, 2026 at 1:40:00 AM UTC","October 6, 2026 at 2:20:00 AM UTC","cody bellinger","https://trends.google.com/trends/explore?q=cody%20bellinger&geo=US&hl=en-US"
"connor hellebuyck","100+","October 8, 2026 at 7:00:00 AM UTC","October 8, 2026 at 7:20:00 AM UTC","connor hellebuyck","https://trends.google.com/trends/explore?q=connor%20hellebuyck&geo=US&hl=en-US"
"cher","500+","October 7, 2026 at 3:50:00 AM UTC","October 7, 2026 at 10:50:00 AM UTC","cher","https://trends.google.com/trends/explore?q=cher&geo=US&hl=en-US"
"hunting","1K+","October 5, 2026 at 8:20:00 PM UTC","October 5, 2026 at 10:00:00 PM UTC","hunting","https://trends.google.com/trends/explore?q=hunting&geo=US&hl=en-US"
"c.j. henderson","1K+","October 6, 2026 at 3:00:00 AM UTC","October 6, 2026 at 4:40:00 AM UTC","c.j. henderson","https://trends.google.com/trends/explore?q=c.j.%20henderson&geo=US&hl=en-US"
"sauce gardner","2K+","October 4, 2026 at 4:10:00 PM UTC","October 4, 2026 at 5:20:00 PM UTC","sauce gardner","https://trends.google.com/trends/explore?q=sauce%20gardner&geo=US&hl=en-US"
"kristen bell","2K+","October 4, 2026 at 9:00:00 PM UTC","October 5, 2026 at 2:00:00 AM UTC","kristen bell","https://trends.google.com/trends/explore?q=kristen%20bell&geo=US&hl=en-US"
"alabama weather","1K+","October 4, 2026 at 6:30:00 PM UTC","October 4, 2026 at 8:30:00 PM UTC","alabama weather","https://trends.google.com/trends/explore?q=alabama%20weather&geo=US&hl=en-US"
"jacksonville jaguars","5K+","October 4, 2026 at 8:20:00 PM UTC","October 4, 2026 at 9:20:00 PM UTC","jacksonville jaguars","https://trends.google.com/trends/explore?q=jacksonville%20jaguars&geo=US&hl=en-US"
"2027 honda civic type r","5K+","October 1, 2026 at 6:50:00 PM UTC","October 1, 2026 at 9:20:00 PM UTC","2027 honda civic type r,2027 honda civic,motor1.com","https://trends.google.com/trends/explore?q=2027%20honda%20civic%20type%20r&geo=US&hl=en-US"
"tyler adams","2K+","October 4, 2026 at 2:20:00 AM UTC","October 4, 2026 at 5:00:00 AM UTC","tyler adams","https://trends.google.com/trends/explore?q=tyler%20adams&geo=US&hl=en-US"
"jordan hawkins","1K+","October 5, 2026 at 10:00:00 PM UTC","October 5, 2026 at 11:10:00 PM UTC","jordan hawkins","https://trends.google.com/trends/explore?q=jordan%20hawkins&geo=US&hl=en-US"
"russell wilson","2K+","October 4, 2026 at 10:00:00 PM UTC","October 4, 2026 at 11:00:00 PM UTC","russell wilson","https://trends.google.com/trends/explore?q=russell%20wilson&geo=US&hl=en-US"
"samsung galaxy z fold 9","2K+","October 3, 2026 at 8:10:00 PM UTC","October 3, 2026 at 10:50:00 PM UTC","samsung galaxy z fold 9","https://trends.google.com/trends/explore?q=samsung%20galaxy%20z%20fold%209&geo=US&hl=en-US"
"devin mccuin","2K+","October 3, 2026 at 7:40:00 PM UTC","October 3, 2026 at 11:20:00 PM UTC","devin mccuin","https://trends.google.com/trends/explore?q=devin%20mccuin&geo=US&hl=en-US"
"sherrod brown","2K+","October 3, 2026 at 6:00:00 PM UTC","October 3, 2026 at 10:00:00 PM UTC","sherrod brown","https://trends.google.com/trends/explore?q=sherrod%20brown&geo=US&hl=en-US"
"hurricane rachel","2K+","October 2, 2026 at 2:50:00 AM UTC","October 2, 2026 at 7:20:00 AM UTC","hurricane rachel","https://trends.google.com/trends/explore?q=hurricane%20rachel&geo=US&hl=en-US"
"morocco vs mali","2K+","October 4, 2026 at 6:30:00 PM UTC","October 4, 2026 at 8:40:00 PM UTC","morocco vs mali","https://trends.google.com/trends/explore?q=morocco%20vs%20mali&geo=US&hl=en-US"
"rico dowdle","1K+","October 5, 2026 at 2:30:00 AM UTC","October 5, 2026 at 4:00:00 AM UTC","rico dowdle","https://trends.google.com/trends/explore?q=rico%20dowdle&geo=US&hl=en-US"
"côte d'ivoire vs cameroon","2K+","October 3, 2026 at 8:00:00 PM UTC","October 3, 2026 at 10:10:00 PM UTC","côte d'ivoire vs cameroon","https://trends.google.com/trends/explore?q=c%C3%B4te%20d%27ivoire%20vs%20cameroon&geo=US&hl=en-US"
"heisman odds","2K+","October 3, 2026 at 10:00:00 PM UTC","October 4, 2026 at 12:00:00 AM UTC","heisman odds","https://trends.google.com/trends/explore?q=heisman%20odds&geo=US&hl=en-US"
"roki sasaki","2K+","October 5, 2026 at 2:40:00 AM UTC","October 5, 2026 at 4:00:00 AM UTC","roki sasaki,sasaki dodgers","https://trends.google.com/trends/explore?q=roki%20sasaki&geo=US&hl=en-US"
"francia vs","2K+","October 2, 2026 at 7:40:00 PM UTC","October 2, 2026 at 9:50:00 PM UTC","francia vs","https://trends.google.com/trends/explore?q=francia%20vs&geo=US&hl=en-US"
"josh turek","2K+","October 3, 2026 at 8:20:00 PM UTC","October 3, 2026 at 10:50:00 PM UTC","josh turek","https://trends.google.com/trends/explore?q=josh%20turek&geo=US&hl=en-US"
"airport","2K+","October 2, 2026 at 9:00:00 AM UTC","October 2, 2026 at 1:40:00 PM UTC","airport","https://trends.google.com/trends/explore?q=airport&geo=US&hl=en-US"
"fbi cast","1K+","October 6, 2026 at 12:30:00 AM UTC","October 6, 2026 at 1:50:00 AM UTC","fbi cast","https://trends.google.com/trends/explore?q=fbi%20cast&geo=US&hl=en-US"
"ncaa football (fbs i)","5K+","October 3, 2026 at 7:30:00 PM UTC","October 3, 2026 at 8:40:00 PM UTC","ncaa football (fbs i)","https://trends.google.com/trends/explore?q=ncaa%20football%20%28fbs%20i%29&geo=US&hl=en-US"
"jadarian price","2K+","October 3, 2026 at 8:10:00 PM UTC","October 3, 2026 at 9:20:00 PM UTC","jadarian price,leonard williams","https://trends.google.com/trends/explore?q=jadarian%20price&geo=US&hl=en-US"
"mammoth vs blue jackets","2K+","October 3, 2026 at 10:40:00 PM UTC","October 4, 2026 at 12:40:00 AM UTC","mammoth vs blue jackets","https://trends.google.com/trends/explore?q=mammoth%20vs%20blue%20jackets&geo=US&hl=en-US"
"rebel wilson","1K+","October 4, 2026 at 8:00:00 PM UTC","October 4, 2026 at 11:50:00 PM UTC","rebel wilson","https://trends.google.com/trends/explore?q=rebel%20wilson&geo=US&hl=en-US"
"erika niemi jeopardy","1K+","October 5, 2026 at 11:30:00 PM UTC","October 6, 2026 at 12:40:00 AM UTC","erika niemi jeopardy","https://trends.google.com/trends/explore?q=erika%20niemi%20jeopardy&geo=US&hl=en-US"
"cc sabathia","200+","October 8, 2026 at 2:20:00 AM UTC","October 8, 2026 at 2:40:00 AM UTC","cc sabathia","https://trends.google.com/trends/explore?q=cc%20sabathia&geo=US&hl=en-US"
"girona - r.c.d. mallorca","1K+","October 4, 2026 at 6:20:00 PM UTC","October 4, 2026 at 8:10:00 PM UTC","girona - r.c.d. mallorca","https://trends.google.com/trends/explore?q=girona%20-%20r.c.d.%20mallorca&geo=US&hl=en-US"
"lanorris sellers","5K+","October 3, 2026 at 11:10:00 PM UTC","October 4, 2026 at 12:30:00 AM UTC","lanorris sellers,usc gamecocks,gamecock football","https://trends.google.com/trends/explore?q=lanorris%20sellers&geo=US&hl=en-US"
"adou thiero","500+","October 7, 2026 at 3:50:00 AM UTC","October 7, 2026 at 5:40:00 AM UTC","adou thiero","https://trends.google.com/trends/explore?q=adou%20thiero&geo=US&hl=en-US"
"phillies vs atlanta braves match player stats","5K+","October 2, 2026 at 1:40:00 AM UTC","October 2, 2026 at 3:50:00 AM UTC","phillies vs atlanta braves match player stats,what channel is the phillies game on today,where to watch phillies vs atlanta braves,phillies vs atlanta braves timeline,didier fuentes","https://trends.google.com/trends/explore?q=phillies%20vs%20atlanta%20braves%20match%20player%20stats&geo=US&hl=en-US"
"church","2K+","October 1, 2026 at 8:40:00 PM UTC","October 1, 2026 at 10:50:00 PM UTC","church","https://trends.google.com/trends/explore?q=church&geo=US&hl=en-US"
"marvel rivals patch notes","500+","October 6, 2026 at 7:20:00 PM UTC","October 6, 2026 at 9:10:00 PM UTC","marvel rivals patch notes","https://trends.google.com/trends/explore?q=marvel%20rivals%20patch%20notes&geo=US&hl=en-US"
"gma deals and steals","1K+","October 6, 2026 at 12:30:00 PM UTC","October 6, 2026 at 1:30:00 PM UTC","gma deals and steals,gma deals and steals today","https://trends.google.com/trends/explore?q=gma%20deals%20and%20steals&geo=US&hl=en-US"
"chris wright","1K+","October 4, 2026 at 11:20:00 PM UTC","October 5, 2026 at 1:00:00 AM UTC","chris wright","https://trends.google.com/trends/explore?q=chris%20wright&geo=US&hl=en-US"
"kfc","1K+","October 5, 2026 at 8:20:00 AM UTC","October 5, 2026 at 9:30:00 AM UTC","kfc","https://trends.google.com/trends/explore?q=kfc&geo=US&hl=en-US"
"benjamin bratt","1K+","October 6, 2026 at 5:30:00 PM UTC","October 6, 2026 at 6:50:00 PM UTC","benjamin bratt","https://trends.google.com/trends/explore?q=benjamin%20bratt&geo=US&hl=en-US"
"youngstown st vs southern il","2K+","October 3, 2026 at 8:40:00 PM UTC","October 3, 2026 at 10:50:00 PM UTC","youngstown st vs southern il","https://trends.google.com/trends/explore?q=youngstown%20st%20vs%20southern%20il&geo=US&hl=en-US"
"minecraft snapshot","500+","October 6, 2026 at 7:50:00 PM UTC","October 6, 2026 at 9:10:00 PM UTC","minecraft snapshot","https://trends.google.com/trends/explore?q=minecraft%20snapshot&geo=US&hl=en-US"
"malachi fields","2K+","October 4, 2026 at 6:10:00 PM UTC","October 4, 2026 at 7:30:00 PM UTC","malachi fields","https://trends.google.com/trends/explore?q=malachi%20fields&geo=US&hl=en-US"
"monique jeffries","1K+","October 4, 2026 at 3:40:00 PM UTC","October 4, 2026 at 5:50:00 PM UTC","monique jeffries","https://trends.google.com/trends/explore?q=monique%20jeffries&geo=US&hl=en-US"
"wwe smackdown results","1K+","October 3, 2026 at 10:40:00 AM UTC","October 3, 2026 at 2:20:00 PM UTC","wwe smackdown results","https://trends.google.com/trends/explore?q=wwe%20smackdown%20results&geo=US&hl=en-US"
"allison feldman","2K+","October 3, 2026 at 1:30:00 AM UTC","October 3, 2026 at 4:00:00 AM UTC","allison feldman,allison feldman arizona","https://trends.google.com/trends/explore?q=allison%20feldman&geo=US&hl=en-US"
"daphne joy","2K+","October 1, 2026 at 12:00:00 PM UTC","October 1, 2026 at 3:10:00 PM UTC","daphne joy","https://trends.google.com/trends/explore?q=daphne%20joy&geo=US&hl=en-US"
"croatie – espagne","500+","October 6, 2026 at 7:10:00 PM UTC","October 6, 2026 at 9:10:00 PM UTC","croatie – espagne","https://trends.google.com/trends/explore?q=croatie%20%E2%80%93%20espagne&geo=US&hl=en-US"
"olivia dean","2K+","October 5, 2026 at 11:40:00 AM UTC","October 5, 2026 at 1:40:00 PM UTC","olivia dean","https://trends.google.com/trends/explore?q=olivia%20dean&geo=US&hl=en-US"
"noah schnapp","1K+","October 4, 2026 at 3:00:00 AM UTC","October 4, 2026 at 7:10:00 AM UTC","noah schnapp","https://trends.google.com/trends/explore?q=noah%20schnapp&geo=US&hl=en-US"
"aliyah boston","2K+","October 2, 2026 at 1:50:00 AM UTC","October 2, 2026 at 4:30:00 AM UTC","aliyah boston","https://trends.google.com/trends/explore?q=aliyah%20boston&geo=US&hl=en-US"
"iran news","2K+","October 4, 2026 at 8:50:00 PM UTC","October 4, 2026 at 9:50:00 PM UTC","iran news","https://trends.google.com/trends/explore?q=iran%20news&geo=US&hl=en-US"
"tnt","1K+","October 6, 2026 at 12:00:00 AM UTC","October 6, 2026 at 1:10:00 AM UTC","tnt","https://trends.google.com/trends/explore?q=tnt&geo=US&hl=en-US"
"detention","2K+","October 1, 2026 at 3:50:00 PM UTC","October 1, 2026 at 6:20:00 PM UTC","detention,immigration detention","https://trends.google.com/trends/explore?q=detention&geo=US&hl=en-US"
"cardiff half marathon","1K+","October 5, 2026 at 4:00:00 PM UTC","October 5, 2026 at 5:30:00 PM UTC","cardiff half marathon","https://trends.google.com/trends/explore?q=cardiff%20half%20marathon&geo=US&hl=en-US"
"john metchie","1K+","October 5, 2026 at 1:10:00 AM UTC","October 5, 2026 at 3:20:00 AM UTC","john metchie","https://trends.google.com/trends/explore?q=john%20metchie&geo=US&hl=en-US"
"jaxon smith-njigba","2K+","October 4, 2026 at 11:20:00 PM UTC","October 5, 2026 at 12:30:00 AM UTC","jaxon smith-njigba,jaxon smith njigba","https://trends.google.com/trends/explore?q=jaxon%20smith-njigba&geo=US&hl=en-US"
"nick saban","2K+","October 2, 2026 at 10:50:00 PM UTC","October 3, 2026 at 12:20:00 AM UTC","nick saban","https://trends.google.com/trends/explore?q=nick%20saban&geo=US&hl=en-US"
"justin bieber","500+","October 5, 2026 at 9:40:00 AM UTC","October 5, 2026 at 12:20:00 PM UTC","justin bieber","https://trends.google.com/trends/explore?q=justin%20bieber&geo=US&hl=en-US"
"rasul douglas","2K+","October 4, 2026 at 2:20:00 PM UTC","October 4, 2026 at 3:40:00 PM UTC","rasul douglas,ashton dulin","https://trends.google.com/trends/explore?q=rasul%20douglas&geo=US&hl=en-US"
"steve sarkisian","2K+","October 5, 2026 at 6:30:00 PM UTC","October 5, 2026 at 7:20:00 PM UTC","steve sarkisian,holly rowe","https://trends.google.com/trends/explore?q=steve%20sarkisian&geo=US&hl=en-US"
"election contest","2K+","October 3, 2026 at 3:00:00 PM UTC","October 3, 2026 at 5:00:00 PM UTC","election contest","https://trends.google.com/trends/explore?q=election%20contest&geo=US&hl=en-US"
"avalanche","2K+","October 4, 2026 at 2:50:00 AM UTC","October 4, 2026 at 4:40:00 AM UTC","avalanche","https://trends.google.com/trends/explore?q=avalanche&geo=US&hl=en-US"
"israel vs kosovo","2K+","October 1, 2026 at 6:40:00 PM UTC","October 1, 2026 at 9:10:00 PM UTC","israel vs kosovo","https://trends.google.com/trends/explore?q=israel%20vs%20kosovo&geo=US&hl=en-US"
"joe pyfer","2K+","October 4, 2026 at 1:40:00 AM UTC","October 4, 2026 at 2:50:00 AM UTC","joe pyfer,bo nickal","https://trends.google.com/trends/explore?q=joe%20pyfer&geo=US&hl=en-US"
"true food kitchen","500+","October 6, 2026 at 10:50:00 AM UTC","October 6, 2026 at 1:00:00 PM UTC","true food kitchen","https://trends.google.com/trends/explore?q=true%20food%20kitchen&geo=US&hl=en-US"
"jonathan owens","500+","October 5, 2026 at 9:40:00 AM UTC","October 5, 2026 at 12:30:00 PM UTC","jonathan owens","https://trends.google.com/trends/explore?q=jonathan%20owens&geo=US&hl=en-US"
"marsha blackburn phone records subpoena","500+","October 6, 2026 at 9:00:00 PM UTC","October 6, 2026 at 10:10:00 PM UTC","marsha blackburn phone records subpoena","https://trends.google.com/trends/explore?q=marsha%20blackburn%20phone%20records%20subpoena&geo=US&hl=en-US"
"connor hellebuyck trade","500+","October 6, 2026 at 11:10:00 PM UTC","October 7, 2026 at 10:40:00 AM UTC","connor hellebuyck trade","https://trends.google.com/trends/explore?q=connor%20hellebuyck%20trade&geo=US&hl=en-US"
"harold perkins","1K+","October 6, 2026 at 2:40:00 AM UTC","October 6, 2026 at 3:50:00 AM UTC","harold perkins","https://trends.google.com/trends/explore?q=harold%20perkins&geo=US&hl=en-US"
"caitlin clark indiana fever nausea","2K+","October 1, 2026 at 11:00:00 PM UTC","October 2, 2026 at 1:30:00 AM UTC","caitlin clark indiana fever nausea","https://trends.google.com/trends/explore?q=caitlin%20clark%20indiana%20fever%20nausea&geo=US&hl=en-US"
"higher education school","1K+","October 4, 2026 at 3:50:00 PM UTC","October 4, 2026 at 5:50:00 PM UTC","higher education school","https://trends.google.com/trends/explore?q=higher%20education%20school&geo=US&hl=en-US"
"dominic mclaughlin","2K+","October 1, 2026 at 10:50:00 PM UTC","October 2, 2026 at 1:30:00 AM UTC","dominic mclaughlin","https://trends.google.com/trends/explore?q=dominic%20mclaughlin&geo=US&hl=en-US"
"kraken vs oilers","2K+","October 3, 2026 at 10:40:00 PM UTC","October 4, 2026 at 12:30:00 AM UTC","kraken vs oilers","https://trends.google.com/trends/explore?q=kraken%20vs%20oilers&geo=US&hl=en-US"
"billie lourd","2K+","October 2, 2026 at 2:30:00 AM UTC","October 2, 2026 at 7:50:00 AM UTC","billie lourd","https://trends.google.com/trends/explore?q=billie%20lourd&geo=US&hl=en-US"
"hbo station eleven sci fi series","1K+","October 2, 2026 at 10:00:00 AM UTC","October 2, 2026 at 2:00:00 PM UTC","hbo station eleven sci fi series","https://trends.google.com/trends/explore?q=hbo%20station%20eleven%20sci%20fi%20series&geo=US&hl=en-US"
"cole beaudoin","500+","October 6, 2026 at 11:40:00 PM UTC","October 7, 2026 at 12:40:00 AM UTC","cole beaudoin","https://trends.google.com/trends/explore?q=cole%20beaudoin&geo=US&hl=en-US"
"michael lewis","500+","October 6, 2026 at 10:00:00 PM UTC","October 6, 2026 at 10:50:00 PM UTC","michael lewis","https://trends.google.com/trends/explore?q=michael%20lewis&geo=US&hl=en-US"
"marisa howard","200+","October 7, 2026 at 9:40:00 AM UTC","October 7, 2026 at 11:30:00 AM UTC","marisa howard","https://trends.google.com/trends/explore?q=marisa%20howard&geo=US&hl=en-US"
"deshaun watson wife","2K+","October 2, 2026 at 1:30:00 AM UTC","October 2, 2026 at 4:50:00 AM UTC","deshaun watson wife","https://trends.google.com/trends/explore?q=deshaun%20watson%20wife&geo=US&hl=en-US"
"denver summit vs chicago stars","1K+","October 4, 2026 at 7:50:00 PM UTC","October 4, 2026 at 9:30:00 PM UTC","denver summit vs chicago stars","https://trends.google.com/trends/explore?q=denver%20summit%20vs%20chicago%20stars&geo=US&hl=en-US"
"jk dobbins","2K+","October 4, 2026 at 8:40:00 PM UTC","October 4, 2026 at 9:50:00 PM UTC","jk dobbins","https://trends.google.com/trends/explore?q=jk%20dobbins&geo=US&hl=en-US"
"emma stone","1K+","October 5, 2026 at 1:00:00 AM UTC","October 5, 2026 at 4:00:00 AM UTC","emma stone","https://trends.google.com/trends/explore?q=emma%20stone&geo=US&hl=en-US"
"elecciones brasil 2026","1K+","October 4, 2026 at 10:50:00 PM UTC","October 5, 2026 at 12:40:00 AM UTC","elecciones brasil 2026","https://trends.google.com/trends/explore?q=elecciones%20brasil%202026&geo=US&hl=en-US"
"jesse legree","1K+","October 4, 2026 at 1:20:00 AM UTC","October 4, 2026 at 12:20:00 PM UTC","jesse legree","https://trends.google.com/trends/explore?q=jesse%20legree&geo=US&hl=en-US"
"northern ireland vs georgia","1K+","October 5, 2026 at 7:00:00 PM UTC","October 5, 2026 at 9:10:00 PM UTC","northern ireland vs georgia","https://trends.google.com/trends/explore?q=northern%20ireland%20vs%20georgia&geo=US&hl=en-US"
"pga tour","2K+","October 1, 2026 at 1:30:00 PM UTC","October 1, 2026 at 3:20:00 PM UTC","pga tour","https://trends.google.com/trends/explore?q=pga%20tour&geo=US&hl=en-US"
"byrum brown","1K+","October 3, 2026 at 8:50:00 PM UTC","October 3, 2026 at 11:30:00 PM UTC","byrum brown","https://trends.google.com/trends/explore?q=byrum%20brown&geo=US&hl=en-US"
"mason marchment","2K+","October 2, 2026 at 2:40:00 AM UTC","October 2, 2026 at 5:10:00 AM UTC","mason marchment","https://trends.google.com/trends/explore?q=mason%20marchment&geo=US&hl=en-US"
"uofa football","1K+","October 4, 2026 at 3:50:00 AM UTC","October 4, 2026 at 7:00:00 AM UTC","uofa football","https://trends.google.com/trends/explore?q=uofa%20football&geo=US&hl=en-US"
"honduras vs. jamaica","500+","October 6, 2026 at 3:30:00 AM UTC","October 6, 2026 at 4:50:00 AM UTC","honduras vs. jamaica","https://trends.google.com/trends/explore?q=honduras%20vs.%20jamaica&geo=US&hl=en-US"
"kelsey mitchell","2K+","October 2, 2026 at 2:10:00 AM UTC","October 2, 2026 at 4:40:00 AM UTC","kelsey mitchell","https://trends.google.com/trends/explore?q=kelsey%20mitchell&geo=US&hl=en-US"
"inundación","1K+","October 4, 2026 at 9:50:00 PM UTC","October 4, 2026 at 11:20:00 PM UTC","inundación","https://trends.google.com/trends/explore?q=inundaci%C3%B3n&geo=US&hl=en-US"
"belgium vs turkey","2K+","October 2, 2026 at 7:00:00 PM UTC","October 2, 2026 at 9:20:00 PM UTC","belgium vs turkey","https://trends.google.com/trends/explore?q=belgium%20vs%20turkey&geo=US&hl=en-US"
"nrl","1K+","October 4, 2026 at 8:50:00 AM UTC","October 4, 2026 at 11:40:00 AM UTC","nrl,nrl grand final","https://trends.google.com/trends/explore?q=nrl&geo=US&hl=en-US"
"concacaf nations league","5K+","October 2, 2026 at 1:50:00 AM UTC","October 2, 2026 at 3:10:00 AM UTC","concacaf nations league","https://trends.google.com/trends/explore?q=concacaf%20nations%20league&geo=US&hl=en-US"
"mateo chavez","2K+","October 4, 2026 at 3:30:00 AM UTC","October 4, 2026 at 5:00:00 AM UTC","mateo chavez","https://trends.google.com/trends/explore?q=mateo%20chavez&geo=US&hl=en-US"
"cam whitmore","200+","October 7, 2026 at 4:00:00 AM UTC","October 7, 2026 at 5:50:00 AM UTC","cam whitmore","https://trends.google.com/trends/explore?q=cam%20whitmore&geo=US&hl=en-US"
"jacob rodriguez","1K+","October 4, 2026 at 10:30:00 PM UTC","October 4, 2026 at 11:40:00 PM UTC","jacob rodriguez","https://trends.google.com/trends/explore?q=jacob%20rodriguez&geo=US&hl=en-US"
"coinbase","500+","October 7, 2026 at 10:10:00 PM UTC","October 7, 2026 at 10:30:00 PM UTC","coinbase","https://trends.google.com/trends/explore?q=coinbase&geo=US&hl=en-US"
"christian gonzalez","1K+","October 4, 2026 at 5:20:00 PM UTC","October 4, 2026 at 8:30:00 PM UTC","christian gonzalez","https://trends.google.com/trends/explore?q=christian%20gonzalez&geo=US&hl=en-US"
"martha maccallum","1K+","October 7, 2026 at 3:00:00 PM UTC","October 7, 2026 at 3:30:00 PM UTC","martha maccallum,abdul el-sayed","https://trends.google.com/trends/explore?q=martha%20maccallum&geo=US&hl=en-US"
"rey mysterio","1K+","October 6, 2026 at 1:20:00 AM UTC","October 6, 2026 at 2:40:00 AM UTC","rey mysterio","https://trends.google.com/trends/explore?q=rey%20mysterio&geo=US&hl=en-US"
"mahomes","2K+","October 4, 2026 at 11:40:00 PM UTC","October 5, 2026 at 12:50:00 AM UTC","mahomes,nfl records","https://trends.google.com/trends/explore?q=mahomes&geo=US&hl=en-US"
"how far along is witney carson","500+","October 7, 2026 at 1:00:00 AM UTC","October 7, 2026 at 2:10:00 AM UTC","how far along is witney carson","https://trends.google.com/trends/explore?q=how%20far%20along%20is%20witney%20carson&geo=US&hl=en-US"
"greece national football team vs netherlands national football team standings","2K+","October 1, 2026 at 9:00:00 PM UTC","October 1, 2026 at 10:50:00 PM UTC","greece national football team vs netherlands national football team standings","https://trends.google.com/trends/explore?q=greece%20national%20football%20team%20vs%20netherlands%20national%20football%20team%20standings&geo=US&hl=en-US"
"jack pearadin yellow diamond discovery","200+","October 7, 2026 at 3:00:00 PM UTC","October 7, 2026 at 3:50:00 PM UTC","jack pearadin yellow diamond discovery","https://trends.google.com/trends/explore?q=jack%20pearadin%20yellow%20diamond%20discovery&geo=US&hl=en-US"
"chris mañon","500+","October 6, 2026 at 5:30:00 AM UTC","October 6, 2026 at 7:20:00 AM UTC","chris mañon","https://trends.google.com/trends/explore?q=chris%20ma%C3%B1on&geo=US&hl=en-US"
"department of treasury","1K+","October 5, 2026 at 12:10:00 PM UTC","October 5, 2026 at 1:30:00 PM UTC","department of treasury","https://trends.google.com/trends/explore?q=department%20of%20treasury&geo=US&hl=en-US"
"sharks game","1K+","October 4, 2026 at 3:50:00 AM UTC","October 4, 2026 at 6:00:00 AM UTC","sharks game","https://trends.google.com/trends/explore?q=sharks%20game&geo=US&hl=en-US"
"hulu","5K+","October 4, 2026 at 5:20:00 PM UTC","October 4, 2026 at 6:10:00 PM UTC","hulu","https://trends.google.com/trends/explore?q=hulu&geo=US&hl=en-US"
"jonathan david","500+","October 7, 2026 at 1:20:00 AM UTC","October 7, 2026 at 2:30:00 AM UTC","jonathan david","https://trends.google.com/trends/explore?q=jonathan%20david&geo=US&hl=en-US"
"sean tucker","1K+","October 4, 2026 at 5:50:00 PM UTC","October 4, 2026 at 7:10:00 PM UTC","sean tucker","https://trends.google.com/trends/explore?q=sean%20tucker&geo=US&hl=en-US"
"athens","1K+","October 2, 2026 at 10:00:00 AM UTC","October 2, 2026 at 1:50:00 PM UTC","athens","https://trends.google.com/trends/explore?q=athens&geo=US&hl=en-US"
"raw results","1K+","October 6, 2026 at 8:50:00 AM UTC","October 6, 2026 at 10:50:00 AM UTC","raw results,wwe raw october 5, 2026,wwe raw results","https://trends.google.com/trends/explore?q=raw%20results&geo=US&hl=en-US"
"chelsea gray","2K+","October 2, 2026 at 3:00:00 AM UTC","October 2, 2026 at 4:50:00 AM UTC","chelsea gray","https://trends.google.com/trends/explore?q=chelsea%20gray&geo=US&hl=en-US"
"sling day pass","2K+","October 3, 2026 at 4:00:00 PM UTC","October 3, 2026 at 8:20:00 PM UTC","sling day pass","https://trends.google.com/trends/explore?q=sling%20day%20pass&geo=US&hl=en-US"
"david blough","1K+","October 4, 2026 at 1:50:00 PM UTC","October 4, 2026 at 3:40:00 PM UTC","david blough","https://trends.google.com/trends/explore?q=david%20blough&geo=US&hl=en-US"
"dolar hoje","1K+","October 5, 2026 at 1:20:00 PM UTC","October 5, 2026 at 3:10:00 PM UTC","dolar hoje","https://trends.google.com/trends/explore?q=dolar%20hoje&geo=US&hl=en-US"
"llaneros - américa","1K+","October 5, 2026 at 1:10:00 AM UTC","October 5, 2026 at 2:40:00 AM UTC","llaneros - américa","https://trends.google.com/trends/explore?q=llaneros%20-%20am%C3%A9rica&geo=US&hl=en-US"
"milania giudice","2K+","October 3, 2026 at 10:30:00 PM UTC","October 3, 2026 at 11:40:00 PM UTC","milania giudice","https://trends.google.com/trends/explore?q=milania%20giudice&geo=US&hl=en-US"
"nfc south standings","500+","October 6, 2026 at 4:00:00 AM UTC","October 6, 2026 at 11:20:00 AM UTC","nfc south standings","https://trends.google.com/trends/explore?q=nfc%20south%20standings&geo=US&hl=en-US"
"andrew mountbatten-windsor","500+","October 5, 2026 at 10:20:00 AM UTC","October 5, 2026 at 12:40:00 PM UTC","andrew mountbatten-windsor","https://trends.google.com/trends/explore?q=andrew%20mountbatten-windsor&geo=US&hl=en-US"
"san diego wave vs orlando pride","2K+","October 2, 2026 at 11:40:00 PM UTC","October 3, 2026 at 1:30:00 AM UTC","san diego wave vs orlando pride","https://trends.google.com/trends/explore?q=san%20diego%20wave%20vs%20orlando%20pride&geo=US&hl=en-US"
"argentine – bénin","500+","October 6, 2026 at 10:50:00 PM UTC","October 7, 2026 at 12:00:00 AM UTC","argentine – bénin","https://trends.google.com/trends/explore?q=argentine%20%E2%80%93%20b%C3%A9nin&geo=US&hl=en-US"
"bruce blakeman","200+","October 7, 2026 at 11:10:00 AM UTC","October 7, 2026 at 12:20:00 PM UTC","bruce blakeman","https://trends.google.com/trends/explore?q=bruce%20blakeman&geo=US&hl=en-US"
"arthur fils","500+","October 4, 2026 at 7:40:00 AM UTC","October 4, 2026 at 10:50:00 AM UTC","arthur fils","https://trends.google.com/trends/explore?q=arthur%20fils&geo=US&hl=en-US"
"portugal vs. noruega","1K+","October 4, 2026 at 7:20:00 PM UTC","October 4, 2026 at 9:20:00 PM UTC","portugal vs. noruega","https://trends.google.com/trends/explore?q=portugal%20vs.%20noruega&geo=US&hl=en-US"
"doj minnesota judges misconduct complaint","2K+","October 2, 2026 at 9:40:00 PM UTC","October 2, 2026 at 11:50:00 PM UTC","doj minnesota judges misconduct complaint","https://trends.google.com/trends/explore?q=doj%20minnesota%20judges%20misconduct%20complaint&geo=US&hl=en-US"
"jack hughes","2K+","October 2, 2026 at 1:50:00 AM UTC","October 2, 2026 at 11:30:00 AM UTC","jack hughes,jack hughes interview","https://trends.google.com/trends/explore?q=jack%20hughes&geo=US&hl=en-US"
"mike tomlin minecraft","2K+","October 5, 2026 at 2:00:00 AM UTC","October 5, 2026 at 2:40:00 AM UTC","mike tomlin minecraft,mike tomlin minecraft city","https://trends.google.com/trends/explore?q=mike%20tomlin%20minecraft&geo=US&hl=en-US"
"fitness","1K+","October 6, 2026 at 12:00:00 PM UTC","October 6, 2026 at 12:30:00 PM UTC","fitness","https://trends.google.com/trends/explore?q=fitness&geo=US&hl=en-US"
"witney carson pregnant","500+","October 7, 2026 at 1:10:00 AM UTC","October 7, 2026 at 2:10:00 AM UTC","witney carson pregnant","https://trends.google.com/trends/explore?q=witney%20carson%20pregnant&geo=US&hl=en-US"
"xrp","200+","October 7, 2026 at 8:50:00 AM UTC","October 7, 2026 at 10:00:00 AM UTC","xrp","https://trends.google.com/trends/explore?q=xrp&geo=US&hl=en-US"
"robert lewandowski","200+","October 7, 2026 at 2:40:00 AM UTC","October 7, 2026 at 3:50:00 AM UTC","robert lewandowski","https://trends.google.com/trends/explore?q=robert%20lewandowski&geo=US&hl=en-US"
"jillian michaels","1K+","October 5, 2026 at 11:40:00 PM UTC","October 6, 2026 at 12:40:00 AM UTC","jillian michaels","https://trends.google.com/trends/explore?q=jillian%20michaels&geo=US&hl=en-US"
"artificial intelligence","1K+","October 5, 2026 at 8:50:00 PM UTC","October 5, 2026 at 10:00:00 PM UTC","artificial intelligence","https://trends.google.com/trends/explore?q=artificial%20intelligence&geo=US&hl=en-US"
"kp","500+","October 6, 2026 at 4:20:00 PM UTC","October 6, 2026 at 5:30:00 PM UTC","kp","https://trends.google.com/trends/explore?q=kp&geo=US&hl=en-US"
"dalen terry","200+","October 7, 2026 at 4:40:00 AM UTC","October 7, 2026 at 5:50:00 AM UTC","dalen terry","https://trends.google.com/trends/explore?q=dalen%20terry&geo=US&hl=en-US"
"lakeeta vaccaro hill","500+","October 7, 2026 at 2:30:00 AM UTC","October 7, 2026 at 3:40:00 AM UTC","lakeeta vaccaro hill,tyreek hill wife","https://trends.google.com/trends/explore?q=lakeeta%20vaccaro%20hill&geo=US&hl=en-US"
"inde – brésil","1K+","October 3, 2026 at 2:10:00 PM UTC","October 3, 2026 at 4:50:00 PM UTC","inde – brésil","https://trends.google.com/trends/explore?q=inde%20%E2%80%93%20br%C3%A9sil&geo=US&hl=en-US"
"oj simpson","2K+","October 2, 2026 at 11:30:00 AM UTC","October 2, 2026 at 11:50:00 PM UTC","oj simpson","https://trends.google.com/trends/explore?q=oj%20simpson&geo=US&hl=en-US"
"한국 대 베네수엘라","2K+","October 2, 2026 at 10:30:00 AM UTC","October 2, 2026 at 1:00:00 PM UTC","한국 대 베네수엘라","https://trends.google.com/trends/explore?q=%ED%95%9C%EA%B5%AD%20%EB%8C%80%20%EB%B2%A0%EB%84%A4%EC%88%98%EC%97%98%EB%9D%BC&geo=US&hl=en-US"
"ryan day","1K+","October 3, 2026 at 1:50:00 PM UTC","October 3, 2026 at 9:30:00 PM UTC","ryan day","https://trends.google.com/trends/explore?q=ryan%20day&geo=US&hl=en-US"
"kim kardashian five years single","1K+","October 3, 2026 at 1:00:00 PM UTC","October 3, 2026 at 3:40:00 PM UTC","kim kardashian five years single","https://trends.google.com/trends/explore?q=kim%20kardashian%20five%20years%20single&geo=US&hl=en-US"
"tv guide","1K+","October 5, 2026 at 11:50:00 PM UTC","October 6, 2026 at 1:00:00 AM UTC","tv guide","https://trends.google.com/trends/explore?q=tv%20guide&geo=US&hl=en-US"
"quay walker","1K+","October 4, 2026 at 9:30:00 PM UTC","October 4, 2026 at 10:40:00 PM UTC","quay walker","https://trends.google.com/trends/explore?q=quay%20walker&geo=US&hl=en-US"
"travel","1K+","October 6, 2026 at 12:00:00 PM UTC","October 6, 2026 at 12:30:00 PM UTC","travel","https://trends.google.com/trends/explore?q=travel&geo=US&hl=en-US"
"grant holmes","1K+","October 5, 2026 at 1:20:00 AM UTC","October 5, 2026 at 2:30:00 AM UTC","grant holmes","https://trends.google.com/trends/explore?q=grant%20holmes&geo=US&hl=en-US"
"swimming","1K+","October 6, 2026 at 12:00:00 PM UTC","October 6, 2026 at 12:30:00 PM UTC","swimming","https://trends.google.com/trends/explore?q=swimming&geo=US&hl=en-US"
"ted cruz responds to jd vance","1K+","October 4, 2026 at 11:40:00 PM UTC","October 5, 2026 at 1:00:00 AM UTC","ted cruz responds to jd vance","https://trends.google.com/trends/explore?q=ted%20cruz%20responds%20to%20jd%20vance&geo=US&hl=en-US"
"franco mastantuono","500+","October 7, 2026 at 1:20:00 AM UTC","October 7, 2026 at 2:20:00 AM UTC","franco mastantuono","https://trends.google.com/trends/explore?q=franco%20mastantuono&geo=US&hl=en-US"
"malaysia","500+","October 4, 2026 at 6:50:00 AM UTC","October 4, 2026 at 11:00:00 AM UTC","malaysia","https://trends.google.com/trends/explore?q=malaysia&geo=US&hl=en-US"
"sarah harris story","1K+","October 4, 2026 at 12:30:00 AM UTC","October 4, 2026 at 2:20:00 AM UTC","sarah harris story","https://trends.google.com/trends/explore?q=sarah%20harris%20story&geo=US&hl=en-US"
"baseball games today","2K+","October 2, 2026 at 11:40:00 PM UTC","October 3, 2026 at 1:00:00 AM UTC","baseball games today","https://trends.google.com/trends/explore?q=baseball%20games%20today&geo=US&hl=en-US"
"anthony richardson","1K+","October 4, 2026 at 2:20:00 PM UTC","October 4, 2026 at 4:00:00 PM UTC","anthony richardson","https://trends.google.com/trends/explore?q=anthony%20richardson&geo=US&hl=en-US"
"vgk","200+","October 7, 2026 at 3:40:00 AM UTC","October 7, 2026 at 4:30:00 AM UTC","vgk","https://trends.google.com/trends/explore?q=vgk&geo=US&hl=en-US"
"keanu carver","1K+","October 5, 2026 at 4:40:00 PM UTC","October 5, 2026 at 5:50:00 PM UTC","keanu carver","https://trends.google.com/trends/explore?q=keanu%20carver&geo=US&hl=en-US"
"tatyana ali post","500+","October 7, 2026 at 1:50:00 AM UTC","October 7, 2026 at 2:30:00 AM UTC","tatyana ali post,tatyana ali dancing with the stars","https://trends.google.com/trends/explore?q=tatyana%20ali%20post&geo=US&hl=en-US"
"southern university football","2K+","October 4, 2026 at 1:50:00 AM UTC","October 4, 2026 at 3:30:00 AM UTC","southern university football","https://trends.google.com/trends/explore?q=southern%20university%20football&geo=US&hl=en-US"
"grandmas marathon 2027","2K+","October 1, 2026 at 11:40:00 PM UTC","October 2, 2026 at 1:30:00 AM UTC","grandmas marathon 2027","https://trends.google.com/trends/explore?q=grandmas%20marathon%202027&geo=US&hl=en-US"
"ss richard montgomery masts removed","2K+","October 1, 2026 at 2:40:00 PM UTC","October 1, 2026 at 5:00:00 PM UTC","ss richard montgomery masts removed","https://trends.google.com/trends/explore?q=ss%20richard%20montgomery%20masts%20removed&geo=US&hl=en-US"
"anthony mackie","1K+","October 6, 2026 at 12:10:00 AM UTC","October 6, 2026 at 1:10:00 AM UTC","anthony mackie","https://trends.google.com/trends/explore?q=anthony%20mackie&geo=US&hl=en-US"
"derrick henry stats","1K+","October 4, 2026 at 4:50:00 PM UTC","October 4, 2026 at 8:10:00 PM UTC","derrick henry stats","https://trends.google.com/trends/explore?q=derrick%20henry%20stats&geo=US&hl=en-US"
"ryan coleman williams","2K+","October 3, 2026 at 4:20:00 PM UTC","October 3, 2026 at 6:40:00 PM UTC","ryan coleman williams,ryan williams","https://trends.google.com/trends/explore?q=ryan%20coleman%20williams&geo=US&hl=en-US"
"big papi","500+","October 7, 2026 at 1:20:00 AM UTC","October 7, 2026 at 2:20:00 AM UTC","big papi","https://trends.google.com/trends/explore?q=big%20papi&geo=US&hl=en-US"
"abner uribe","2K+","October 4, 2026 at 3:00:00 AM UTC","October 4, 2026 at 4:10:00 AM UTC","abner uribe,fernando tatis jr","https://trends.google.com/trends/explore?q=abner%20uribe&geo=US&hl=en-US"
"portland trail blazers","1K+","October 2, 2026 at 6:50:00 AM UTC","October 2, 2026 at 10:50:00 AM UTC","portland trail blazers","https://trends.google.com/trends/explore?q=portland%20trail%20blazers&geo=US&hl=en-US"
"spencer shrader","1K+","October 4, 2026 at 2:50:00 PM UTC","October 4, 2026 at 4:50:00 PM UTC","spencer shrader","https://trends.google.com/trends/explore?q=spencer%20shrader&geo=US&hl=en-US"
"sonny styles","1K+","October 4, 2026 at 2:20:00 PM UTC","October 4, 2026 at 4:30:00 PM UTC","sonny styles","https://trends.google.com/trends/explore?q=sonny%20styles&geo=US&hl=en-US"
"dallas cowboys schedule","5K+","October 4, 2026 at 8:40:00 PM UTC","October 4, 2026 at 9:20:00 PM UTC","dallas cowboys schedule,5","https://trends.google.com/trends/explore?q=dallas%20cowboys%20schedule&geo=US&hl=en-US"
"paul goldschmidt","1K+","October 6, 2026 at 3:00:00 AM UTC","October 6, 2026 at 3:50:00 AM UTC","paul goldschmidt","https://trends.google.com/trends/explore?q=paul%20goldschmidt&geo=US&hl=en-US"
"suiza - eslovenia","1K+","October 3, 2026 at 6:40:00 PM UTC","October 3, 2026 at 8:10:00 PM UTC","suiza - eslovenia","https://trends.google.com/trends/explore?q=suiza%20-%20eslovenia&geo=US&hl=en-US"
"renaissance festival","1K+","October 3, 2026 at 1:10:00 PM UTC","October 3, 2026 at 3:30:00 PM UTC","renaissance festival","https://trends.google.com/trends/explore?q=renaissance%20festival&geo=US&hl=en-US"
"roberto alvarado","1K+","October 4, 2026 at 2:20:00 AM UTC","October 4, 2026 at 4:30:00 AM UTC","roberto alvarado","https://trends.google.com/trends/explore?q=roberto%20alvarado&geo=US&hl=en-US"
"extrema derecha","1K+","October 2, 2026 at 6:50:00 PM UTC","October 2, 2026 at 9:00:00 PM UTC","extrema derecha","https://trends.google.com/trends/explore?q=extrema%20derecha&geo=US&hl=en-US"
"exoplanets","200+","October 6, 2026 at 7:00:00 AM UTC","October 6, 2026 at 9:00:00 AM UTC","exoplanets","https://trends.google.com/trends/explore?q=exoplanets&geo=US&hl=en-US"
"ryan rollins","500+","October 6, 2026 at 2:10:00 AM UTC","October 6, 2026 at 3:10:00 AM UTC","ryan rollins","https://trends.google.com/trends/explore?q=ryan%20rollins&geo=US&hl=en-US"
"jennifer hudson","1K+","October 6, 2026 at 4:40:00 AM UTC","October 6, 2026 at 3:10:00 PM UTC","jennifer hudson","https://trends.google.com/trends/explore?q=jennifer%20hudson&geo=US&hl=en-US"
"omarion hampton","2K+","October 4, 2026 at 11:00:00 PM UTC","October 5, 2026 at 12:10:00 AM UTC","omarion hampton","https://trends.google.com/trends/explore?q=omarion%20hampton&geo=US&hl=en-US"
"artificial intelligence news","500+","October 3, 2026 at 9:10:00 AM UTC","October 3, 2026 at 12:20:00 PM UTC","artificial intelligence news","https://trends.google.com/trends/explore?q=artificial%20intelligence%20news&geo=US&hl=en-US"
"carnegie mellon","2K+","October 3, 2026 at 10:50:00 PM UTC","October 4, 2026 at 12:00:00 AM UTC","carnegie mellon,carnegie mellon university","https://trends.google.com/trends/explore?q=carnegie%20mellon&geo=US&hl=en-US"
"boston celtics","200+","October 7, 2026 at 10:10:00 AM UTC","October 7, 2026 at 11:30:00 AM UTC","boston celtics","https://trends.google.com/trends/explore?q=boston%20celtics&geo=US&hl=en-US"
"gibbs","1K+","October 5, 2026 at 1:30:00 AM UTC","October 5, 2026 at 2:40:00 AM UTC","gibbs","https://trends.google.com/trends/explore?q=gibbs&geo=US&hl=en-US"
"honduras national football team","500+","October 6, 2026 at 3:30:00 AM UTC","October 6, 2026 at 4:40:00 AM UTC","honduras national football team","https://trends.google.com/trends/explore?q=honduras%20national%20football%20team&geo=US&hl=en-US"
"tanner scott","2K+","October 3, 2026 at 10:40:00 PM UTC","October 4, 2026 at 12:00:00 AM UTC","tanner scott","https://trends.google.com/trends/explore?q=tanner%20scott&geo=US&hl=en-US"
"fred tanzer","2K+","October 3, 2026 at 2:20:00 AM UTC","October 3, 2026 at 3:50:00 AM UTC","fred tanzer,dateline tonight,dana beatty","https://trends.google.com/trends/explore?q=fred%20tanzer&geo=US&hl=en-US"
"glenn close","500+","October 5, 2026 at 11:00:00 PM UTC","October 6, 2026 at 12:00:00 AM UTC","glenn close","https://trends.google.com/trends/explore?q=glenn%20close&geo=US&hl=en-US"
"ohio powerball winners sept 30","2K+","October 1, 2026 at 1:00:00 PM UTC","October 1, 2026 at 3:20:00 PM UTC","ohio powerball winners sept 30","https://trends.google.com/trends/explore?q=ohio%20powerball%20winners%20sept%2030&geo=US&hl=en-US"
"cybersecurity tips","1K+","October 3, 2026 at 9:10:00 AM UTC","October 3, 2026 at 12:00:00 PM UTC","cybersecurity tips","https://trends.google.com/trends/explore?q=cybersecurity%20tips&geo=US&hl=en-US"
"landon jackson","1K+","October 4, 2026 at 7:20:00 PM UTC","October 4, 2026 at 8:30:00 PM UTC","landon jackson","https://trends.google.com/trends/explore?q=landon%20jackson&geo=US&hl=en-US"
"giancarlo stanton","1K+","October 4, 2026 at 1:00:00 AM UTC","October 4, 2026 at 2:10:00 AM UTC","giancarlo stanton","https://trends.google.com/trends/explore?q=giancarlo%20stanton&geo=US&hl=en-US"
"data center","200+","October 6, 2026 at 10:20:00 AM UTC","October 6, 2026 at 11:40:00 AM UTC","data center","https://trends.google.com/trends/explore?q=data%20center&geo=US&hl=en-US"
"dustin harris","500+","October 7, 2026 at 2:50:00 AM UTC","October 7, 2026 at 3:20:00 AM UTC","dustin harris","https://trends.google.com/trends/explore?q=dustin%20harris&geo=US&hl=en-US"
"dan cox","500+","October 6, 2026 at 11:40:00 PM UTC","October 7, 2026 at 12:40:00 AM UTC","dan cox","https://trends.google.com/trends/explore?q=dan%20cox&geo=US&hl=en-US"
"telemundo","1K+","October 4, 2026 at 2:00:00 AM UTC","October 4, 2026 at 3:30:00 AM UTC","telemundo","https://trends.google.com/trends/explore?q=telemundo&geo=US&hl=en-US"
"jo adell","500+","October 6, 2026 at 12:00:00 AM UTC","October 6, 2026 at 1:00:00 AM UTC","jo adell","https://trends.google.com/trends/explore?q=jo%20adell&geo=US&hl=en-US"
"tory horton","1K+","October 4, 2026 at 10:20:00 PM UTC","October 4, 2026 at 11:30:00 PM UTC","tory horton","https://trends.google.com/trends/explore?q=tory%20horton&geo=US&hl=en-US"
"mike yastrzemski","2K+","October 2, 2026 at 12:30:00 AM UTC","October 2, 2026 at 2:30:00 AM UTC","mike yastrzemski","https://trends.google.com/trends/explore?q=mike%20yastrzemski&geo=US&hl=en-US"
"eddie osbourne","1K+","October 3, 2026 at 10:50:00 PM UTC","October 4, 2026 at 12:30:00 PM UTC","eddie osbourne","https://trends.google.com/trends/explore?q=eddie%20osbourne&geo=US&hl=en-US"
"heidi klum","500+","October 4, 2026 at 3:20:00 AM UTC","October 4, 2026 at 11:30:00 AM UTC","heidi klum","https://trends.google.com/trends/explore?q=heidi%20klum&geo=US&hl=en-US"
"eagles depth chart","1K+","October 4, 2026 at 5:10:00 PM UTC","October 4, 2026 at 6:20:00 PM UTC","eagles depth chart","https://trends.google.com/trends/explore?q=eagles%20depth%20chart&geo=US&hl=en-US"
"kennedy center honors capital one arena","1K+","October 3, 2026 at 10:40:00 AM UTC","October 3, 2026 at 1:00:00 PM UTC","kennedy center honors capital one arena","https://trends.google.com/trends/explore?q=kennedy%20center%20honors%20capital%20one%20arena&geo=US&hl=en-US"
"mercer vs vmi","1K+","October 3, 2026 at 5:20:00 PM UTC","October 3, 2026 at 7:00:00 PM UTC","mercer vs vmi","https://trends.google.com/trends/explore?q=mercer%20vs%20vmi&geo=US&hl=en-US"
"2027","1K+","October 3, 2026 at 7:40:00 PM UTC","October 3, 2026 at 9:00:00 PM UTC","2027,glastonbury tickets","https://trends.google.com/trends/explore?q=2027&geo=US&hl=en-US"
"malta vs andorra","1K+","October 4, 2026 at 4:00:00 PM UTC","October 4, 2026 at 5:40:00 PM UTC","malta vs andorra","https://trends.google.com/trends/explore?q=malta%20vs%20andorra&geo=US&hl=en-US"
"poaching","200+","October 6, 2026 at 9:30:00 PM UTC","October 6, 2026 at 10:40:00 PM UTC","poaching","https://trends.google.com/trends/explore?q=poaching&geo=US&hl=en-US"
"uefa nations league schedule","2K+","October 1, 2026 at 7:10:00 PM UTC","October 1, 2026 at 9:00:00 PM UTC","uefa nations league schedule","https://trends.google.com/trends/explore?q=uefa%20nations%20league%20schedule&geo=US&hl=en-US"
"the pentagon","2K+","October 2, 2026 at 9:50:00 PM UTC","October 2, 2026 at 11:30:00 PM UTC","the pentagon","https://trends.google.com/trends/explore?q=the%20pentagon&geo=US&hl=en-US"
"lol patch notes 26.20","200+","October 6, 2026 at 11:30:00 PM UTC","October 7, 2026 at 12:30:00 AM UTC","lol patch notes 26.20","https://trends.google.com/trends/explore?q=lol%20patch%20notes%2026.20&geo=US&hl=en-US"
"lola vice","500+","October 6, 2026 at 1:10:00 AM UTC","October 6, 2026 at 2:00:00 AM UTC","lola vice","https://trends.google.com/trends/explore?q=lola%20vice&geo=US&hl=en-US"
"ai games","1K+","October 3, 2026 at 10:50:00 PM UTC","October 4, 2026 at 12:20:00 AM UTC","ai games","https://trends.google.com/trends/explore?q=ai%20games&geo=US&hl=en-US"
"jd vance remarks angie nixon","1K+","October 4, 2026 at 10:50:00 PM UTC","October 5, 2026 at 12:00:00 AM UTC","jd vance remarks angie nixon,angie nixon","https://trends.google.com/trends/explore?q=jd%20vance%20remarks%20angie%20nixon&geo=US&hl=en-US"
"wsb-tv","200+","October 6, 2026 at 11:00:00 PM UTC","October 7, 2026 at 12:00:00 AM UTC","wsb-tv","https://trends.google.com/trends/explore?q=wsb-tv&geo=US&hl=en-US"
"colin jost","1K+","October 4, 2026 at 4:20:00 AM UTC","October 4, 2026 at 5:50:00 AM UTC","colin jost","https://trends.google.com/trends/explore?q=colin%20jost&geo=US&hl=en-US"
"najee harris","1K+","October 4, 2026 at 6:00:00 PM UTC","October 4, 2026 at 8:10:00 PM UTC","najee harris","https://trends.google.com/trends/explore?q=najee%20harris&geo=US&hl=en-US"
"spcx stock price","1K+","October 5, 2026 at 2:00:00 PM UTC","October 5, 2026 at 3:00:00 PM UTC","spcx stock price,spacex stock price","https://trends.google.com/trends/explore?q=spcx%20stock%20price&geo=US&hl=en-US"
"wayne rooney","1K+","October 4, 2026 at 4:00:00 PM UTC","October 4, 2026 at 5:10:00 PM UTC","wayne rooney","https://trends.google.com/trends/explore?q=wayne%20rooney&geo=US&hl=en-US"
"storm","500+","October 4, 2026 at 9:20:00 AM UTC","October 4, 2026 at 11:40:00 AM UTC","storm","https://trends.google.com/trends/explore?q=storm&geo=US&hl=en-US"
"north carolina courage vs seattle reign fc","1K+","October 3, 2026 at 2:00:00 AM UTC","October 3, 2026 at 4:20:00 AM UTC","north carolina courage vs seattle reign fc","https://trends.google.com/trends/explore?q=north%20carolina%20courage%20vs%20seattle%20reign%20fc&geo=US&hl=en-US"
"nikola bartunkova","1K+","October 4, 2026 at 4:00:00 AM UTC","October 4, 2026 at 5:40:00 AM UTC","nikola bartunkova","https://trends.google.com/trends/explore?q=nikola%20bartunkova&geo=US&hl=en-US"
"appletv","500+","October 4, 2026 at 6:50:00 AM UTC","October 4, 2026 at 8:50:00 AM UTC","appletv","https://trends.google.com/trends/explore?q=appletv&geo=US&hl=en-US"
"kalshi","2K+","October 5, 2026 at 12:40:00 AM UTC","October 5, 2026 at 1:50:00 AM UTC","kalshi","https://trends.google.com/trends/explore?q=kalshi&geo=US&hl=en-US"
"zion williamson","500+","October 7, 2026 at 1:00:00 AM UTC","October 7, 2026 at 1:30:00 AM UTC","zion williamson","https://trends.google.com/trends/explore?q=zion%20williamson&geo=US&hl=en-US"
"devonta smith","2K+","October 1, 2026 at 11:20:00 PM UTC","October 2, 2026 at 12:20:00 AM UTC","devonta smith,eagles injury report","https://trends.google.com/trends/explore?q=devonta%20smith&geo=US&hl=en-US"
"jaime faria","200+","October 7, 2026 at 5:20:00 AM UTC","October 7, 2026 at 6:10:00 AM UTC","jaime faria","https://trends.google.com/trends/explore?q=jaime%20faria&geo=US&hl=en-US"
"날씨","1K+","October 4, 2026 at 11:20:00 AM UTC","October 4, 2026 at 1:30:00 PM UTC","날씨","https://trends.google.com/trends/explore?q=%EB%82%A0%EC%94%A8&geo=US&hl=en-US"
"juice scruggs","1K+","October 5, 2026 at 12:20:00 AM UTC","October 5, 2026 at 1:30:00 AM UTC","juice scruggs","https://trends.google.com/trends/explore?q=juice%20scruggs&geo=US&hl=en-US"
"anthropic claude frontier academy training","2K+","October 3, 2026 at 12:20:00 AM UTC","October 3, 2026 at 1:50:00 AM UTC","anthropic claude frontier academy training","https://trends.google.com/trends/explore?q=anthropic%20claude%20frontier%20academy%20training&geo=US&hl=en-US"
"visionquest","1K+","October 4, 2026 at 9:00:00 PM UTC","October 4, 2026 at 10:00:00 PM UTC","visionquest","https://trends.google.com/trends/explore?q=visionquest&geo=US&hl=en-US"
"wlox","1K+","October 2, 2026 at 9:50:00 AM UTC","October 2, 2026 at 1:00:00 PM UTC","wlox","https://trends.google.com/trends/explore?q=wlox&geo=US&hl=en-US"
"shailene woodley","2K+","October 2, 2026 at 1:00:00 AM UTC","October 2, 2026 at 4:00:00 AM UTC","shailene woodley","https://trends.google.com/trends/explore?q=shailene%20woodley&geo=US&hl=en-US"
"complexcon 2026","500+","October 4, 2026 at 5:00:00 AM UTC","October 4, 2026 at 8:50:00 AM UTC","complexcon 2026","https://trends.google.com/trends/explore?q=complexcon%202026&geo=US&hl=en-US"
"penei sewell","1K+","October 5, 2026 at 12:50:00 AM UTC","October 5, 2026 at 2:00:00 AM UTC","penei sewell","https://trends.google.com/trends/explore?q=penei%20sewell&geo=US&hl=en-US"
"clariana barão","1K+","October 4, 2026 at 8:00:00 PM UTC","October 4, 2026 at 9:10:00 PM UTC","clariana barão","https://trends.google.com/trends/explore?q=clariana%20bar%C3%A3o&geo=US&hl=en-US"
"elina svitolina","500+","October 3, 2026 at 6:40:00 AM UTC","October 3, 2026 at 9:10:00 AM UTC","elina svitolina","https://trends.google.com/trends/explore?q=elina%20svitolina&geo=US&hl=en-US"
"brandon marsh","2K+","October 2, 2026 at 1:40:00 AM UTC","October 2, 2026 at 3:20:00 AM UTC","brandon marsh","https://trends.google.com/trends/explore?q=brandon%20marsh&geo=US&hl=en-US"
"dallas turner","1K+","October 4, 2026 at 9:10:00 PM UTC","October 4, 2026 at 10:20:00 PM UTC","dallas turner","https://trends.google.com/trends/explore?q=dallas%20turner&geo=US&hl=en-US"
"azerbaijan vs liechtenstein","2K+","October 1, 2026 at 4:50:00 PM UTC","October 1, 2026 at 6:30:00 PM UTC","azerbaijan vs liechtenstein","https://trends.google.com/trends/explore?q=azerbaijan%20vs%20liechtenstein&geo=US&hl=en-US"
"samford vs uab","1K+","October 3, 2026 at 7:10:00 PM UTC","October 3, 2026 at 8:40:00 PM UTC","samford vs uab","https://trends.google.com/trends/explore?q=samford%20vs%20uab&geo=US&hl=en-US"
"tony pollard","1K+","October 4, 2026 at 5:20:00 PM UTC","October 4, 2026 at 6:30:00 PM UTC","tony pollard","https://trends.google.com/trends/explore?q=tony%20pollard&geo=US&hl=en-US"
"iceland vs bulgaria","1K+","October 3, 2026 at 4:00:00 PM UTC","October 3, 2026 at 5:40:00 PM UTC","iceland vs bulgaria","https://trends.google.com/trends/explore?q=iceland%20vs%20bulgaria&geo=US&hl=en-US"
"isaiah bond","2K+","October 2, 2026 at 12:40:00 AM UTC","October 2, 2026 at 2:30:00 AM UTC","isaiah bond","https://trends.google.com/trends/explore?q=isaiah%20bond&geo=US&hl=en-US"
"landman season 3","1K+","October 4, 2026 at 9:20:00 PM UTC","October 4, 2026 at 10:30:00 PM UTC","landman season 3","https://trends.google.com/trends/explore?q=landman%20season%203&geo=US&hl=en-US"
"mathis albert","1K+","October 4, 2026 at 3:50:00 AM UTC","October 4, 2026 at 5:00:00 AM UTC","mathis albert","https://trends.google.com/trends/explore?q=mathis%20albert&geo=US&hl=en-US"
"becky hammon","1K+","October 2, 2026 at 1:50:00 AM UTC","October 2, 2026 at 4:30:00 AM UTC","becky hammon","https://trends.google.com/trends/explore?q=becky%20hammon&geo=US&hl=en-US"
"new harry potter books","100+","October 7, 2026 at 10:20:00 AM UTC","October 7, 2026 at 11:30:00 AM UTC","new harry potter books","https://trends.google.com/trends/explore?q=new%20harry%20potter%20books&geo=US&hl=en-US"
"humana 2027 medicare advantage strategy","2K+","October 1, 2026 at 7:00:00 PM UTC","October 1, 2026 at 9:00:00 PM UTC","humana 2027 medicare advantage strategy","https://trends.google.com/trends/explore?q=humana%202027%20medicare%20advantage%20strategy&geo=US&hl=en-US"
"what time does dwts air","500+","October 6, 2026 at 11:30:00 PM UTC","October 7, 2026 at 12:10:00 AM UTC","what time does dwts air,where to watch dwts live","https://trends.google.com/trends/explore?q=what%20time%20does%20dwts%20air&geo=US&hl=en-US"
"jaelan phillips","500+","October 5, 2026 at 3:00:00 AM UTC","October 5, 2026 at 4:10:00 AM UTC","jaelan phillips","https://trends.google.com/trends/explore?q=jaelan%20phillips&geo=US&hl=en-US"
"pick 4","100+","October 7, 2026 at 9:40:00 AM UTC","October 7, 2026 at 11:00:00 AM UTC","pick 4","https://trends.google.com/trends/explore?q=pick%204&geo=US&hl=en-US"
"fitness","1K+","October 5, 2026 at 11:00:00 AM UTC","October 5, 2026 at 11:50:00 AM UTC","fitness","https://trends.google.com/trends/explore?q=fitness&geo=US&hl=en-US"
"trump news today","500+","October 4, 2026 at 8:10:00 AM UTC","October 4, 2026 at 11:30:00 AM UTC","trump news today","https://trends.google.com/trends/explore?q=trump%20news%20today&geo=US&hl=en-US"
"debt crisis","500+","October 5, 2026 at 5:20:00 AM UTC","October 5, 2026 at 7:20:00 AM UTC","debt crisis","https://trends.google.com/trends/explore?q=debt%20crisis&geo=US&hl=en-US"
"dylan stewart south carolina","1K+","October 3, 2026 at 11:30:00 PM UTC","October 4, 2026 at 12:40:00 AM UTC","dylan stewart south carolina","https://trends.google.com/trends/explore?q=dylan%20stewart%20south%20carolina&geo=US&hl=en-US"
"leylah fernandez","500+","October 3, 2026 at 8:00:00 AM UTC","October 3, 2026 at 10:40:00 AM UTC","leylah fernandez","https://trends.google.com/trends/explore?q=leylah%20fernandez&geo=US&hl=en-US"
"shaquille o'neal","1K+","October 4, 2026 at 10:20:00 PM UTC","October 4, 2026 at 11:30:00 PM UTC","shaquille o'neal","https://trends.google.com/trends/explore?q=shaquille%20o%27neal&geo=US&hl=en-US"
"daisy edgar jones","500+","October 7, 2026 at 1:40:00 AM UTC","October 7, 2026 at 2:20:00 AM UTC","daisy edgar jones","https://trends.google.com/trends/explore?q=daisy%20edgar%20jones&geo=US&hl=en-US"
"urijah faber","1K+","October 4, 2026 at 2:20:00 AM UTC","October 4, 2026 at 3:40:00 AM UTC","urijah faber","https://trends.google.com/trends/explore?q=urijah%20faber&geo=US&hl=en-US"
"portland school district","500+","October 6, 2026 at 2:40:00 AM UTC","October 6, 2026 at 3:50:00 AM UTC","portland school district","https://trends.google.com/trends/explore?q=portland%20school%20district&geo=US&hl=en-US"
"rick santelli","1K+","October 2, 2026 at 12:00:00 PM UTC","October 2, 2026 at 3:50:00 PM UTC","rick santelli","https://trends.google.com/trends/explore?q=rick%20santelli&geo=US&hl=en-US"
"spikedade","500+","October 6, 2026 at 8:40:00 PM UTC","October 6, 2026 at 9:30:00 PM UTC","spikedade","https://trends.google.com/trends/explore?q=spikedade&geo=US&hl=en-US"
"a$ap rocky","1K+","October 3, 2026 at 11:30:00 AM UTC","October 3, 2026 at 1:20:00 PM UTC","a$ap rocky","https://trends.google.com/trends/explore?q=a%24ap%20rocky&geo=US&hl=en-US"
"federal judge flock camera","1K+","October 4, 2026 at 2:40:00 PM UTC","October 4, 2026 at 4:00:00 PM UTC","federal judge flock camera","https://trends.google.com/trends/explore?q=federal%20judge%20flock%20camera&geo=US&hl=en-US"
"yue yuan","2K+","October 2, 2026 at 4:00:00 AM UTC","October 2, 2026 at 5:30:00 AM UTC","yue yuan,mirra andreeva","https://trends.google.com/trends/explore?q=yue%20yuan&geo=US&hl=en-US"
"john ossoff","200+","October 6, 2026 at 11:30:00 PM UTC","October 7, 2026 at 12:30:00 AM UTC","john ossoff","https://trends.google.com/trends/explore?q=john%20ossoff&geo=US&hl=en-US"
"jordan hawkins","1K+","October 3, 2026 at 1:20:00 AM UTC","October 3, 2026 at 2:40:00 AM UTC","jordan hawkins","https://trends.google.com/trends/explore?q=jordan%20hawkins&geo=US&hl=en-US"
"illinois","2K+","October 1, 2026 at 11:50:00 PM UTC","October 2, 2026 at 1:10:00 AM UTC","illinois,pat ryan","https://trends.google.com/trends/explore?q=illinois&geo=US&hl=en-US"
"polymarket","1K+","October 5, 2026 at 12:20:00 AM UTC","October 5, 2026 at 1:30:00 AM UTC","polymarket","https://trends.google.com/trends/explore?q=polymarket&geo=US&hl=en-US"
"gasoline","500+","October 5, 2026 at 10:50:00 AM UTC","October 5, 2026 at 12:50:00 PM UTC","gasoline","https://trends.google.com/trends/explore?q=gasoline&geo=US&hl=en-US"
"10 senate seats most likely to flip","500+","October 5, 2026 at 4:00:00 PM UTC","October 5, 2026 at 5:00:00 PM UTC","10 senate seats most likely to flip","https://trends.google.com/trends/explore?q=10%20senate%20seats%20most%20likely%20to%20flip&geo=US&hl=en-US"
"michael mcdonald son","1K+","October 2, 2026 at 10:50:00 PM UTC","October 3, 2026 at 1:10:00 PM UTC","michael mcdonald son","https://trends.google.com/trends/explore?q=michael%20mcdonald%20son&geo=US&hl=en-US"
"jaden hardy","200+","October 6, 2026 at 4:30:00 AM UTC","October 6, 2026 at 5:40:00 AM UTC","jaden hardy","https://trends.google.com/trends/explore?q=jaden%20hardy&geo=US&hl=en-US"
"youtubetv","2K+","October 6, 2026 at 12:50:00 AM UTC","October 6, 2026 at 1:10:00 AM UTC","youtubetv","https://trends.google.com/trends/explore?q=youtubetv&geo=US&hl=en-US"
"uci student death","200+","October 7, 2026 at 4:40:00 AM UTC","October 7, 2026 at 6:50:00 AM UTC","uci student death","https://trends.google.com/trends/explore?q=uci%20student%20death&geo=US&hl=en-US"
"sam altman","1K+","October 5, 2026 at 12:10:00 AM UTC","October 5, 2026 at 1:00:00 AM UTC","sam altman,artificial intelligence news","https://trends.google.com/trends/explore?q=sam%20altman&geo=US&hl=en-US"
"gasoline","1K+","October 3, 2026 at 11:20:00 AM UTC","October 3, 2026 at 2:00:00 PM UTC","gasoline","https://trends.google.com/trends/explore?q=gasoline&geo=US&hl=en-US"
"matthew schaefer","200+","October 7, 2026 at 1:10:00 AM UTC","October 7, 2026 at 2:00:00 AM UTC","matthew schaefer","https://trends.google.com/trends/explore?q=matthew%20schaefer&geo=US&hl=en-US"
"karen khachanov","500+","October 4, 2026 at 5:40:00 AM UTC","October 4, 2026 at 7:30:00 AM UTC","karen khachanov","https://trends.google.com/trends/explore?q=karen%20khachanov&geo=US&hl=en-US"
"bennedict mathurin","200+","October 7, 2026 at 2:30:00 AM UTC","October 7, 2026 at 3:20:00 AM UTC","bennedict mathurin","https://trends.google.com/trends/explore?q=bennedict%20mathurin&geo=US&hl=en-US"
"adrian morejon","2K+","October 4, 2026 at 3:30:00 AM UTC","October 4, 2026 at 4:30:00 AM UTC","adrian morejon,morejon,morejon padres","https://trends.google.com/trends/explore?q=adrian%20morejon&geo=US&hl=en-US"
"tn tech vs wcu","1K+","October 3, 2026 at 9:50:00 PM UTC","October 3, 2026 at 11:20:00 PM UTC","tn tech vs wcu","https://trends.google.com/trends/explore?q=tn%20tech%20vs%20wcu&geo=US&hl=en-US"
"drake baldwin","1K+","October 3, 2026 at 8:50:00 PM UTC","October 3, 2026 at 10:40:00 PM UTC","drake baldwin","https://trends.google.com/trends/explore?q=drake%20baldwin&geo=US&hl=en-US"
"temp","100+","October 7, 2026 at 10:50:00 AM UTC","October 7, 2026 at 11:50:00 AM UTC","temp","https://trends.google.com/trends/explore?q=temp&geo=US&hl=en-US"
"jonaz walton","1K+","October 3, 2026 at 6:40:00 PM UTC","October 3, 2026 at 8:10:00 PM UTC","jonaz walton","https://trends.google.com/trends/explore?q=jonaz%20walton&geo=US&hl=en-US"
"speedway","500+","October 5, 2026 at 10:30:00 AM UTC","October 5, 2026 at 11:40:00 AM UTC","speedway","https://trends.google.com/trends/explore?q=speedway&geo=US&hl=en-US"
"allen genkin","1K+","October 1, 2026 at 12:10:00 PM UTC","October 1, 2026 at 2:20:00 PM UTC","allen genkin","https://trends.google.com/trends/explore?q=allen%20genkin&geo=US&hl=en-US"
"jordan hicks","1K+","October 3, 2026 at 6:20:00 PM UTC","October 3, 2026 at 7:30:00 PM UTC","jordan hicks","https://trends.google.com/trends/explore?q=jordan%20hicks&geo=US&hl=en-US"
"chase delauter","1K+","October 3, 2026 at 5:50:00 PM UTC","October 3, 2026 at 7:10:00 PM UTC","chase delauter","https://trends.google.com/trends/explore?q=chase%20delauter&geo=US&hl=en-US"
"jeff van note","1K+","October 2, 2026 at 10:10:00 PM UTC","October 2, 2026 at 11:40:00 PM UTC","jeff van note","https://trends.google.com/trends/explore?q=jeff%20van%20note&geo=US&hl=en-US"
"erling haaland","2K+","October 1, 2026 at 8:40:00 PM UTC","October 1, 2026 at 9:50:00 PM UTC","erling haaland","https://trends.google.com/trends/explore?q=erling%20haaland&geo=US&hl=en-US"
"montenegro vs armenia","500+","October 5, 2026 at 8:30:00 PM UTC","October 5, 2026 at 9:20:00 PM UTC","montenegro vs armenia","https://trends.google.com/trends/explore?q=montenegro%20vs%20armenia&geo=US&hl=en-US"
"nfc south","500+","October 5, 2026 at 3:50:00 AM UTC","October 5, 2026 at 4:50:00 AM UTC","nfc south","https://trends.google.com/trends/explore?q=nfc%20south&geo=US&hl=en-US"
"jakarta","1K+","October 4, 2026 at 6:20:00 PM UTC","October 4, 2026 at 7:20:00 PM UTC","jakarta","https://trends.google.com/trends/explore?q=jakarta&geo=US&hl=en-US"
"alex de minaur","500+","October 4, 2026 at 7:20:00 AM UTC","October 4, 2026 at 9:40:00 AM UTC","alex de minaur","https://trends.google.com/trends/explore?q=alex%20de%20minaur&geo=US&hl=en-US"
"iran news","2K+","October 2, 2026 at 1:20:00 PM UTC","October 2, 2026 at 2:20:00 PM UTC","iran news","https://trends.google.com/trends/explore?q=iran%20news&geo=US&hl=en-US"
"jaylin lane","500+","October 4, 2026 at 3:20:00 PM UTC","October 4, 2026 at 4:30:00 PM UTC","jaylin lane","https://trends.google.com/trends/explore?q=jaylin%20lane&geo=US&hl=en-US"
"senator tillis","500+","October 5, 2026 at 12:20:00 AM UTC","October 5, 2026 at 1:30:00 AM UTC","senator tillis","https://trends.google.com/trends/explore?q=senator%20tillis&geo=US&hl=en-US"
"doc tv show","200+","October 7, 2026 at 2:20:00 AM UTC","October 7, 2026 at 3:00:00 AM UTC","doc tv show","https://trends.google.com/trends/explore?q=doc%20tv%20show&geo=US&hl=en-US"
"when does daylight savings time end","200+","October 7, 2026 at 11:20:00 AM UTC","October 7, 2026 at 11:50:00 AM UTC","when does daylight savings time end","https://trends.google.com/trends/explore?q=when%20does%20daylight%20savings%20time%20end&geo=US&hl=en-US"
"venezuela","1K+","October 2, 2026 at 10:30:00 AM UTC","October 2, 2026 at 1:10:00 PM UTC","venezuela","https://trends.google.com/trends/explore?q=venezuela&geo=US&hl=en-US"
"west ham vs chelsea","500+","October 4, 2026 at 12:50:00 PM UTC","October 4, 2026 at 2:30:00 PM UTC","west ham vs chelsea","https://trends.google.com/trends/explore?q=west%20ham%20vs%20chelsea&geo=US&hl=en-US"
"jobs","1K+","October 6, 2026 at 12:00:00 PM UTC","October 6, 2026 at 12:20:00 PM UTC","jobs","https://trends.google.com/trends/explore?q=jobs&geo=US&hl=en-US"
"ryan seacrest","1K+","October 3, 2026 at 12:20:00 AM UTC","October 3, 2026 at 1:30:00 AM UTC","ryan seacrest","https://trends.google.com/trends/explore?q=ryan%20seacrest&geo=US&hl=en-US"
"alec bohm","2K+","October 2, 2026 at 2:00:00 AM UTC","October 2, 2026 at 3:30:00 AM UTC","alec bohm","https://trends.google.com/trends/explore?q=alec%20bohm&geo=US&hl=en-US"
"cheifs score","1K+","October 4, 2026 at 11:20:00 PM UTC","October 5, 2026 at 12:20:00 AM UTC","cheifs score","https://trends.google.com/trends/explore?q=cheifs%20score&geo=US&hl=en-US"
"snl cast","1K+","October 4, 2026 at 4:30:00 AM UTC","October 4, 2026 at 5:50:00 AM UTC","snl cast","https://trends.google.com/trends/explore?q=snl%20cast&geo=US&hl=en-US"
"al davis","1K+","October 4, 2026 at 10:40:00 PM UTC","October 4, 2026 at 11:40:00 PM UTC","al davis","https://trends.google.com/trends/explore?q=al%20davis&geo=US&hl=en-US"
"santiago giménez","200+","October 7, 2026 at 4:50:00 AM UTC","October 7, 2026 at 5:20:00 AM UTC","santiago giménez","https://trends.google.com/trends/explore?q=santiago%20gim%C3%A9nez&geo=US&hl=en-US"
"wofford vs furman","1K+","October 3, 2026 at 6:00:00 PM UTC","October 3, 2026 at 7:20:00 PM UTC","wofford vs furman","https://trends.google.com/trends/explore?q=wofford%20vs%20furman&geo=US&hl=en-US"
"servicio de ciudadanía e inmigración de los estados unidos","200+","October 6, 2026 at 8:40:00 AM UTC","October 6, 2026 at 10:20:00 AM UTC","servicio de ciudadanía e inmigración de los estados unidos","https://trends.google.com/trends/explore?q=servicio%20de%20ciudadan%C3%ADa%20e%20inmigraci%C3%B3n%20de%20los%20estados%20unidos&geo=US&hl=en-US"
"laila ali","200+","October 6, 2026 at 1:50:00 PM UTC","October 6, 2026 at 3:00:00 PM UTC","laila ali","https://trends.google.com/trends/explore?q=laila%20ali&geo=US&hl=en-US"
"qinwen zheng","500+","October 3, 2026 at 9:10:00 AM UTC","October 3, 2026 at 11:40:00 AM UTC","qinwen zheng,anna kalinskaya","https://trends.google.com/trends/explore?q=qinwen%20zheng&geo=US&hl=en-US"
"cycling","1K+","October 6, 2026 at 12:00:00 PM UTC","October 6, 2026 at 12:20:00 PM UTC","cycling","https://trends.google.com/trends/explore?q=cycling&geo=US&hl=en-US"
"ha seong kim","1K+","October 3, 2026 at 9:50:00 PM UTC","October 3, 2026 at 10:40:00 PM UTC","ha seong kim,ha-seong kim","https://trends.google.com/trends/explore?q=ha%20seong%20kim&geo=US&hl=en-US"
"ryan weathers","1K+","October 4, 2026 at 12:20:00 AM UTC","October 4, 2026 at 1:30:00 AM UTC","ryan weathers","https://trends.google.com/trends/explore?q=ryan%20weathers&geo=US&hl=en-US"
"trump-xi summit","1K+","October 2, 2026 at 10:10:00 AM UTC","October 2, 2026 at 12:00:00 PM UTC","trump-xi summit","https://trends.google.com/trends/explore?q=trump-xi%20summit&geo=US&hl=en-US"
"santi gimenez","1K+","October 4, 2026 at 2:50:00 AM UTC","October 4, 2026 at 4:00:00 AM UTC","santi gimenez","https://trends.google.com/trends/explore?q=santi%20gimenez&geo=US&hl=en-US"
"travis etienne","2K+","October 1, 2026 at 8:40:00 PM UTC","October 1, 2026 at 9:50:00 PM UTC","travis etienne","https://trends.google.com/trends/explore?q=travis%20etienne&geo=US&hl=en-US"
"hbo max","2K+","October 3, 2026 at 11:00:00 PM UTC","October 3, 2026 at 11:50:00 PM UTC","hbo max","https://trends.google.com/trends/explore?q=hbo%20max&geo=US&hl=en-US"
"music","1K+","October 5, 2026 at 11:20:00 AM UTC","October 5, 2026 at 12:00:00 PM UTC","music","https://trends.google.com/trends/explore?q=music&geo=US&hl=en-US"
"british royal family","500+","October 5, 2026 at 6:50:00 PM UTC","October 5, 2026 at 7:40:00 PM UTC","british royal family","https://trends.google.com/trends/explore?q=british%20royal%20family&geo=US&hl=en-US"
"hit and run","100+","October 7, 2026 at 10:30:00 AM UTC","October 7, 2026 at 11:30:00 AM UTC","hit and run","https://trends.google.com/trends/explore?q=hit%20and%20run&geo=US&hl=en-US"
"pittsburgh","1K+","October 2, 2026 at 1:50:00 AM UTC","October 2, 2026 at 4:40:00 AM UTC","pittsburgh","https://trends.google.com/trends/explore?q=pittsburgh&geo=US&hl=en-US"
"donald trump","2K+","October 2, 2026 at 9:30:00 AM UTC","October 2, 2026 at 11:30:00 AM UTC","donald trump","https://trends.google.com/trends/explore?q=donald%20trump&geo=US&hl=en-US"
"armando gonzález","1K+","October 4, 2026 at 3:40:00 AM UTC","October 4, 2026 at 4:50:00 AM UTC","armando gonzález","https://trends.google.com/trends/explore?q=armando%20gonz%C3%A1lez&geo=US&hl=en-US"
"virgin river season 8","1K+","October 2, 2026 at 12:50:00 AM UTC","October 2, 2026 at 2:30:00 AM UTC","virgin river season 8","https://trends.google.com/trends/explore?q=virgin%20river%20season%208&geo=US&hl=en-US"
"nicaragua","1K+","October 2, 2026 at 9:50:00 PM UTC","October 2, 2026 at 11:10:00 PM UTC","nicaragua","https://trends.google.com/trends/explore?q=nicaragua&geo=US&hl=en-US"
"yankees alds roster","1K+","October 3, 2026 at 2:20:00 PM UTC","October 3, 2026 at 3:40:00 PM UTC","yankees alds roster","https://trends.google.com/trends/explore?q=yankees%20alds%20roster&geo=US&hl=en-US"
"blake coleman","2K+","October 2, 2026 at 12:40:00 AM UTC","October 2, 2026 at 2:00:00 AM UTC","blake coleman","https://trends.google.com/trends/explore?q=blake%20coleman&geo=US&hl=en-US"
"dj reed","500+","October 5, 2026 at 1:20:00 AM UTC","October 5, 2026 at 2:20:00 AM UTC","dj reed","https://trends.google.com/trends/explore?q=dj%20reed&geo=US&hl=en-US"
"october 1","2K+","October 1, 2026 at 2:50:00 PM UTC","October 1, 2026 at 4:20:00 PM UTC","october 1","https://trends.google.com/trends/explore?q=october%201&geo=US&hl=en-US"
"vgk","1K+","October 3, 2026 at 4:00:00 AM UTC","October 3, 2026 at 5:40:00 AM UTC","vgk","https://trends.google.com/trends/explore?q=vgk&geo=US&hl=en-US"
"anand giridharadas","2K+","October 4, 2026 at 12:40:00 AM UTC","October 4, 2026 at 1:30:00 AM UTC","anand giridharadas","https://trends.google.com/trends/explore?q=anand%20giridharadas&geo=US&hl=en-US"
"keke palmer","500+","October 4, 2026 at 6:00:00 PM UTC","October 4, 2026 at 7:00:00 PM UTC","keke palmer","https://trends.google.com/trends/explore?q=keke%20palmer&geo=US&hl=en-US"
"michael douglas son","200+","October 6, 2026 at 12:10:00 PM UTC","October 6, 2026 at 1:20:00 PM UTC","michael douglas son","https://trends.google.com/trends/explore?q=michael%20douglas%20son&geo=US&hl=en-US"
"wladimir klitschko","200+","October 6, 2026 at 10:20:00 PM UTC","October 6, 2026 at 11:00:00 PM UTC","wladimir klitschko","https://trends.google.com/trends/explore?q=wladimir%20klitschko&geo=US&hl=en-US"
"bulls","500+","October 4, 2026 at 8:10:00 PM UTC","October 4, 2026 at 9:10:00 PM UTC","bulls","https://trends.google.com/trends/explore?q=bulls&geo=US&hl=en-US"
"austin smotherman","1K+","October 5, 2026 at 12:10:00 AM UTC","October 5, 2026 at 1:00:00 AM UTC","austin smotherman","https://trends.google.com/trends/explore?q=austin%20smotherman&geo=US&hl=en-US"
"balloon fiesta 2026","1K+","October 3, 2026 at 11:00:00 AM UTC","October 3, 2026 at 2:10:00 PM UTC","balloon fiesta 2026","https://trends.google.com/trends/explore?q=balloon%20fiesta%202026&geo=US&hl=en-US"
"mike gesicki","500+","October 4, 2026 at 6:50:00 PM UTC","October 4, 2026 at 8:00:00 PM UTC","mike gesicki","https://trends.google.com/trends/explore?q=mike%20gesicki&geo=US&hl=en-US"
"azerbaijan vs lithuania","500+","October 4, 2026 at 1:10:00 PM UTC","October 4, 2026 at 3:20:00 PM UTC","azerbaijan vs lithuania","https://trends.google.com/trends/explore?q=azerbaijan%20vs%20lithuania&geo=US&hl=en-US"
"ben affleck","1K+","October 3, 2026 at 6:00:00 PM UTC","October 3, 2026 at 7:00:00 PM UTC","ben affleck","https://trends.google.com/trends/explore?q=ben%20affleck&geo=US&hl=en-US"
"donovan jackson","1K+","October 5, 2026 at 6:50:00 PM UTC","October 5, 2026 at 7:30:00 PM UTC","donovan jackson","https://trends.google.com/trends/explore?q=donovan%20jackson&geo=US&hl=en-US"
"gianluca prestianni","1K+","October 4, 2026 at 12:30:00 AM UTC","October 4, 2026 at 1:30:00 AM UTC","gianluca prestianni","https://trends.google.com/trends/explore?q=gianluca%20prestianni&geo=US&hl=en-US"
"lego hello kitty","200+","October 6, 2026 at 1:40:00 PM UTC","October 6, 2026 at 2:50:00 PM UTC","lego hello kitty","https://trends.google.com/trends/explore?q=lego%20hello%20kitty&geo=US&hl=en-US"
"bosnia y herzegovina - polonia","500+","October 5, 2026 at 8:40:00 PM UTC","October 5, 2026 at 9:30:00 PM UTC","bosnia y herzegovina - polonia","https://trends.google.com/trends/explore?q=bosnia%20y%20herzegovina%20-%20polonia&geo=US&hl=en-US"
"c. j. stroud","500+","October 4, 2026 at 8:10:00 PM UTC","October 4, 2026 at 9:20:00 PM UTC","c. j. stroud","https://trends.google.com/trends/explore?q=c.%20j.%20stroud&geo=US&hl=en-US"
"cbs sunday morning","500+","October 4, 2026 at 1:40:00 PM UTC","October 4, 2026 at 3:00:00 PM UTC","cbs sunday morning","https://trends.google.com/trends/explore?q=cbs%20sunday%20morning&geo=US&hl=en-US"
"houston","1K+","October 3, 2026 at 11:10:00 AM UTC","October 3, 2026 at 1:20:00 PM UTC","houston,houston weather","https://trends.google.com/trends/explore?q=houston&geo=US&hl=en-US"
"tommy pham","1K+","October 5, 2026 at 11:40:00 PM UTC","October 6, 2026 at 12:10:00 AM UTC","tommy pham","https://trends.google.com/trends/explore?q=tommy%20pham&geo=US&hl=en-US"
"damien shanklin","2K+","October 1, 2026 at 8:50:00 PM UTC","October 1, 2026 at 10:00:00 PM UTC","damien shanklin","https://trends.google.com/trends/explore?q=damien%20shanklin&geo=US&hl=en-US"
"vogue france","200+","October 6, 2026 at 9:20:00 PM UTC","October 6, 2026 at 10:00:00 PM UTC","vogue france","https://trends.google.com/trends/explore?q=vogue%20france&geo=US&hl=en-US"
"dakota fanning","1K+","October 4, 2026 at 3:50:00 AM UTC","October 4, 2026 at 5:00:00 AM UTC","dakota fanning","https://trends.google.com/trends/explore?q=dakota%20fanning&geo=US&hl=en-US"
"bull fire","1K+","October 3, 2026 at 12:30:00 AM UTC","October 3, 2026 at 1:40:00 AM UTC","bull fire","https://trends.google.com/trends/explore?q=bull%20fire&geo=US&hl=en-US"
"valerie bertinelli","100+","October 7, 2026 at 11:10:00 AM UTC","October 7, 2026 at 12:00:00 PM UTC","valerie bertinelli","https://trends.google.com/trends/explore?q=valerie%20bertinelli&geo=US&hl=en-US"
"puppy","500+","October 3, 2026 at 10:00:00 AM UTC","October 3, 2026 at 11:40:00 AM UTC","puppy","https://trends.google.com/trends/explore?q=puppy&geo=US&hl=en-US"
"jamaica vs el salvador","1K+","October 3, 2026 at 2:40:00 AM UTC","October 3, 2026 at 4:00:00 AM UTC","jamaica vs el salvador","https://trends.google.com/trends/explore?q=jamaica%20vs%20el%20salvador&geo=US&hl=en-US"
"guardia costera","500+","October 4, 2026 at 11:00:00 PM UTC","October 5, 2026 at 12:10:00 AM UTC","guardia costera","https://trends.google.com/trends/explore?q=guardia%20costera&geo=US&hl=en-US"
"arthur fils","500+","October 2, 2026 at 9:50:00 AM UTC","October 2, 2026 at 12:10:00 PM UTC","arthur fils","https://trends.google.com/trends/explore?q=arthur%20fils&geo=US&hl=en-US"
"villanova football","1K+","October 3, 2026 at 8:10:00 PM UTC","October 3, 2026 at 9:20:00 PM UTC","villanova football","https://trends.google.com/trends/explore?q=villanova%20football&geo=US&hl=en-US"
"darius slayton","500+","October 4, 2026 at 11:50:00 AM UTC","October 4, 2026 at 1:20:00 PM UTC","darius slayton","https://trends.google.com/trends/explore?q=darius%20slayton&geo=US&hl=en-US"
"special forces show","1K+","October 2, 2026 at 1:20:00 AM UTC","October 2, 2026 at 2:40:00 AM UTC","special forces show","https://trends.google.com/trends/explore?q=special%20forces%20show&geo=US&hl=en-US"
"pedro martinez","500+","October 6, 2026 at 3:50:00 AM UTC","October 6, 2026 at 4:30:00 AM UTC","pedro martinez","https://trends.google.com/trends/explore?q=pedro%20martinez&geo=US&hl=en-US"
"gary patterson","500+","October 4, 2026 at 3:00:00 AM UTC","October 4, 2026 at 4:10:00 AM UTC","gary patterson","https://trends.google.com/trends/explore?q=gary%20patterson&geo=US&hl=en-US"
"winter weather forecast","100+","October 7, 2026 at 6:30:00 AM UTC","October 7, 2026 at 7:10:00 AM UTC","winter weather forecast","https://trends.google.com/trends/explore?q=winter%20weather%20forecast&geo=US&hl=en-US"
"game of thrones","500+","October 5, 2026 at 10:40:00 AM UTC","October 5, 2026 at 12:00:00 PM UTC","game of thrones","https://trends.google.com/trends/explore?q=game%20of%20thrones&geo=US&hl=en-US"
"hungary vs georgia","1K+","October 2, 2026 at 6:40:00 PM UTC","October 2, 2026 at 8:50:00 PM UTC","hungary vs georgia","https://trends.google.com/trends/explore?q=hungary%20vs%20georgia&geo=US&hl=en-US"
"fire santa rosa","200+","October 7, 2026 at 12:10:00 AM UTC","October 7, 2026 at 12:50:00 AM UTC","fire santa rosa","https://trends.google.com/trends/explore?q=fire%20santa%20rosa&geo=US&hl=en-US"
"chris marshall","1K+","October 3, 2026 at 11:40:00 PM UTC","October 4, 2026 at 12:40:00 AM UTC","chris marshall","https://trends.google.com/trends/explore?q=chris%20marshall&geo=US&hl=en-US"
"spurs","500+","October 4, 2026 at 11:20:00 PM UTC","October 5, 2026 at 12:30:00 AM UTC","spurs","https://trends.google.com/trends/explore?q=spurs&geo=US&hl=en-US"
"iren stock","100+","October 7, 2026 at 11:10:00 AM UTC","October 7, 2026 at 12:00:00 PM UTC","iren stock","https://trends.google.com/trends/explore?q=iren%20stock&geo=US&hl=en-US"
"amazon kindle colorsoft","1K+","October 1, 2026 at 9:50:00 PM UTC","October 2, 2026 at 10:20:00 AM UTC","amazon kindle colorsoft,new kindle paperwhite","https://trends.google.com/trends/explore?q=amazon%20kindle%20colorsoft&geo=US&hl=en-US"
"belinda bencic","500+","October 5, 2026 at 8:10:00 AM UTC","October 5, 2026 at 9:30:00 AM UTC","belinda bencic,ann li","https://trends.google.com/trends/explore?q=belinda%20bencic&geo=US&hl=en-US"
"billy bush","1K+","October 2, 2026 at 4:30:00 PM UTC","October 2, 2026 at 5:30:00 PM UTC","billy bush","https://trends.google.com/trends/explore?q=billy%20bush&geo=US&hl=en-US"
"james hagens","1K+","October 3, 2026 at 12:50:00 AM UTC","October 3, 2026 at 2:00:00 AM UTC","james hagens","https://trends.google.com/trends/explore?q=james%20hagens&geo=US&hl=en-US"
"robert suárez","1K+","October 2, 2026 at 2:10:00 AM UTC","October 2, 2026 at 3:30:00 AM UTC","robert suárez","https://trends.google.com/trends/explore?q=robert%20su%C3%A1rez&geo=US&hl=en-US"
"chatgpt login","1K+","October 5, 2026 at 2:30:00 PM UTC","October 5, 2026 at 3:10:00 PM UTC","chatgpt login","https://trends.google.com/trends/explore?q=chatgpt%20login&geo=US&hl=en-US"
"china vs tajikistan","200+","October 6, 2026 at 12:50:00 PM UTC","October 6, 2026 at 2:00:00 PM UTC","china vs tajikistan","https://trends.google.com/trends/explore?q=china%20vs%20tajikistan&geo=US&hl=en-US"
"sara bejlek","500+","October 4, 2026 at 11:40:00 AM UTC","October 4, 2026 at 1:10:00 PM UTC","sara bejlek","https://trends.google.com/trends/explore?q=sara%20bejlek&geo=US&hl=en-US"
"elisabeth shue","100+","October 7, 2026 at 10:30:00 AM UTC","October 7, 2026 at 11:30:00 AM UTC","elisabeth shue","https://trends.google.com/trends/explore?q=elisabeth%20shue&geo=US&hl=en-US"
"alix earle","500+","October 4, 2026 at 1:00:00 PM UTC","October 4, 2026 at 2:10:00 PM UTC","alix earle","https://trends.google.com/trends/explore?q=alix%20earle&geo=US&hl=en-US"
"charlene princess of monaco","500+","October 5, 2026 at 8:10:00 PM UTC","October 5, 2026 at 9:00:00 PM UTC","charlene princess of monaco","https://trends.google.com/trends/explore?q=charlene%20princess%20of%20monaco&geo=US&hl=en-US"
"estêvão willian","1K+","October 3, 2026 at 2:40:00 PM UTC","October 3, 2026 at 3:50:00 PM UTC","estêvão willian","https://trends.google.com/trends/explore?q=est%C3%AAv%C3%A3o%20willian&geo=US&hl=en-US"
"stock market difficulty jim cramer","500+","October 3, 2026 at 11:10:00 AM UTC","October 3, 2026 at 1:10:00 PM UTC","stock market difficulty jim cramer","https://trends.google.com/trends/explore?q=stock%20market%20difficulty%20jim%20cramer&geo=US&hl=en-US"
"ken rosenthal","500+","October 7, 2026 at 10:20:00 AM UTC","October 7, 2026 at 11:20:00 AM UTC","ken rosenthal,braves vs dodgers","https://trends.google.com/trends/explore?q=ken%20rosenthal&geo=US&hl=en-US"
"bears standings","1K+","October 4, 2026 at 8:10:00 PM UTC","October 4, 2026 at 9:00:00 PM UTC","bears standings,bears starting qb","https://trends.google.com/trends/explore?q=bears%20standings&geo=US&hl=en-US"
"david jolly","200+","October 6, 2026 at 2:10:00 PM UTC","October 6, 2026 at 3:10:00 PM UTC","david jolly","https://trends.google.com/trends/explore?q=david%20jolly&geo=US&hl=en-US"
"yaxel lendeborg","500+","October 5, 2026 at 1:30:00 AM UTC","October 5, 2026 at 2:20:00 AM UTC","yaxel lendeborg","https://trends.google.com/trends/explore?q=yaxel%20lendeborg&geo=US&hl=en-US"
"falcons depth chart","1K+","October 6, 2026 at 12:30:00 AM UTC","October 6, 2026 at 12:50:00 AM UTC","falcons depth chart","https://trends.google.com/trends/explore?q=falcons%20depth%20chart&geo=US&hl=en-US"
"aaron ashby","1K+","October 4, 2026 at 2:40:00 AM UTC","October 4, 2026 at 3:40:00 AM UTC","aaron ashby","https://trends.google.com/trends/explore?q=aaron%20ashby&geo=US&hl=en-US"
"vst stock","100+","October 7, 2026 at 10:30:00 AM UTC","October 7, 2026 at 11:30:00 AM UTC","vst stock","https://trends.google.com/trends/explore?q=vst%20stock&geo=US&hl=en-US"
"victor mesa jr","500+","October 6, 2026 at 1:10:00 AM UTC","October 6, 2026 at 1:40:00 AM UTC","victor mesa jr","https://trends.google.com/trends/explore?q=victor%20mesa%20jr&geo=US&hl=en-US"
"spcx stock price","100+","October 7, 2026 at 10:40:00 AM UTC","October 7, 2026 at 11:20:00 AM UTC","spcx stock price","https://trends.google.com/trends/explore?q=spcx%20stock%20price&geo=US&hl=en-US"
"demeco ryans","500+","October 4, 2026 at 8:10:00 PM UTC","October 4, 2026 at 9:10:00 PM UTC","demeco ryans","https://trends.google.com/trends/explore?q=demeco%20ryans&geo=US&hl=en-US"
"jordan rodgers","1K+","October 3, 2026 at 12:50:00 AM UTC","October 3, 2026 at 1:50:00 AM UTC","jordan rodgers","https://trends.google.com/trends/explore?q=jordan%20rodgers&geo=US&hl=en-US"
"speea","2K+","October 1, 2026 at 7:20:00 PM UTC","October 1, 2026 at 8:30:00 PM UTC","speea,speea contract 2026","https://trends.google.com/trends/explore?q=speea&geo=US&hl=en-US"
"andrew vaughn","500+","October 4, 2026 at 3:20:00 AM UTC","October 4, 2026 at 4:30:00 AM UTC","andrew vaughn","https://trends.google.com/trends/explore?q=andrew%20vaughn&geo=US&hl=en-US"
"man utd vs liverpool","500+","October 3, 2026 at 12:10:00 PM UTC","October 3, 2026 at 1:50:00 PM UTC","man utd vs liverpool","https://trends.google.com/trends/explore?q=man%20utd%20vs%20liverpool&geo=US&hl=en-US"
"josh peck","500+","October 6, 2026 at 2:30:00 AM UTC","October 6, 2026 at 3:10:00 AM UTC","josh peck","https://trends.google.com/trends/explore?q=josh%20peck&geo=US&hl=en-US"
"chris boswell","1K+","October 2, 2026 at 1:20:00 AM UTC","October 2, 2026 at 2:30:00 AM UTC","chris boswell","https://trends.google.com/trends/explore?q=chris%20boswell&geo=US&hl=en-US"
"saudi arabia vs qatar","500+","October 3, 2026 at 6:50:00 PM UTC","October 3, 2026 at 8:00:00 PM UTC","saudi arabia vs qatar","https://trends.google.com/trends/explore?q=saudi%20arabia%20vs%20qatar&geo=US&hl=en-US"
"andrey rublev","500+","October 3, 2026 at 6:30:00 AM UTC","October 3, 2026 at 8:30:00 AM UTC","andrey rublev","https://trends.google.com/trends/explore?q=andrey%20rublev&geo=US&hl=en-US"
"atlético-mg x bragantino","500+","October 3, 2026 at 9:20:00 PM UTC","October 3, 2026 at 10:30:00 PM UTC","atlético-mg x bragantino","https://trends.google.com/trends/explore?q=atl%C3%A9tico-mg%20x%20bragantino&geo=US&hl=en-US"
"lewis hamilton","200+","October 4, 2026 at 9:40:00 AM UTC","October 4, 2026 at 11:30:00 AM UTC","lewis hamilton","https://trends.google.com/trends/explore?q=lewis%20hamilton&geo=US&hl=en-US"
"washington post","500+","October 6, 2026 at 12:50:00 AM UTC","October 6, 2026 at 1:30:00 AM UTC","washington post","https://trends.google.com/trends/explore?q=washington%20post&geo=US&hl=en-US"
"kawhi leonard","1K+","October 4, 2026 at 12:00:00 AM UTC","October 4, 2026 at 1:00:00 AM UTC","kawhi leonard","https://trends.google.com/trends/explore?q=kawhi%20leonard&geo=US&hl=en-US"
"dolph lundgren","1K+","October 2, 2026 at 12:30:00 PM UTC","October 2, 2026 at 1:30:00 PM UTC","dolph lundgren","https://trends.google.com/trends/explore?q=dolph%20lundgren&geo=US&hl=en-US"
"zoe saldaña","500+","October 4, 2026 at 11:50:00 AM UTC","October 4, 2026 at 1:00:00 PM UTC","zoe saldaña","https://trends.google.com/trends/explore?q=zoe%20salda%C3%B1a&geo=US&hl=en-US"
"sheriff country","1K+","October 3, 2026 at 12:20:00 AM UTC","October 3, 2026 at 1:30:00 AM UTC","sheriff country","https://trends.google.com/trends/explore?q=sheriff%20country&geo=US&hl=en-US"
"lagos life game","200+","October 5, 2026 at 8:20:00 AM UTC","October 5, 2026 at 10:00:00 AM UTC","lagos life game","https://trends.google.com/trends/explore?q=lagos%20life%20game&geo=US&hl=en-US"
"jack sawyer","1K+","October 2, 2026 at 2:40:00 AM UTC","October 2, 2026 at 3:50:00 AM UTC","jack sawyer","https://trends.google.com/trends/explore?q=jack%20sawyer&geo=US&hl=en-US"
"victor eklund","500+","October 4, 2026 at 2:10:00 AM UTC","October 4, 2026 at 3:20:00 AM UTC","victor eklund","https://trends.google.com/trends/explore?q=victor%20eklund&geo=US&hl=en-US"
"kristen bell","500+","October 6, 2026 at 3:00:00 AM UTC","October 6, 2026 at 4:00:00 AM UTC","kristen bell","https://trends.google.com/trends/explore?q=kristen%20bell&geo=US&hl=en-US"
"iptv","500+","October 4, 2026 at 5:50:00 PM UTC","October 4, 2026 at 6:40:00 PM UTC","iptv","https://trends.google.com/trends/explore?q=iptv&geo=US&hl=en-US"
"tokyo weather","500+","October 3, 2026 at 9:30:00 AM UTC","October 3, 2026 at 11:10:00 AM UTC","tokyo weather","https://trends.google.com/trends/explore?q=tokyo%20weather&geo=US&hl=en-US"
"justin hartley","500+","October 5, 2026 at 2:40:00 AM UTC","October 5, 2026 at 3:30:00 AM UTC","justin hartley","https://trends.google.com/trends/explore?q=justin%20hartley&geo=US&hl=en-US"
"jess sims","500+","October 3, 2026 at 2:00:00 PM UTC","October 3, 2026 at 3:10:00 PM UTC","jess sims","https://trends.google.com/trends/explore?q=jess%20sims&geo=US&hl=en-US"
"trent grisham","500+","October 6, 2026 at 1:30:00 AM UTC","October 6, 2026 at 2:00:00 AM UTC","trent grisham","https://trends.google.com/trends/explore?q=trent%20grisham&geo=US&hl=en-US"
"michael che","500+","October 4, 2026 at 4:40:00 AM UTC","October 4, 2026 at 5:50:00 AM UTC","michael che","https://trends.google.com/trends/explore?q=michael%20che&geo=US&hl=en-US"
"zach charbonnet","500+","October 3, 2026 at 8:20:00 PM UTC","October 3, 2026 at 9:20:00 PM UTC","zach charbonnet","https://trends.google.com/trends/explore?q=zach%20charbonnet&geo=US&hl=en-US"
"why does julian hall wear zakrzewski","500+","October 4, 2026 at 2:50:00 AM UTC","October 4, 2026 at 3:50:00 AM UTC","why does julian hall wear zakrzewski","https://trends.google.com/trends/explore?q=why%20does%20julian%20hall%20wear%20zakrzewski&geo=US&hl=en-US"
"amy acton","500+","October 3, 2026 at 9:20:00 PM UTC","October 3, 2026 at 10:30:00 PM UTC","amy acton","https://trends.google.com/trends/explore?q=amy%20acton&geo=US&hl=en-US"
"petrol station","1K+","October 1, 2026 at 3:40:00 PM UTC","October 1, 2026 at 4:50:00 PM UTC","petrol station","https://trends.google.com/trends/explore?q=petrol%20station&geo=US&hl=en-US"
"earthquake south lake tahoe","1K+","October 2, 2026 at 10:00:00 AM UTC","October 2, 2026 at 11:10:00 AM UTC","earthquake south lake tahoe,earthquake","https://trends.google.com/trends/explore?q=earthquake%20south%20lake%20tahoe&geo=US&hl=en-US"
"f1 results today","200+","October 4, 2026 at 11:10:00 AM UTC","October 4, 2026 at 12:40:00 PM UTC","f1 results today","https://trends.google.com/trends/explore?q=f1%20results%20today&geo=US&hl=en-US"
"target acotar","1K+","October 2, 2026 at 7:40:00 PM UTC","October 2, 2026 at 8:50:00 PM UTC","target acotar","https://trends.google.com/trends/explore?q=target%20acotar&geo=US&hl=en-US"
"wow forever patch notes","1K+","October 1, 2026 at 11:10:00 PM UTC","October 2, 2026 at 12:20:00 AM UTC","wow forever patch notes","https://trends.google.com/trends/explore?q=wow%20forever%20patch%20notes&geo=US&hl=en-US"
"witney carson husband","200+","October 7, 2026 at 1:30:00 AM UTC","October 7, 2026 at 2:00:00 AM UTC","witney carson husband","https://trends.google.com/trends/explore?q=witney%20carson%20husband&geo=US&hl=en-US"
"afc south","500+","October 4, 2026 at 8:40:00 PM UTC","October 4, 2026 at 9:20:00 PM UTC","afc south","https://trends.google.com/trends/explore?q=afc%20south&geo=US&hl=en-US"
"ptc","500+","October 5, 2026 at 1:30:00 PM UTC","October 5, 2026 at 2:10:00 PM UTC","ptc","https://trends.google.com/trends/explore?q=ptc&geo=US&hl=en-US"
"mauricio dubon","500+","October 5, 2026 at 12:40:00 AM UTC","October 5, 2026 at 1:20:00 AM UTC","mauricio dubon","https://trends.google.com/trends/explore?q=mauricio%20dubon&geo=US&hl=en-US"
"playstation plus essential","200+","October 5, 2026 at 11:20:00 AM UTC","October 5, 2026 at 12:30:00 PM UTC","playstation plus essential","https://trends.google.com/trends/explore?q=playstation%20plus%20essential&geo=US&hl=en-US"
"lightning game","500+","October 4, 2026 at 1:20:00 AM UTC","October 4, 2026 at 2:20:00 AM UTC","lightning game","https://trends.google.com/trends/explore?q=lightning%20game&geo=US&hl=en-US"
"is traitors on tonight","1K+","October 2, 2026 at 12:00:00 AM UTC","October 2, 2026 at 1:10:00 AM UTC","is traitors on tonight","https://trends.google.com/trends/explore?q=is%20traitors%20on%20tonight&geo=US&hl=en-US"
"ruby rose katy perry","1K+","October 2, 2026 at 1:40:00 AM UTC","October 2, 2026 at 2:40:00 AM UTC","ruby rose katy perry","https://trends.google.com/trends/explore?q=ruby%20rose%20katy%20perry&geo=US&hl=en-US"
"sean mcdermott","500+","October 4, 2026 at 8:10:00 PM UTC","October 4, 2026 at 8:50:00 PM UTC","sean mcdermott","https://trends.google.com/trends/explore?q=sean%20mcdermott&geo=US&hl=en-US"
"acn stock","2K+","October 1, 2026 at 1:40:00 PM UTC","October 1, 2026 at 2:50:00 PM UTC","acn stock,accenture stock","https://trends.google.com/trends/explore?q=acn%20stock&geo=US&hl=en-US"
"apple tv","500+","October 3, 2026 at 8:10:00 AM UTC","October 3, 2026 at 9:10:00 AM UTC","apple tv,netflix movies","https://trends.google.com/trends/explore?q=apple%20tv&geo=US&hl=en-US"
"luis lara","500+","October 4, 2026 at 2:00:00 AM UTC","October 4, 2026 at 2:50:00 AM UTC","luis lara","https://trends.google.com/trends/explore?q=luis%20lara&geo=US&hl=en-US"
"ben kindel","500+","October 6, 2026 at 1:40:00 AM UTC","October 6, 2026 at 2:10:00 AM UTC","ben kindel","https://trends.google.com/trends/explore?q=ben%20kindel&geo=US&hl=en-US"
"luke evangelista","200+","October 7, 2026 at 12:30:00 AM UTC","October 7, 2026 at 1:00:00 AM UTC","luke evangelista","https://trends.google.com/trends/explore?q=luke%20evangelista&geo=US&hl=en-US"
"são paulo - santos","1K+","October 2, 2026 at 11:10:00 PM UTC","October 3, 2026 at 12:10:00 AM UTC","são paulo - santos","https://trends.google.com/trends/explore?q=s%C3%A3o%20paulo%20-%20santos&geo=US&hl=en-US"
"jasmine paolini","500+","October 2, 2026 at 6:40:00 AM UTC","October 2, 2026 at 8:50:00 AM UTC","jasmine paolini","https://trends.google.com/trends/explore?q=jasmine%20paolini&geo=US&hl=en-US"
"desmond howard","1K+","October 3, 2026 at 4:10:00 PM UTC","October 3, 2026 at 5:00:00 PM UTC","desmond howard","https://trends.google.com/trends/explore?q=desmond%20howard&geo=US&hl=en-US"
"russia vs namibia","500+","October 3, 2026 at 3:30:00 PM UTC","October 3, 2026 at 4:30:00 PM UTC","russia vs namibia","https://trends.google.com/trends/explore?q=russia%20vs%20namibia&geo=US&hl=en-US"
"anshul kamboj","500+","October 3, 2026 at 12:00:00 PM UTC","October 3, 2026 at 1:20:00 PM UTC","anshul kamboj","https://trends.google.com/trends/explore?q=anshul%20kamboj&geo=US&hl=en-US"
"billy crystal","1K+","October 1, 2026 at 11:40:00 PM UTC","October 2, 2026 at 12:40:00 AM UTC","billy crystal","https://trends.google.com/trends/explore?q=billy%20crystal&geo=US&hl=en-US"
"barack obama","100+","October 7, 2026 at 10:50:00 AM UTC","October 7, 2026 at 11:30:00 AM UTC","barack obama","https://trends.google.com/trends/explore?q=barack%20obama&geo=US&hl=en-US"
"lito sousa","1K+","October 1, 2026 at 10:10:00 PM UTC","October 1, 2026 at 11:20:00 PM UTC","lito sousa","https://trends.google.com/trends/explore?q=lito%20sousa&geo=US&hl=en-US"
"germie bernard","1K+","October 2, 2026 at 3:20:00 AM UTC","October 2, 2026 at 4:30:00 AM UTC","germie bernard","https://trends.google.com/trends/explore?q=germie%20bernard&geo=US&hl=en-US"
"spacex launch today","1K+","October 1, 2026 at 3:10:00 PM UTC","October 1, 2026 at 4:00:00 PM UTC","spacex launch today","https://trends.google.com/trends/explore?q=spacex%20launch%20today&geo=US&hl=en-US"
"djia today","500+","October 5, 2026 at 2:10:00 PM UTC","October 5, 2026 at 2:50:00 PM UTC","djia today","https://trends.google.com/trends/explore?q=djia%20today&geo=US&hl=en-US"
"erin burnett","1K+","October 2, 2026 at 11:50:00 PM UTC","October 3, 2026 at 12:40:00 AM UTC","erin burnett","https://trends.google.com/trends/explore?q=erin%20burnett&geo=US&hl=en-US"
"eric schmitt senate","1K+","October 1, 2026 at 2:50:00 PM UTC","October 1, 2026 at 4:00:00 PM UTC","eric schmitt senate","https://trends.google.com/trends/explore?q=eric%20schmitt%20senate&geo=US&hl=en-US"
"nobu","200+","October 7, 2026 at 3:40:00 AM UTC","October 7, 2026 at 4:10:00 AM UTC","nobu","https://trends.google.com/trends/explore?q=nobu&geo=US&hl=en-US"
"allison janney","500+","October 3, 2026 at 4:50:00 PM UTC","October 3, 2026 at 5:40:00 PM UTC","allison janney","https://trends.google.com/trends/explore?q=allison%20janney&geo=US&hl=en-US"
"uribe brewers","500+","October 4, 2026 at 3:00:00 AM UTC","October 4, 2026 at 4:00:00 AM UTC","uribe brewers","https://trends.google.com/trends/explore?q=uribe%20brewers&geo=US&hl=en-US"
"boyd avenue","500+","October 2, 2026 at 10:20:00 AM UTC","October 2, 2026 at 12:10:00 PM UTC","boyd avenue","https://trends.google.com/trends/explore?q=boyd%20avenue&geo=US&hl=en-US"
"samuel alito","500+","October 2, 2026 at 11:50:00 PM UTC","October 3, 2026 at 12:50:00 AM UTC","samuel alito","https://trends.google.com/trends/explore?q=samuel%20alito&geo=US&hl=en-US"
"man city vs real madrid","1K+","October 1, 2026 at 6:50:00 PM UTC","October 1, 2026 at 7:50:00 PM UTC","man city vs real madrid","https://trends.google.com/trends/explore?q=man%20city%20vs%20real%20madrid&geo=US&hl=en-US"
"cybersecurity tips","200+","October 5, 2026 at 6:50:00 AM UTC","October 5, 2026 at 7:40:00 AM UTC","cybersecurity tips","https://trends.google.com/trends/explore?q=cybersecurity%20tips&geo=US&hl=en-US"
"mad sandhu","500+","October 3, 2026 at 3:50:00 PM UTC","October 3, 2026 at 5:00:00 PM UTC","mad sandhu","https://trends.google.com/trends/explore?q=mad%20sandhu&geo=US&hl=en-US"
"alim mcneill","1K+","October 5, 2026 at 1:10:00 AM UTC","October 5, 2026 at 1:40:00 AM UTC","alim mcneill","https://trends.google.com/trends/explore?q=alim%20mcneill&geo=US&hl=en-US"
"fundraiser","500+","October 2, 2026 at 9:20:00 AM UTC","October 2, 2026 at 11:10:00 AM UTC","fundraiser","https://trends.google.com/trends/explore?q=fundraiser&geo=US&hl=en-US"
"aftershock 2026","1K+","October 2, 2026 at 5:00:00 AM UTC","October 2, 2026 at 6:30:00 AM UTC","aftershock 2026","https://trends.google.com/trends/explore?q=aftershock%202026&geo=US&hl=en-US"
"cyprus vs armenia","500+","October 2, 2026 at 4:20:00 PM UTC","October 2, 2026 at 5:30:00 PM UTC","cyprus vs armenia","https://trends.google.com/trends/explore?q=cyprus%20vs%20armenia&geo=US&hl=en-US"
"victoria principal","500+","October 4, 2026 at 4:20:00 AM UTC","October 4, 2026 at 5:20:00 AM UTC","victoria principal","https://trends.google.com/trends/explore?q=victoria%20principal&geo=US&hl=en-US"
"simon andriesz death","200+","October 5, 2026 at 11:40:00 AM UTC","October 5, 2026 at 12:30:00 PM UTC","simon andriesz death","https://trends.google.com/trends/explore?q=simon%20andriesz%20death&geo=US&hl=en-US"
"todays weather","200+","October 5, 2026 at 10:20:00 AM UTC","October 5, 2026 at 11:30:00 AM UTC","todays weather","https://trends.google.com/trends/explore?q=todays%20weather&geo=US&hl=en-US"
"jack sabbath","500+","October 3, 2026 at 7:30:00 PM UTC","October 3, 2026 at 8:20:00 PM UTC","jack sabbath","https://trends.google.com/trends/explore?q=jack%20sabbath&geo=US&hl=en-US"
"jordan 16 black pack","500+","October 3, 2026 at 2:00:00 PM UTC","October 3, 2026 at 3:10:00 PM UTC","jordan 16 black pack","https://trends.google.com/trends/explore?q=jordan%2016%20black%20pack&geo=US&hl=en-US"
"justina shiroka pula","200+","October 6, 2026 at 10:50:00 PM UTC","October 6, 2026 at 11:20:00 PM UTC","justina shiroka pula","https://trends.google.com/trends/explore?q=justina%20shiroka%20pula&geo=US&hl=en-US"
"katie thurston","500+","October 6, 2026 at 2:40:00 AM UTC","October 6, 2026 at 3:10:00 AM UTC","katie thurston","https://trends.google.com/trends/explore?q=katie%20thurston&geo=US&hl=en-US"
"robot","500+","October 2, 2026 at 8:00:00 PM UTC","October 2, 2026 at 9:00:00 PM UTC","robot","https://trends.google.com/trends/explore?q=robot&geo=US&hl=en-US"
"dengue","200+","October 5, 2026 at 10:30:00 AM UTC","October 5, 2026 at 11:40:00 AM UTC","dengue","https://trends.google.com/trends/explore?q=dengue&geo=US&hl=en-US"
"daniil medvedev","500+","October 2, 2026 at 7:40:00 AM UTC","October 2, 2026 at 9:30:00 AM UTC","daniil medvedev","https://trends.google.com/trends/explore?q=daniil%20medvedev&geo=US&hl=en-US"
"bradley cooper","1K+","October 1, 2026 at 10:50:00 PM UTC","October 2, 2026 at 12:00:00 AM UTC","bradley cooper","https://trends.google.com/trends/explore?q=bradley%20cooper&geo=US&hl=en-US"
"club friendlies","500+","October 2, 2026 at 4:00:00 AM UTC","October 2, 2026 at 5:30:00 AM UTC","club friendlies","https://trends.google.com/trends/explore?q=club%20friendlies&geo=US&hl=en-US"
"ivory coast vs cameroon","500+","October 3, 2026 at 7:40:00 PM UTC","October 3, 2026 at 8:30:00 PM UTC","ivory coast vs cameroon","https://trends.google.com/trends/explore?q=ivory%20coast%20vs%20cameroon&geo=US&hl=en-US"
"michael smith trailer park boys","1K+","October 1, 2026 at 3:00:00 PM UTC","October 1, 2026 at 4:00:00 PM UTC","michael smith trailer park boys","https://trends.google.com/trends/explore?q=michael%20smith%20trailer%20park%20boys&geo=US&hl=en-US"
"luciano darderi","200+","October 2, 2026 at 8:10:00 AM UTC","October 2, 2026 at 10:10:00 AM UTC","luciano darderi","https://trends.google.com/trends/explore?q=luciano%20darderi&geo=US&hl=en-US"
"eli raridon","500+","October 3, 2026 at 10:50:00 PM UTC","October 3, 2026 at 11:40:00 PM UTC","eli raridon","https://trends.google.com/trends/explore?q=eli%20raridon&geo=US&hl=en-US"
"long island","500+","October 2, 2026 at 11:50:00 PM UTC","October 3, 2026 at 12:50:00 AM UTC","long island","https://trends.google.com/trends/explore?q=long%20island&geo=US&hl=en-US"
"tyson campbell","500+","October 2, 2026 at 3:20:00 AM UTC","October 2, 2026 at 4:30:00 AM UTC","tyson campbell","https://trends.google.com/trends/explore?q=tyson%20campbell&geo=US&hl=en-US"
"abdul samad","200+","October 3, 2026 at 7:30:00 AM UTC","October 3, 2026 at 8:50:00 AM UTC","abdul samad","https://trends.google.com/trends/explore?q=abdul%20samad&geo=US&hl=en-US"
"trump impact senate midterms gop","500+","October 2, 2026 at 1:40:00 PM UTC","October 2, 2026 at 2:40:00 PM UTC","trump impact senate midterms gop","https://trends.google.com/trends/explore?q=trump%20impact%20senate%20midterms%20gop&geo=US&hl=en-US"
"tom brady","1K+","October 2, 2026 at 3:20:00 AM UTC","October 2, 2026 at 4:00:00 AM UTC","tom brady","https://trends.google.com/trends/explore?q=tom%20brady&geo=US&hl=en-US"
"marvel television","500+","October 2, 2026 at 5:00:00 PM UTC","October 2, 2026 at 6:00:00 PM UTC","marvel television","https://trends.google.com/trends/explore?q=marvel%20television&geo=US&hl=en-US"
"chris martin","500+","October 4, 2026 at 4:10:00 AM UTC","October 4, 2026 at 5:00:00 AM UTC","chris martin","https://trends.google.com/trends/explore?q=chris%20martin&geo=US&hl=en-US"
"shannon bream","200+","October 4, 2026 at 12:00:00 PM UTC","October 4, 2026 at 1:10:00 PM UTC","shannon bream","https://trends.google.com/trends/explore?q=shannon%20bream&geo=US&hl=en-US"
"denise brown","1K+","October 2, 2026 at 11:10:00 PM UTC","October 2, 2026 at 11:50:00 PM UTC","denise brown","https://trends.google.com/trends/explore?q=denise%20brown&geo=US&hl=en-US"
"cargo aircraft","200+","October 2, 2026 at 9:20:00 AM UTC","October 2, 2026 at 11:20:00 AM UTC","cargo aircraft","https://trends.google.com/trends/explore?q=cargo%20aircraft&geo=US&hl=en-US"
"idaho state football","500+","October 4, 2026 at 2:50:00 AM UTC","October 4, 2026 at 3:40:00 AM UTC","idaho state football","https://trends.google.com/trends/explore?q=idaho%20state%20football&geo=US&hl=en-US"
"rico scott","500+","October 3, 2026 at 6:50:00 PM UTC","October 3, 2026 at 7:30:00 PM UTC","rico scott","https://trends.google.com/trends/explore?q=rico%20scott&geo=US&hl=en-US"
"jessica shepard","500+","October 3, 2026 at 3:00:00 AM UTC","October 3, 2026 at 4:00:00 AM UTC","jessica shepard","https://trends.google.com/trends/explore?q=jessica%20shepard&geo=US&hl=en-US"
"dobbs decision","200+","October 4, 2026 at 12:00:00 PM UTC","October 4, 2026 at 1:10:00 PM UTC","dobbs decision","https://trends.google.com/trends/explore?q=dobbs%20decision&geo=US&hl=en-US"
"jon ossoff","200+","October 7, 2026 at 12:10:00 AM UTC","October 7, 2026 at 12:30:00 AM UTC","jon ossoff","https://trends.google.com/trends/explore?q=jon%20ossoff&geo=US&hl=en-US"
"premier league fixtures","200+","October 3, 2026 at 9:40:00 AM UTC","October 3, 2026 at 11:00:00 AM UTC","premier league fixtures","https://trends.google.com/trends/explore?q=premier%20league%20fixtures&geo=US&hl=en-US"
"artificial intelligence","500+","October 3, 2026 at 6:00:00 PM UTC","October 3, 2026 at 6:50:00 PM UTC","artificial intelligence","https://trends.google.com/trends/explore?q=artificial%20intelligence&geo=US&hl=en-US"
"maliek collins","1K+","October 2, 2026 at 12:50:00 AM UTC","October 2, 2026 at 1:40:00 AM UTC","maliek collins","https://trends.google.com/trends/explore?q=maliek%20collins&geo=US&hl=en-US"
"elizabeth hurley","500+","October 1, 2026 at 12:20:00 PM UTC","October 1, 2026 at 1:20:00 PM UTC","elizabeth hurley","https://trends.google.com/trends/explore?q=elizabeth%20hurley&geo=US&hl=en-US"
"kelly ripa","500+","October 2, 2026 at 1:50:00 PM UTC","October 2, 2026 at 2:40:00 PM UTC","kelly ripa","https://trends.google.com/trends/explore?q=kelly%20ripa&geo=US&hl=en-US"
"selma blair","500+","October 4, 2026 at 1:30:00 PM UTC","October 4, 2026 at 2:10:00 PM UTC","selma blair","https://trends.google.com/trends/explore?q=selma%20blair&geo=US&hl=en-US"
"mendoza","500+","October 4, 2026 at 9:10:00 PM UTC","October 4, 2026 at 9:40:00 PM UTC","mendoza","https://trends.google.com/trends/explore?q=mendoza&geo=US&hl=en-US"
"clara tauson","200+","October 2, 2026 at 7:50:00 AM UTC","October 2, 2026 at 9:40:00 AM UTC","clara tauson","https://trends.google.com/trends/explore?q=clara%20tauson&geo=US&hl=en-US"
"mastantuono","200+","October 7, 2026 at 1:50:00 AM UTC","October 7, 2026 at 2:10:00 AM UTC","mastantuono","https://trends.google.com/trends/explore?q=mastantuono&geo=US&hl=en-US"
"carl yastrzemski","1K+","October 2, 2026 at 12:50:00 AM UTC","October 2, 2026 at 1:40:00 AM UTC","carl yastrzemski","https://trends.google.com/trends/explore?q=carl%20yastrzemski&geo=US&hl=en-US"
"premier league fixtures","200+","October 5, 2026 at 6:50:00 AM UTC","October 5, 2026 at 7:40:00 AM UTC","premier league fixtures","https://trends.google.com/trends/explore?q=premier%20league%20fixtures&geo=US&hl=en-US"
"william shatner","500+","October 3, 2026 at 2:50:00 AM UTC","October 3, 2026 at 3:40:00 AM UTC","william shatner","https://trends.google.com/trends/explore?q=william%20shatner&geo=US&hl=en-US"
"république dominicaine – haïti","1K+","October 2, 2026 at 12:20:00 AM UTC","October 2, 2026 at 1:10:00 AM UTC","république dominicaine – haïti","https://trends.google.com/trends/explore?q=r%C3%A9publique%20dominicaine%20%E2%80%93%20ha%C3%AFti&geo=US&hl=en-US"
"tnt","500+","October 4, 2026 at 2:20:00 AM UTC","October 4, 2026 at 3:00:00 AM UTC","tnt","https://trends.google.com/trends/explore?q=tnt&geo=US&hl=en-US"
"e85","200+","October 4, 2026 at 12:20:00 PM UTC","October 4, 2026 at 2:30:00 PM UTC","e85","https://trends.google.com/trends/explore?q=e85&geo=US&hl=en-US"
"mauricio dubón","500+","October 5, 2026 at 12:50:00 AM UTC","October 5, 2026 at 1:20:00 AM UTC","mauricio dubón","https://trends.google.com/trends/explore?q=mauricio%20dub%C3%B3n&geo=US&hl=en-US"
"department of treasury","200+","October 3, 2026 at 12:30:00 PM UTC","October 3, 2026 at 1:30:00 PM UTC","department of treasury","https://trends.google.com/trends/explore?q=department%20of%20treasury&geo=US&hl=en-US"
"utah royals fc vs racing louisville","500+","October 3, 2026 at 8:00:00 PM UTC","October 3, 2026 at 8:40:00 PM UTC","utah royals fc vs racing louisville","https://trends.google.com/trends/explore?q=utah%20royals%20fc%20vs%20racing%20louisville&geo=US&hl=en-US"
"john f kennedy center for the performing arts","500+","October 2, 2026 at 12:00:00 AM UTC","October 2, 2026 at 1:00:00 AM UTC","john f kennedy center for the performing arts","https://trends.google.com/trends/explore?q=john%20f%20kennedy%20center%20for%20the%20performing%20arts&geo=US&hl=en-US"
"florida rank college football playoff","500+","October 1, 2026 at 11:10:00 PM UTC","October 2, 2026 at 12:00:00 AM UTC","florida rank college football playoff","https://trends.google.com/trends/explore?q=florida%20rank%20college%20football%20playoff&geo=US&hl=en-US"
"dave roberts","200+","October 6, 2026 at 11:40:00 PM UTC","October 7, 2026 at 12:00:00 AM UTC","dave roberts","https://trends.google.com/trends/explore?q=dave%20roberts&geo=US&hl=en-US"
"kenneth gainwell","500+","October 4, 2026 at 7:50:00 PM UTC","October 4, 2026 at 8:20:00 PM UTC","kenneth gainwell","https://trends.google.com/trends/explore?q=kenneth%20gainwell&geo=US&hl=en-US"
"lamar jackson stats","500+","October 4, 2026 at 4:50:00 PM UTC","October 4, 2026 at 7:50:00 PM UTC","lamar jackson stats","https://trends.google.com/trends/explore?q=lamar%20jackson%20stats&geo=US&hl=en-US"
"jaime pressly","500+","October 1, 2026 at 11:50:00 PM UTC","October 2, 2026 at 12:40:00 AM UTC","jaime pressly","https://trends.google.com/trends/explore?q=jaime%20pressly&geo=US&hl=en-US"
"amelia earhart","500+","October 2, 2026 at 11:30:00 AM UTC","October 2, 2026 at 12:40:00 PM UTC","amelia earhart","https://trends.google.com/trends/explore?q=amelia%20earhart&geo=US&hl=en-US"
"fred warner","500+","October 4, 2026 at 11:00:00 PM UTC","October 4, 2026 at 11:30:00 PM UTC","fred warner","https://trends.google.com/trends/explore?q=fred%20warner&geo=US&hl=en-US"
"naman dhir","200+","October 3, 2026 at 11:20:00 AM UTC","October 3, 2026 at 12:30:00 PM UTC","naman dhir","https://trends.google.com/trends/explore?q=naman%20dhir&geo=US&hl=en-US"
"hubert hurkacz","200+","October 5, 2026 at 10:10:00 AM UTC","October 5, 2026 at 11:10:00 AM UTC","hubert hurkacz","https://trends.google.com/trends/explore?q=hubert%20hurkacz&geo=US&hl=en-US"
"dennis rodman","1K+","October 2, 2026 at 1:50:00 AM UTC","October 2, 2026 at 2:30:00 AM UTC","dennis rodman","https://trends.google.com/trends/explore?q=dennis%20rodman&geo=US&hl=en-US"
"mehmet oz","500+","October 4, 2026 at 7:10:00 PM UTC","October 4, 2026 at 7:40:00 PM UTC","mehmet oz","https://trends.google.com/trends/explore?q=mehmet%20oz&geo=US&hl=en-US"
"home depot sweater","500+","October 1, 2026 at 3:00:00 PM UTC","October 1, 2026 at 3:50:00 PM UTC","home depot sweater","https://trends.google.com/trends/explore?q=home%20depot%20sweater&geo=US&hl=en-US"
"coffee shops near me","200+","October 2, 2026 at 7:50:00 AM UTC","October 2, 2026 at 9:00:00 AM UTC","coffee shops near me","https://trends.google.com/trends/explore?q=coffee%20shops%20near%20me&geo=US&hl=en-US"
"texas vs oklahoma","500+","October 3, 2026 at 8:00:00 PM UTC","October 3, 2026 at 8:40:00 PM UTC","texas vs oklahoma","https://trends.google.com/trends/explore?q=texas%20vs%20oklahoma&geo=US&hl=en-US"
"lori loughlin","500+","October 6, 2026 at 1:50:00 AM UTC","October 6, 2026 at 2:10:00 AM UTC","lori loughlin","https://trends.google.com/trends/explore?q=lori%20loughlin&geo=US&hl=en-US"
"end of abyss","500+","October 2, 2026 at 12:20:00 AM UTC","October 2, 2026 at 1:10:00 AM UTC","end of abyss","https://trends.google.com/trends/explore?q=end%20of%20abyss&geo=US&hl=en-US"
"fiscal year 2027 green card changes","500+","October 1, 2026 at 11:50:00 PM UTC","October 2, 2026 at 12:40:00 AM UTC","fiscal year 2027 green card changes","https://trends.google.com/trends/explore?q=fiscal%20year%202027%20green%20card%20changes&geo=US&hl=en-US"
"jon stewart","500+","October 3, 2026 at 4:10:00 AM UTC","October 3, 2026 at 4:50:00 AM UTC","jon stewart","https://trends.google.com/trends/explore?q=jon%20stewart&geo=US&hl=en-US"
"marshawn lynch","500+","October 2, 2026 at 3:00:00 AM UTC","October 2, 2026 at 3:50:00 AM UTC","marshawn lynch","https://trends.google.com/trends/explore?q=marshawn%20lynch&geo=US&hl=en-US"
"john oliver","500+","October 2, 2026 at 4:10:00 AM UTC","October 2, 2026 at 5:00:00 AM UTC","john oliver","https://trends.google.com/trends/explore?q=john%20oliver&geo=US&hl=en-US"
"stefanos tsitsipas","500+","October 2, 2026 at 5:30:00 AM UTC","October 2, 2026 at 6:30:00 AM UTC","stefanos tsitsipas","https://trends.google.com/trends/explore?q=stefanos%20tsitsipas&geo=US&hl=en-US"
"kyle maclachlan","500+","October 2, 2026 at 12:50:00 PM UTC","October 2, 2026 at 1:30:00 PM UTC","kyle maclachlan","https://trends.google.com/trends/explore?q=kyle%20maclachlan&geo=US&hl=en-US"
"zelda master collection","1K+","October 1, 2026 at 8:00:00 PM UTC","October 1, 2026 at 8:40:00 PM UTC","zelda master collection","https://trends.google.com/trends/explore?q=zelda%20master%20collection&geo=US&hl=en-US"
"giant","200+","October 5, 2026 at 7:50:00 AM UTC","October 5, 2026 at 8:30:00 AM UTC","giant","https://trends.google.com/trends/explore?q=giant&geo=US&hl=en-US"
"mason rudolph","500+","October 2, 2026 at 3:10:00 AM UTC","October 2, 2026 at 3:50:00 AM UTC","mason rudolph","https://trends.google.com/trends/explore?q=mason%20rudolph&geo=US&hl=en-US"
"fantasy footballers","200+","October 4, 2026 at 1:10:00 PM UTC","October 4, 2026 at 1:50:00 PM UTC","fantasy footballers","https://trends.google.com/trends/explore?q=fantasy%20footballers&geo=US&hl=en-US"
"google fitbit edge","100+","October 5, 2026 at 7:40:00 AM UTC","October 5, 2026 at 8:40:00 AM UTC","google fitbit edge","https://trends.google.com/trends/explore?q=google%20fitbit%20edge&geo=US&hl=en-US"
"deportivo cali - alianza","500+","October 3, 2026 at 12:50:00 AM UTC","October 3, 2026 at 1:30:00 AM UTC","deportivo cali - alianza","https://trends.google.com/trends/explore?q=deportivo%20cali%20-%20alianza&geo=US&hl=en-US"
"nushrat bharucha","200+","October 3, 2026 at 8:20:00 AM UTC","October 3, 2026 at 9:50:00 AM UTC","nushrat bharucha","https://trends.google.com/trends/explore?q=nushrat%20bharucha&geo=US&hl=en-US"
"spencer jones","1K+","October 3, 2026 at 11:40:00 PM UTC","October 4, 2026 at 12:00:00 AM UTC","spencer jones","https://trends.google.com/trends/explore?q=spencer%20jones&geo=US&hl=en-US"
"herm edwards","200+","October 4, 2026 at 1:00:00 PM UTC","October 4, 2026 at 1:50:00 PM UTC","herm edwards","https://trends.google.com/trends/explore?q=herm%20edwards&geo=US&hl=en-US"
"ms rachel","500+","October 2, 2026 at 11:40:00 AM UTC","October 2, 2026 at 12:40:00 PM UTC","ms rachel","https://trends.google.com/trends/explore?q=ms%20rachel&geo=US&hl=en-US"
"rumble","100+","October 7, 2026 at 10:10:00 AM UTC","October 7, 2026 at 10:30:00 AM UTC","rumble","https://trends.google.com/trends/explore?q=rumble&geo=US&hl=en-US"
"elecciones intermedias en los estados unidos","500+","October 4, 2026 at 4:00:00 PM UTC","October 4, 2026 at 4:30:00 PM UTC","elecciones intermedias en los estados unidos","https://trends.google.com/trends/explore?q=elecciones%20intermedias%20en%20los%20estados%20unidos&geo=US&hl=en-US"
"alex vesia","500+","October 3, 2026 at 11:00:00 PM UTC","October 3, 2026 at 11:30:00 PM UTC","alex vesia","https://trends.google.com/trends/explore?q=alex%20vesia&geo=US&hl=en-US"
"earthquake near me","200+","October 2, 2026 at 10:00:00 AM UTC","October 2, 2026 at 11:10:00 AM UTC","earthquake near me","https://trends.google.com/trends/explore?q=earthquake%20near%20me&geo=US&hl=en-US"
"rat king deadlock","500+","October 2, 2026 at 9:50:00 PM UTC","October 2, 2026 at 10:20:00 PM UTC","rat king deadlock","https://trends.google.com/trends/explore?q=rat%20king%20deadlock&geo=US&hl=en-US"
"cooper kupp","500+","October 4, 2026 at 10:20:00 PM UTC","October 4, 2026 at 10:40:00 PM UTC","cooper kupp","https://trends.google.com/trends/explore?q=cooper%20kupp&geo=US&hl=en-US"
"corey day","500+","October 4, 2026 at 2:20:00 AM UTC","October 4, 2026 at 2:50:00 AM UTC","corey day","https://trends.google.com/trends/explore?q=corey%20day&geo=US&hl=en-US"
"sony ps5 pro","500+","October 1, 2026 at 3:00:00 PM UTC","October 1, 2026 at 3:40:00 PM UTC","sony ps5 pro","https://trends.google.com/trends/explore?q=sony%20ps5%20pro&geo=US&hl=en-US"
"rodri","500+","October 3, 2026 at 8:00:00 PM UTC","October 3, 2026 at 8:30:00 PM UTC","rodri","https://trends.google.com/trends/explore?q=rodri&geo=US&hl=en-US"
"ford","1K+","October 1, 2026 at 9:10:00 PM UTC","October 1, 2026 at 9:50:00 PM UTC","ford","https://trends.google.com/trends/explore?q=ford&geo=US&hl=en-US"
"fran garcía","500+","October 3, 2026 at 7:20:00 PM UTC","October 3, 2026 at 7:50:00 PM UTC","fran garcía","https://trends.google.com/trends/explore?q=fran%20garc%C3%ADa&geo=US&hl=en-US"
"quentin tarantino","200+","October 4, 2026 at 2:20:00 PM UTC","October 4, 2026 at 2:50:00 PM UTC","quentin tarantino","https://trends.google.com/trends/explore?q=quentin%20tarantino&geo=US&hl=en-US"
"bradgley rodríguez","500+","October 4, 2026 at 2:20:00 AM UTC","October 4, 2026 at 2:50:00 AM UTC","bradgley rodríguez","https://trends.google.com/trends/explore?q=bradgley%20rodr%C3%ADguez&geo=US&hl=en-US"
"alex rodriguez","500+","October 5, 2026 at 4:10:00 AM UTC","October 5, 2026 at 4:30:00 AM UTC","alex rodriguez","https://trends.google.com/trends/explore?q=alex%20rodriguez&geo=US&hl=en-US"
"malik washington","500+","October 4, 2026 at 11:00:00 PM UTC","October 4, 2026 at 11:20:00 PM UTC","malik washington","https://trends.google.com/trends/explore?q=malik%20washington&geo=US&hl=en-US"
"truck driver","200+","October 4, 2026 at 11:30:00 AM UTC","October 4, 2026 at 12:00:00 PM UTC","truck driver","https://trends.google.com/trends/explore?q=truck%20driver&geo=US&hl=en-US"
"milwaukee weather","500+","October 4, 2026 at 4:40:00 AM UTC","October 4, 2026 at 5:10:00 AM UTC","milwaukee weather","https://trends.google.com/trends/explore?q=milwaukee%20weather&geo=US&hl=en-US"
"saim ayub","200+","October 3, 2026 at 7:30:00 AM UTC","October 3, 2026 at 8:30:00 AM UTC","saim ayub","https://trends.google.com/trends/explore?q=saim%20ayub&geo=US&hl=en-US"
"tellez","500+","October 5, 2026 at 2:40:00 AM UTC","October 5, 2026 at 3:00:00 AM UTC","tellez","https://trends.google.com/trends/explore?q=tellez&geo=US&hl=en-US"
"polar vortex 2026","100+","October 5, 2026 at 9:40:00 AM UTC","October 5, 2026 at 10:30:00 AM UTC","polar vortex 2026","https://trends.google.com/trends/explore?q=polar%20vortex%202026&geo=US&hl=en-US"
"france – italie","500+","October 2, 2026 at 8:40:00 PM UTC","October 2, 2026 at 9:10:00 PM UTC","france – italie","https://trends.google.com/trends/explore?q=france%20%E2%80%93%20italie&geo=US&hl=en-US"
"derrick harmon","500+","October 2, 2026 at 1:40:00 AM UTC","October 2, 2026 at 2:10:00 AM UTC","derrick harmon","https://trends.google.com/trends/explore?q=derrick%20harmon&geo=US&hl=en-US"
"jordan addison","500+","October 4, 2026 at 9:00:00 PM UTC","October 4, 2026 at 9:20:00 PM UTC","jordan addison","https://trends.google.com/trends/explore?q=jordan%20addison&geo=US&hl=en-US"
"kat timpf","500+","October 1, 2026 at 11:50:00 AM UTC","October 1, 2026 at 12:40:00 PM UTC","kat timpf","https://trends.google.com/trends/explore?q=kat%20timpf&geo=US&hl=en-US"
"emergency department","200+","October 2, 2026 at 8:50:00 AM UTC","October 2, 2026 at 10:00:00 AM UTC","emergency department","https://trends.google.com/trends/explore?q=emergency%20department&geo=US&hl=en-US"
"lito","500+","October 1, 2026 at 10:20:00 PM UTC","October 1, 2026 at 10:50:00 PM UTC","lito","https://trends.google.com/trends/explore?q=lito&geo=US&hl=en-US"
"joe burrow stats","500+","October 4, 2026 at 4:50:00 PM UTC","October 4, 2026 at 5:10:00 PM UTC","joe burrow stats","https://trends.google.com/trends/explore?q=joe%20burrow%20stats&geo=US&hl=en-US"
"new york","200+","October 2, 2026 at 9:50:00 AM UTC","October 2, 2026 at 11:00:00 AM UTC","new york","https://trends.google.com/trends/explore?q=new%20york&geo=US&hl=en-US"
"sat","200+","October 3, 2026 at 11:40:00 AM UTC","October 3, 2026 at 12:20:00 PM UTC","sat","https://trends.google.com/trends/explore?q=sat&geo=US&hl=en-US"
"walmart bettergoods pasta recall","500+","October 2, 2026 at 1:20:00 PM UTC","October 2, 2026 at 2:00:00 PM UTC","walmart bettergoods pasta recall","https://trends.google.com/trends/explore?q=walmart%20bettergoods%20pasta%20recall&geo=US&hl=en-US"
"zach galifianakis","200+","October 2, 2026 at 5:00:00 AM UTC","October 2, 2026 at 10:50:00 AM UTC","zach galifianakis","https://trends.google.com/trends/explore?q=zach%20galifianakis&geo=US&hl=en-US"
"mark redman","500+","October 4, 2026 at 7:20:00 PM UTC","October 4, 2026 at 7:40:00 PM UTC","mark redman","https://trends.google.com/trends/explore?q=mark%20redman&geo=US&hl=en-US"
"seth meyers","500+","October 2, 2026 at 4:20:00 AM UTC","October 2, 2026 at 5:00:00 AM UTC","seth meyers","https://trends.google.com/trends/explore?q=seth%20meyers&geo=US&hl=en-US"
"angie nixon","200+","October 2, 2026 at 11:00:00 AM UTC","October 2, 2026 at 12:00:00 PM UTC","angie nixon","https://trends.google.com/trends/explore?q=angie%20nixon&geo=US&hl=en-US"
"roger rogoff us attorney lawsuit","500+","October 1, 2026 at 8:00:00 PM UTC","October 1, 2026 at 8:30:00 PM UTC","roger rogoff us attorney lawsuit","https://trends.google.com/trends/explore?q=roger%20rogoff%20us%20attorney%20lawsuit&geo=US&hl=en-US"
"canucks","500+","October 2, 2026 at 4:50:00 AM UTC","October 2, 2026 at 5:30:00 AM UTC","canucks","https://trends.google.com/trends/explore?q=canucks&geo=US&hl=en-US"
"robert spears-jennings","500+","October 2, 2026 at 3:30:00 AM UTC","October 2, 2026 at 4:00:00 AM UTC","robert spears-jennings","https://trends.google.com/trends/explore?q=robert%20spears-jennings&geo=US&hl=en-US"
"deion sanders colorado dismissed players","200+","October 4, 2026 at 12:00:00 PM UTC","October 4, 2026 at 12:40:00 PM UTC","deion sanders colorado dismissed players","https://trends.google.com/trends/explore?q=deion%20sanders%20colorado%20dismissed%20players&geo=US&hl=en-US"
"fernando mendoza","1K+","October 2, 2026 at 3:30:00 AM UTC","October 2, 2026 at 3:50:00 AM UTC","fernando mendoza","https://trends.google.com/trends/explore?q=fernando%20mendoza&geo=US&hl=en-US"
"crunchyroll","200+","October 2, 2026 at 8:10:00 AM UTC","October 2, 2026 at 9:10:00 AM UTC","crunchyroll","https://trends.google.com/trends/explore?q=crunchyroll&geo=US&hl=en-US"
"mater dei football","200+","October 3, 2026 at 5:20:00 AM UTC","October 3, 2026 at 6:00:00 AM UTC","mater dei football","https://trends.google.com/trends/explore?q=mater%20dei%20football&geo=US&hl=en-US"
"julián alvarez","500+","October 4, 2026 at 2:50:00 AM UTC","October 4, 2026 at 3:10:00 AM UTC","julián alvarez","https://trends.google.com/trends/explore?q=juli%C3%A1n%20alvarez&geo=US&hl=en-US"
"antonio senzatela","500+","October 4, 2026 at 3:00:00 AM UTC","October 4, 2026 at 3:20:00 AM UTC","antonio senzatela","https://trends.google.com/trends/explore?q=antonio%20senzatela&geo=US&hl=en-US"
"yunus musah","500+","October 4, 2026 at 4:20:00 AM UTC","October 4, 2026 at 4:40:00 AM UTC","yunus musah","https://trends.google.com/trends/explore?q=yunus%20musah&geo=US&hl=en-US"
"cruise industry","500+","October 2, 2026 at 3:40:00 PM UTC","October 2, 2026 at 4:00:00 PM UTC","cruise industry","https://trends.google.com/trends/explore?q=cruise%20industry&geo=US&hl=en-US"
"jake bauers","500+","October 4, 2026 at 2:00:00 AM UTC","October 4, 2026 at 2:20:00 AM UTC","jake bauers","https://trends.google.com/trends/explore?q=jake%20bauers&geo=US&hl=en-US"
"bruins score","200+","October 4, 2026 at 11:10:00 AM UTC","October 4, 2026 at 11:40:00 AM UTC","bruins score","https://trends.google.com/trends/explore?q=bruins%20score&geo=US&hl=en-US"
"tony gonzalez","500+","October 2, 2026 at 2:40:00 AM UTC","October 2, 2026 at 3:00:00 AM UTC","tony gonzalez","https://trends.google.com/trends/explore?q=tony%20gonzalez&geo=US&hl=en-US"
"kaila charles","500+","October 3, 2026 at 3:20:00 AM UTC","October 3, 2026 at 3:40:00 AM UTC","kaila charles","https://trends.google.com/trends/explore?q=kaila%20charles&geo=US&hl=en-US"
"robert griffin iii","500+","October 3, 2026 at 4:00:00 AM UTC","October 3, 2026 at 4:20:00 AM UTC","robert griffin iii","https://trends.google.com/trends/explore?q=robert%20griffin%20iii&geo=US&hl=en-US"
"arthur gea","200+","October 2, 2026 at 12:00:00 PM UTC","October 2, 2026 at 12:30:00 PM UTC","arthur gea","https://trends.google.com/trends/explore?q=arthur%20gea&geo=US&hl=en-US"
"justin crawford","500+","October 2, 2026 at 1:50:00 AM UTC","October 2, 2026 at 2:10:00 AM UTC","justin crawford","https://trends.google.com/trends/explore?q=justin%20crawford&geo=US&hl=en-US"
"rg3","500+","October 3, 2026 at 4:00:00 AM UTC","October 3, 2026 at 4:20:00 AM UTC","rg3","https://trends.google.com/trends/explore?q=rg3&geo=US&hl=en-US"
"bahrain","100+","October 3, 2026 at 8:30:00 AM UTC","October 3, 2026 at 9:10:00 AM UTC","bahrain","https://trends.google.com/trends/explore?q=bahrain&geo=US&hl=en-US"
"meryl streep","200+","October 4, 2026 at 1:00:00 PM UTC","October 4, 2026 at 1:20:00 PM UTC","meryl streep","https://trends.google.com/trends/explore?q=meryl%20streep&geo=US&hl=en-US"
"benjamin franklin high school","200+","October 2, 2026 at 5:50:00 AM UTC","October 2, 2026 at 6:20:00 AM UTC","benjamin franklin high school","https://trends.google.com/trends/explore?q=benjamin%20franklin%20high%20school&geo=US&hl=en-US"
"wynonna judd","200+","October 1, 2026 at 11:50:00 AM UTC","October 1, 2026 at 12:20:00 PM UTC","wynonna judd","https://trends.google.com/trends/explore?q=wynonna%20judd&geo=US&hl=en-US"
"baseball playoffs","200+","October 2, 2026 at 10:50:00 AM UTC","October 2, 2026 at 11:20:00 AM UTC","baseball playoffs","https://trends.google.com/trends/explore?q=baseball%20playoffs&geo=US&hl=en-US"
"korn ferry tour","500+","October 1, 2026 at 1:00:00 PM UTC","October 1, 2026 at 1:20:00 PM UTC","korn ferry tour","https://trends.google.com/trends/explore?q=korn%20ferry%20tour&geo=US&hl=en-US"
"ind vs wi odi","100+","October 3, 2026 at 9:00:00 AM UTC","October 3, 2026 at 9:30:00 AM UTC","ind vs wi odi","https://trends.google.com/trends/explore?q=ind%20vs%20wi%20odi&geo=US&hl=en-US"
"drake","500+","October 2, 2026 at 4:50:00 AM UTC","October 2, 2026 at 5:10:00 AM UTC","drake","https://trends.google.com/trends/explore?q=drake&geo=US&hl=en-US"
"dave franco","200+","October 2, 2026 at 5:10:00 AM UTC","October 2, 2026 at 5:30:00 AM UTC","dave franco","https://trends.google.com/trends/explore?q=dave%20franco&geo=US&hl=en-US"
"kyrian jacquet","100+","October 2, 2026 at 9:00:00 AM UTC","October 2, 2026 at 9:50:00 AM UTC","kyrian jacquet","https://trends.google.com/trends/explore?q=kyrian%20jacquet&geo=US&hl=en-US"
"john wayne","100+","October 5, 2026 at 9:50:00 AM UTC","October 5, 2026 at 10:10:00 AM UTC","john wayne","https://trends.google.com/trends/explore?q=john%20wayne&geo=US&hl=en-US"
"daria snigur","100+","October 2, 2026 at 7:50:00 AM UTC","October 2, 2026 at 8:20:00 AM UTC","daria snigur","https://trends.google.com/trends/explore?q=daria%20snigur&geo=US&hl=en-US"
"scooter braun","200+","October 2, 2026 at 10:30:00 AM UTC","October 2, 2026 at 10:50:00 AM UTC","scooter braun","https://trends.google.com/trends/explore?q=scooter%20braun&geo=US&hl=en-US"
"george russell","100+","October 4, 2026 at 11:10:00 AM UTC","October 4, 2026 at 11:30:00 AM UTC","george russell","https://trends.google.com/trends/explore?q=george%20russell&geo=US&hl=en-US"
"kamilla rakhimova","100+","October 3, 2026 at 8:40:00 AM UTC","October 3, 2026 at 9:00:00 AM UTC","kamilla rakhimova","https://trends.google.com/trends/explore?q=kamilla%20rakhimova&geo=US&hl=en-US"
"flu shots near me","100+","October 2, 2026 at 9:40:00 AM UTC","October 2, 2026 at 10:00:00 AM UTC","flu shots near me","https://trends.google.com/trends/explore?q=flu%20shots%20near%20me&geo=US&hl=en-US"
"att service","100+","October 3, 2026 at 10:00:00 AM UTC","October 3, 2026 at 10:20:00 AM UTC","att service","https://trends.google.com/trends/explore?q=att%20service&geo=US&hl=en-US"
"delivery","200+","October 2, 2026 at 7:00:00 AM UTC","October 2, 2026 at 7:20:00 AM UTC","delivery","https://trends.google.com/trends/explore?q=delivery&geo=US&hl=en-US"